{"type":"FeatureCollection","crs":{"type":"name","properties":{"name":"EPSG:4326"}},"features":[{"type":"Feature","id":229601,"geometry":{"type":"Point","coordinates":[-122.350297622716,47.6599497191329]},"properties":{"OBJECTID":229601,"BUSLIC_ID":666877,"BUSLIC_LOCATION_ID":690564,"DEA_FACILITY_OWNER":null,"DEA_FACILITY_NAME":"DIAMOND PARKING  WX04","DEA_BUSINESS_CONTACT":"JONATHAN DIAMOND","DEA_BUSINESS_PHONE":"2062843100           ","DEA_FACILITY_ADDRESS":"4333 FREMONT AVE N, SEATTLE, WA 98103","DEA_STALLS":13,"FAC_NAME":"DIAMOND PARKING  WX04","HRS_MONFRI":null,"HRS_SAT":null,"HRS_SUN":null,"FAC_TYPE":null,"RTE_1HR":null,"RTE_2HR":null,"RTE_3HR":null,"RTE_ALLDAY":null,"DISABLED":null,"OP_NAME":null,"OP_PHONE":null,"OP_PHONE2":null,"OP_WEB":null,"PAYMENT_TYPE":null,"OTHER":"N","WEBNAME":null,"REGIONID":null,"OUTOFSERV":null,"VACANT":null,"STATUS":null,"DATETIME":null,"SE_ANNO_CAD_DATA":"","SIGNID":null,"GlobalID":"7fcd1c71-b271-4de5-a681-8eaeff6c1b3b"}},{"type":"Feature","id":229602,"geometry":{"type":"Point","coordinates":[-122.334041986375,47.6611810886266]},"properties":{"OBJECTID":229602,"BUSLIC_ID":574590,"BUSLIC_LOCATION_ID":625127,"DEA_FACILITY_OWNER":null,"DEA_FACILITY_NAME":"DIAMOND PARKING  WU15","DEA_BUSINESS_CONTACT":"JONATHAN DIAMOND","DEA_BUSINESS_PHONE":"2062843100           ","DEA_FACILITY_ADDRESS":"1919 N 45TH ST, SEATTLE, WA 98103","DEA_STALLS":33,"FAC_NAME":"DIAMOND PARKING  WU15","HRS_MONFRI":null,"HRS_SAT":null,"HRS_SUN":null,"FAC_TYPE":null,"RTE_1HR":null,"RTE_2HR":null,"RTE_3HR":null,"RTE_ALLDAY":null,"DISABLED":null,"OP_NAME":null,"OP_PHONE":null,"OP_PHONE2":null,"OP_WEB":null,"PAYMENT_TYPE":null,"OTHER":"N","WEBNAME":null,"REGIONID":null,"OUTOFSERV":null,"VACANT":null,"STATUS":null,"DATETIME":null,"SE_ANNO_CAD_DATA":"","SIGNID":null,"GlobalID":"6f291ea9-1202-4e04-8d2e-8378aa9d34c8"}},{"type":"Feature","id":229603,"geometry":{"type":"Point","coordinates":[-122.316928743319,47.6599827391276]},"properties":{"OBJECTID":229603,"BUSLIC_ID":732098,"BUSLIC_LOCATION_ID":738916,"DEA_FACILITY_OWNER":null,"DEA_FACILITY_NAME":"DIAMOND PARKING SERVICES WX33","DEA_BUSINESS_CONTACT":"JONATHAN DIAMOND","DEA_BUSINESS_PHONE":"2062843100           ","DEA_FACILITY_ADDRESS":"4301 11TH AVE NE, SEATTLE, WA 98105","DEA_STALLS":12,"FAC_NAME":"DIAMOND PARKING SERVICES WX33","HRS_MONFRI":null,"HRS_SAT":null,"HRS_SUN":null,"FAC_TYPE":null,"RTE_1HR":null,"RTE_2HR":null,"RTE_3HR":null,"RTE_ALLDAY":null,"DISABLED":null,"OP_NAME":null,"OP_PHONE":null,"OP_PHONE2":null,"OP_WEB":null,"PAYMENT_TYPE":null,"OTHER":"N","WEBNAME":null,"REGIONID":null,"OUTOFSERV":null,"VACANT":null,"STATUS":null,"DATETIME":null,"SE_ANNO_CAD_DATA":"","SIGNID":null,"GlobalID":"b5688e2a-ed46-46c6-832d-6bc583f1c069"}},{"type":"Feature","id":229604,"geometry":{"type":"Point","coordinates":[-122.312410851306,47.6592579168794]},"properties":{"OBJECTID":229604,"BUSLIC_ID":611676,"BUSLIC_LOCATION_ID":651564,"DEA_FACILITY_OWNER":null,"DEA_FACILITY_NAME":"UNIVERSITY BOOK STORE PARKING","DEA_BUSINESS_CONTACT":"TODD MALAN","DEA_BUSINESS_PHONE":"2066343400           ","DEA_FACILITY_ADDRESS":"4315 15TH AVE NE, SEATTLE, WA 98105","DEA_STALLS":95,"FAC_NAME":"UNIVERSITY BOOK STORE PARKING","HRS_MONFRI":null,"HRS_SAT":null,"HRS_SUN":null,"FAC_TYPE":null,"RTE_1HR":null,"RTE_2HR":null,"RTE_3HR":null,"RTE_ALLDAY":null,"DISABLED":null,"OP_NAME":null,"OP_PHONE":null,"OP_PHONE2":null,"OP_WEB":null,"PAYMENT_TYPE":null,"OTHER":"N","WEBNAME":null,"REGIONID":null,"OUTOFSERV":null,"VACANT":null,"STATUS":null,"DATETIME":null,"SE_ANNO_CAD_DATA":"","SIGNID":null,"GlobalID":"5f9c7745-4860-42d5-97aa-b36336268556"}},{"type":"Feature","id":229605,"geometry":{"type":"Point","coordinates":[-122.313995253501,47.6593792695424]},"properties":{"OBJECTID":229605,"BUSLIC_ID":57562,"BUSLIC_LOCATION_ID":52860,"DEA_FACILITY_OWNER":null,"DEA_FACILITY_NAME":"U DISTRICT PARKING LOT 3B MANOR","DEA_BUSINESS_CONTACT":null,"DEA_BUSINESS_PHONE":"2065277006           ","DEA_FACILITY_ADDRESS":"4236 BROOKLYN AVE NE, SEATTLE, WA 98105","DEA_STALLS":22,"FAC_NAME":"U DISTRICT PARKING LOT 3B MANOR","HRS_MONFRI":null,"HRS_SAT":null,"HRS_SUN":null,"FAC_TYPE":null,"RTE_1HR":null,"RTE_2HR":null,"RTE_3HR":null,"RTE_ALLDAY":null,"DISABLED":null,"OP_NAME":null,"OP_PHONE":null,"OP_PHONE2":null,"OP_WEB":null,"PAYMENT_TYPE":null,"OTHER":"N","WEBNAME":null,"REGIONID":null,"OUTOFSERV":null,"VACANT":null,"STATUS":null,"DATETIME":null,"SE_ANNO_CAD_DATA":"","SIGNID":null,"GlobalID":"b7f3e075-0b6e-45ce-9c9f-ae044619657a"}},{"type":"Feature","id":229606,"geometry":{"type":"Point","coordinates":[-122.319500867786,47.658829557999]},"properties":{"OBJECTID":229606,"BUSLIC_ID":661194,"BUSLIC_LOCATION_ID":686182,"DEA_FACILITY_OWNER":null,"DEA_FACILITY_NAME":"DIAMOND PARKING  WX01","DEA_BUSINESS_CONTACT":"JONATHAN DIAMOND","DEA_BUSINESS_PHONE":"2062843100           ","DEA_FACILITY_ADDRESS":"4244 8TH AVE NE, SEATTLE, WA 98115","DEA_STALLS":9,"FAC_NAME":"DIAMOND PARKING  WX01","HRS_MONFRI":null,"HRS_SAT":null,"HRS_SUN":null,"FAC_TYPE":null,"RTE_1HR":null,"RTE_2HR":null,"RTE_3HR":null,"RTE_ALLDAY":null,"DISABLED":null,"OP_NAME":null,"OP_PHONE":null,"OP_PHONE2":null,"OP_WEB":null,"PAYMENT_TYPE":null,"OTHER":"N","WEBNAME":null,"REGIONID":null,"OUTOFSERV":null,"VACANT":null,"STATUS":null,"DATETIME":null,"SE_ANNO_CAD_DATA":"","SIGNID":null,"GlobalID":"bdae32f6-a612-44be-8fe1-72e0e08b6919"}},{"type":"Feature","id":229607,"geometry":{"type":"Point","coordinates":[-122.317016861108,47.657693916731]},"properties":{"OBJECTID":229607,"BUSLIC_ID":591247,"BUSLIC_LOCATION_ID":637242,"DEA_FACILITY_OWNER":null,"DEA_FACILITY_NAME":"DIAMOND PARKING  WU51","DEA_BUSINESS_CONTACT":"JONATHAN DIAMOND","DEA_BUSINESS_PHONE":"2062843100           ","DEA_FACILITY_ADDRESS":"4131 11TH AVE NE, SEATTLE, WA 98105","DEA_STALLS":18,"FAC_NAME":"DIAMOND PARKING  WU51","HRS_MONFRI":null,"HRS_SAT":null,"HRS_SUN":null,"FAC_TYPE":null,"RTE_1HR":null,"RTE_2HR":null,"RTE_3HR":null,"RTE_ALLDAY":null,"DISABLED":null,"OP_NAME":null,"OP_PHONE":null,"OP_PHONE2":null,"OP_WEB":null,"PAYMENT_TYPE":null,"OTHER":"N","WEBNAME":null,"REGIONID":null,"OUTOFSERV":null,"VACANT":null,"STATUS":null,"DATETIME":null,"SE_ANNO_CAD_DATA":"","SIGNID":null,"GlobalID":"0cd14a67-9ced-4ab5-a29a-f4547b61dbc2"}},{"type":"Feature","id":229608,"geometry":{"type":"Point","coordinates":[-122.312909905928,47.6569799650454]},"properties":{"OBJECTID":229608,"BUSLIC_ID":535675,"BUSLIC_LOCATION_ID":596093,"DEA_FACILITY_OWNER":null,"DEA_FACILITY_NAME":"DIAMOND PARKING  WU13","DEA_BUSINESS_CONTACT":"JONATHAN DIAMOND","DEA_BUSINESS_PHONE":"2062843100           ","DEA_FACILITY_ADDRESS":"4100 UNIVERSITY WAY NE, SEATTLE, WA 98105","DEA_STALLS":15,"FAC_NAME":"DIAMOND PARKING  WU13","HRS_MONFRI":null,"HRS_SAT":null,"HRS_SUN":null,"FAC_TYPE":null,"RTE_1HR":null,"RTE_2HR":null,"RTE_3HR":null,"RTE_ALLDAY":null,"DISABLED":null,"OP_NAME":null,"OP_PHONE":null,"OP_PHONE2":null,"OP_WEB":null,"PAYMENT_TYPE":null,"OTHER":"N","WEBNAME":null,"REGIONID":null,"OUTOFSERV":null,"VACANT":null,"STATUS":null,"DATETIME":null,"SE_ANNO_CAD_DATA":"","SIGNID":null,"GlobalID":"d2fc235e-623e-4240-8a13-4136a5457609"}},{"type":"Feature","id":229609,"geometry":{"type":"Point","coordinates":[-122.31628967087,47.6597028927815]},"properties":{"OBJECTID":229609,"BUSLIC_ID":588668,"BUSLIC_LOCATION_ID":635362,"DEA_FACILITY_OWNER":null,"DEA_FACILITY_NAME":"DIAMOND PARKING  WU46","DEA_BUSINESS_CONTACT":"JONATHAN DIAMOND","DEA_BUSINESS_PHONE":"2062843100           ","DEA_FACILITY_ADDRESS":"4244 11TH AVE NE, SEATTLE, WA 98105","DEA_STALLS":17,"FAC_NAME":"DIAMOND PARKING  WU46","HRS_MONFRI":null,"HRS_SAT":null,"HRS_SUN":null,"FAC_TYPE":null,"RTE_1HR":null,"RTE_2HR":null,"RTE_3HR":null,"RTE_ALLDAY":null,"DISABLED":null,"OP_NAME":null,"OP_PHONE":null,"OP_PHONE2":null,"OP_WEB":null,"PAYMENT_TYPE":null,"OTHER":"N","WEBNAME":null,"REGIONID":null,"OUTOFSERV":null,"VACANT":null,"STATUS":null,"DATETIME":null,"SE_ANNO_CAD_DATA":"","SIGNID":null,"GlobalID":"0b9ca301-74fe-4cb4-bf5a-03e5e1d4fc5f"}},{"type":"Feature","id":229610,"geometry":{"type":"Point","coordinates":[-122.382215546117,47.6482669693988]},"properties":{"OBJECTID":229610,"BUSLIC_ID":684294,"BUSLIC_LOCATION_ID":593933,"DEA_FACILITY_OWNER":null,"DEA_FACILITY_NAME":"DIAMOND  A617","DEA_BUSINESS_CONTACT":"JONATHAN DIAMOND","DEA_BUSINESS_PHONE":"2062843100           ","DEA_FACILITY_ADDRESS":"2003 W DRAVUS ST, SEATTLE, WA 98199","DEA_STALLS":78,"FAC_NAME":"DIAMOND  A617","HRS_MONFRI":null,"HRS_SAT":null,"HRS_SUN":null,"FAC_TYPE":null,"RTE_1HR":null,"RTE_2HR":null,"RTE_3HR":null,"RTE_ALLDAY":null,"DISABLED":null,"OP_NAME":null,"OP_PHONE":null,"OP_PHONE2":null,"OP_WEB":null,"PAYMENT_TYPE":null,"OTHER":"N","WEBNAME":null,"REGIONID":null,"OUTOFSERV":null,"VACANT":null,"STATUS":null,"DATETIME":null,"SE_ANNO_CAD_DATA":"","SIGNID":null,"GlobalID":"87b861c3-15f2-44d1-b6c9-9dbc438cb180"}},{"type":"Feature","id":229611,"geometry":{"type":"Point","coordinates":[-122.358811970042,47.6488805844578]},"properties":{"OBJECTID":229611,"BUSLIC_ID":699146,"BUSLIC_LOCATION_ID":713345,"DEA_FACILITY_OWNER":null,"DEA_FACILITY_NAME":"DIAMOND PARKING A646","DEA_BUSINESS_CONTACT":"JONATHAN DIAMOND","DEA_BUSINESS_PHONE":"2062843100           ","DEA_FACILITY_ADDRESS":"26 W DRAVUS ST, SEATTLE, WA 98119","DEA_STALLS":26,"FAC_NAME":"DIAMOND PARKING A646","HRS_MONFRI":null,"HRS_SAT":null,"HRS_SUN":null,"FAC_TYPE":null,"RTE_1HR":null,"RTE_2HR":null,"RTE_3HR":null,"RTE_ALLDAY":null,"DISABLED":null,"OP_NAME":null,"OP_PHONE":null,"OP_PHONE2":null,"OP_WEB":null,"PAYMENT_TYPE":null,"OTHER":"N","WEBNAME":null,"REGIONID":null,"OUTOFSERV":null,"VACANT":null,"STATUS":null,"DATETIME":null,"SE_ANNO_CAD_DATA":"","SIGNID":null,"GlobalID":"77b5e5c9-376d-4aa9-b5c1-e637902a6ab8"}},{"type":"Feature","id":229612,"geometry":{"type":"Point","coordinates":[-122.3504272034,47.6518392321486]},"properties":{"OBJECTID":229612,"BUSLIC_ID":725039,"BUSLIC_LOCATION_ID":733393,"DEA_FACILITY_OWNER":null,"DEA_FACILITY_NAME":"IMPARK 162","DEA_BUSINESS_CONTACT":"EDWARD DANYLUK","DEA_BUSINESS_PHONE":"2063811789           ","DEA_FACILITY_ADDRESS":"3601 FREMONT AVE N, SEATTLE, WA 98103","DEA_STALLS":54,"FAC_NAME":"IMPARK 162","HRS_MONFRI":null,"HRS_SAT":null,"HRS_SUN":null,"FAC_TYPE":null,"RTE_1HR":null,"RTE_2HR":null,"RTE_3HR":null,"RTE_ALLDAY":null,"DISABLED":null,"OP_NAME":null,"OP_PHONE":null,"OP_PHONE2":null,"OP_WEB":null,"PAYMENT_TYPE":null,"OTHER":"N","WEBNAME":null,"REGIONID":null,"OUTOFSERV":null,"VACANT":null,"STATUS":null,"DATETIME":null,"SE_ANNO_CAD_DATA":"","SIGNID":null,"GlobalID":"350d0e6c-a7db-4217-bb1b-19a9d6bcac04"}},{"type":"Feature","id":229613,"geometry":{"type":"Point","coordinates":[-122.348704345043,47.6506661578338]},"properties":{"OBJECTID":229613,"BUSLIC_ID":5395,"BUSLIC_LOCATION_ID":4540,"DEA_FACILITY_OWNER":null,"DEA_FACILITY_NAME":"U PARK 35","DEA_BUSINESS_CONTACT":"KEN JR PHILLIPS","DEA_BUSINESS_PHONE":"2062231313           ","DEA_FACILITY_ADDRESS":"720 N 35TH ST, SEATTLE, WA 98103","DEA_STALLS":25,"FAC_NAME":"U PARK 35","HRS_MONFRI":null,"HRS_SAT":null,"HRS_SUN":null,"FAC_TYPE":null,"RTE_1HR":null,"RTE_2HR":null,"RTE_3HR":null,"RTE_ALLDAY":null,"DISABLED":null,"OP_NAME":null,"OP_PHONE":null,"OP_PHONE2":null,"OP_WEB":null,"PAYMENT_TYPE":null,"OTHER":"N","WEBNAME":null,"REGIONID":null,"OUTOFSERV":null,"VACANT":null,"STATUS":null,"DATETIME":null,"SE_ANNO_CAD_DATA":"","SIGNID":null,"GlobalID":"326d6fa1-9208-4bcf-b75f-75f1f5562721"}},{"type":"Feature","id":229614,"geometry":{"type":"Point","coordinates":[-122.345518482941,47.6491839390525]},"properties":{"OBJECTID":229614,"BUSLIC_ID":535686,"BUSLIC_LOCATION_ID":596094,"DEA_FACILITY_OWNER":null,"DEA_FACILITY_NAME":"DIAMOND PARKING  WU18","DEA_BUSINESS_CONTACT":"JONATHAN DIAMOND","DEA_BUSINESS_PHONE":"2062843100           ","DEA_FACILITY_ADDRESS":"936 N 34TH ST, SEATTLE, WA 98103","DEA_STALLS":47,"FAC_NAME":"DIAMOND PARKING  WU18","HRS_MONFRI":null,"HRS_SAT":null,"HRS_SUN":null,"FAC_TYPE":null,"RTE_1HR":null,"RTE_2HR":null,"RTE_3HR":null,"RTE_ALLDAY":null,"DISABLED":null,"OP_NAME":null,"OP_PHONE":null,"OP_PHONE2":null,"OP_WEB":null,"PAYMENT_TYPE":null,"OTHER":"N","WEBNAME":null,"REGIONID":null,"OUTOFSERV":null,"VACANT":null,"STATUS":null,"DATETIME":null,"SE_ANNO_CAD_DATA":"","SIGNID":null,"GlobalID":"35e58c67-a9f6-4308-ac72-c80dd15e3b02"}},{"type":"Feature","id":229615,"geometry":{"type":"Point","coordinates":[-122.354893173155,47.6517836734359]},"properties":{"OBJECTID":229615,"BUSLIC_ID":5473,"BUSLIC_LOCATION_ID":4579,"DEA_FACILITY_OWNER":null,"DEA_FACILITY_NAME":"U PARK 75","DEA_BUSINESS_CONTACT":"KEN JR PHILLIPS","DEA_BUSINESS_PHONE":"2062849797           ","DEA_FACILITY_ADDRESS":"166 N 35TH ST, SEATTLE, WA 98103","DEA_STALLS":38,"FAC_NAME":"U PARK 75","HRS_MONFRI":null,"HRS_SAT":null,"HRS_SUN":null,"FAC_TYPE":null,"RTE_1HR":null,"RTE_2HR":null,"RTE_3HR":null,"RTE_ALLDAY":null,"DISABLED":null,"OP_NAME":null,"OP_PHONE":null,"OP_PHONE2":null,"OP_WEB":null,"PAYMENT_TYPE":null,"OTHER":"N","WEBNAME":null,"REGIONID":null,"OUTOFSERV":null,"VACANT":null,"STATUS":null,"DATETIME":null,"SE_ANNO_CAD_DATA":"","SIGNID":null,"GlobalID":"6215a4be-7913-4cf0-a419-350d80a3b896"}},{"type":"Feature","id":229616,"geometry":{"type":"Point","coordinates":[-122.372827432641,47.6631753731859]},"properties":{"OBJECTID":229616,"BUSLIC_ID":718894,"BUSLIC_LOCATION_ID":728487,"DEA_FACILITY_OWNER":null,"DEA_FACILITY_NAME":"DIAMOND PARKING SERVICES A672","DEA_BUSINESS_CONTACT":"JONATHAN DIAMOND","DEA_BUSINESS_PHONE":"2062843100           ","DEA_FACILITY_ADDRESS":"1135 NW LEARY WAY, SEATTLE, WA 98107","DEA_STALLS":30,"FAC_NAME":"DIAMOND PARKING SERVICES A672","HRS_MONFRI":null,"HRS_SAT":null,"HRS_SUN":null,"FAC_TYPE":null,"RTE_1HR":null,"RTE_2HR":null,"RTE_3HR":null,"RTE_ALLDAY":null,"DISABLED":null,"OP_NAME":null,"OP_PHONE":null,"OP_PHONE2":null,"OP_WEB":null,"PAYMENT_TYPE":null,"OTHER":"N","WEBNAME":null,"REGIONID":null,"OUTOFSERV":null,"VACANT":null,"STATUS":null,"DATETIME":null,"SE_ANNO_CAD_DATA":"","SIGNID":null,"GlobalID":"7325bc0e-e38f-45c2-8e8d-99d401e99685"}},{"type":"Feature","id":229617,"geometry":{"type":"Point","coordinates":[-122.351605399023,47.6500820458799]},"properties":{"OBJECTID":229617,"BUSLIC_ID":479091,"BUSLIC_LOCATION_ID":4575,"DEA_FACILITY_OWNER":null,"DEA_FACILITY_NAME":"U PARK 71","DEA_BUSINESS_CONTACT":"KEN JR PHILLIPS","DEA_BUSINESS_PHONE":"2062231313           ","DEA_FACILITY_ADDRESS":"470 N 34TH ST, SEATTLE, WA 98103","DEA_STALLS":38,"FAC_NAME":"U PARK 71","HRS_MONFRI":null,"HRS_SAT":null,"HRS_SUN":null,"FAC_TYPE":null,"RTE_1HR":null,"RTE_2HR":null,"RTE_3HR":null,"RTE_ALLDAY":null,"DISABLED":null,"OP_NAME":null,"OP_PHONE":null,"OP_PHONE2":null,"OP_WEB":null,"PAYMENT_TYPE":null,"OTHER":"N","WEBNAME":null,"REGIONID":null,"OUTOFSERV":null,"VACANT":null,"STATUS":null,"DATETIME":null,"SE_ANNO_CAD_DATA":"","SIGNID":null,"GlobalID":"1b7fe987-7b2c-4ec4-8d20-7d612509811b"}},{"type":"Feature","id":229618,"geometry":{"type":"Point","coordinates":[-122.346817416506,47.6494246504893]},"properties":{"OBJECTID":229618,"BUSLIC_ID":5360,"BUSLIC_LOCATION_ID":4522,"DEA_FACILITY_OWNER":null,"DEA_FACILITY_NAME":"U PARK 17","DEA_BUSINESS_CONTACT":"KEN JR PHILLIPS","DEA_BUSINESS_PHONE":"2062849797           ","DEA_FACILITY_ADDRESS":"900 N 34TH ST, SEATTLE, WA 98103","DEA_STALLS":27,"FAC_NAME":"U PARK 17","HRS_MONFRI":null,"HRS_SAT":null,"HRS_SUN":null,"FAC_TYPE":null,"RTE_1HR":null,"RTE_2HR":null,"RTE_3HR":null,"RTE_ALLDAY":null,"DISABLED":null,"OP_NAME":null,"OP_PHONE":null,"OP_PHONE2":null,"OP_WEB":null,"PAYMENT_TYPE":null,"OTHER":"N","WEBNAME":null,"REGIONID":null,"OUTOFSERV":null,"VACANT":null,"STATUS":null,"DATETIME":null,"SE_ANNO_CAD_DATA":"","SIGNID":null,"GlobalID":"bb0f2499-2f51-4473-a002-583fbdab24a4"}},{"type":"Feature","id":229619,"geometry":{"type":"Point","coordinates":[-122.341664206053,47.6518584702621]},"properties":{"OBJECTID":229619,"BUSLIC_ID":699053,"BUSLIC_LOCATION_ID":713284,"DEA_FACILITY_OWNER":null,"DEA_FACILITY_NAME":"DIAMOND PARKING WX13","DEA_BUSINESS_CONTACT":"JONATHAN DIAMOND","DEA_BUSINESS_PHONE":"2062843100           ","DEA_FACILITY_ADDRESS":"3645 INTERLAKE AVE N, SEATTLE, WA 98103","DEA_STALLS":12,"FAC_NAME":"DIAMOND PARKING WX13","HRS_MONFRI":null,"HRS_SAT":null,"HRS_SUN":null,"FAC_TYPE":null,"RTE_1HR":null,"RTE_2HR":null,"RTE_3HR":null,"RTE_ALLDAY":null,"DISABLED":null,"OP_NAME":null,"OP_PHONE":null,"OP_PHONE2":null,"OP_WEB":null,"PAYMENT_TYPE":null,"OTHER":"N","WEBNAME":null,"REGIONID":null,"OUTOFSERV":null,"VACANT":null,"STATUS":null,"DATETIME":null,"SE_ANNO_CAD_DATA":"","SIGNID":null,"GlobalID":"54539586-6d6f-411a-b734-438d7d179695"}},{"type":"Feature","id":229620,"geometry":{"type":"Point","coordinates":[-122.34318223387,47.6514088010387]},"properties":{"OBJECTID":229620,"BUSLIC_ID":707480,"BUSLIC_LOCATION_ID":719290,"DEA_FACILITY_OWNER":null,"DEA_FACILITY_NAME":"DIAMOND PARKING  WX18","DEA_BUSINESS_CONTACT":"JONATHAN DIAMOND","DEA_BUSINESS_PHONE":"2062843100           ","DEA_FACILITY_ADDRESS":"3627 STONE WAY N, SEATTLE, WA 98103","DEA_STALLS":25,"FAC_NAME":"DIAMOND PARKING  WX18","HRS_MONFRI":null,"HRS_SAT":null,"HRS_SUN":null,"FAC_TYPE":null,"RTE_1HR":null,"RTE_2HR":null,"RTE_3HR":null,"RTE_ALLDAY":null,"DISABLED":null,"OP_NAME":null,"OP_PHONE":null,"OP_PHONE2":null,"OP_WEB":null,"PAYMENT_TYPE":null,"OTHER":"N","WEBNAME":null,"REGIONID":null,"OUTOFSERV":null,"VACANT":null,"STATUS":null,"DATETIME":null,"SE_ANNO_CAD_DATA":"","SIGNID":null,"GlobalID":"c889252f-d293-416d-9873-2e1604300668"}},{"type":"Feature","id":229621,"geometry":{"type":"Point","coordinates":[-122.342540785359,47.6486758768549]},"properties":{"OBJECTID":229621,"BUSLIC_ID":658083,"BUSLIC_LOCATION_ID":684174,"DEA_FACILITY_OWNER":null,"DEA_FACILITY_NAME":"REPUBLIC PARKING 81 STONE 34","DEA_BUSINESS_CONTACT":"GARY BECK","DEA_BUSINESS_PHONE":"2067834144           ","DEA_FACILITY_ADDRESS":"3400 STONE WAY N, SEATTLE, WA 98103","DEA_STALLS":218,"FAC_NAME":"REPUBLIC PARKING 81 STONE 34","HRS_MONFRI":null,"HRS_SAT":null,"HRS_SUN":null,"FAC_TYPE":null,"RTE_1HR":null,"RTE_2HR":null,"RTE_3HR":null,"RTE_ALLDAY":null,"DISABLED":null,"OP_NAME":null,"OP_PHONE":null,"OP_PHONE2":null,"OP_WEB":null,"PAYMENT_TYPE":null,"OTHER":"N","WEBNAME":null,"REGIONID":null,"OUTOFSERV":null,"VACANT":null,"STATUS":null,"DATETIME":null,"SE_ANNO_CAD_DATA":"","SIGNID":null,"GlobalID":"919ff3cb-6651-487a-b5c0-62470a8e4878"}},{"type":"Feature","id":229622,"geometry":{"type":"Point","coordinates":[-122.323677377162,47.6496466472507]},"properties":{"OBJECTID":229622,"BUSLIC_ID":698921,"BUSLIC_LOCATION_ID":713208,"DEA_FACILITY_OWNER":null,"DEA_FACILITY_NAME":"DIAMOND PARKING  A637","DEA_BUSINESS_CONTACT":"JONATHAN DIAMOND","DEA_BUSINESS_PHONE":"2062843100           ","DEA_FACILITY_ADDRESS":"3138 FAIRVIEW AVE E, SEATTLE, WA 98102","DEA_STALLS":31,"FAC_NAME":"DIAMOND PARKING  A637","HRS_MONFRI":null,"HRS_SAT":null,"HRS_SUN":null,"FAC_TYPE":null,"RTE_1HR":null,"RTE_2HR":null,"RTE_3HR":null,"RTE_ALLDAY":null,"DISABLED":null,"OP_NAME":null,"OP_PHONE":null,"OP_PHONE2":null,"OP_WEB":null,"PAYMENT_TYPE":null,"OTHER":"N","WEBNAME":null,"REGIONID":null,"OUTOFSERV":null,"VACANT":null,"STATUS":null,"DATETIME":null,"SE_ANNO_CAD_DATA":"","SIGNID":null,"GlobalID":"983625bd-80af-47dd-9779-fc0f218443c4"}},{"type":"Feature","id":229623,"geometry":{"type":"Point","coordinates":[-122.313731087911,47.653078781179]},"properties":{"OBJECTID":229623,"BUSLIC_ID":648306,"BUSLIC_LOCATION_ID":677103,"DEA_FACILITY_OWNER":null,"DEA_FACILITY_NAME":"UW SHUTTLE 82005 NO PS","DEA_BUSINESS_CONTACT":"BILL BEATTIE","DEA_BUSINESS_PHONE":"2063818552           ","DEA_FACILITY_ADDRESS":"3745 15TH AVE NE, SEATTLE, WA 98105-6710","DEA_STALLS":0,"FAC_NAME":"UW SHUTTLE 82005 NO PS","HRS_MONFRI":null,"HRS_SAT":null,"HRS_SUN":null,"FAC_TYPE":null,"RTE_1HR":null,"RTE_2HR":null,"RTE_3HR":null,"RTE_ALLDAY":null,"DISABLED":null,"OP_NAME":null,"OP_PHONE":null,"OP_PHONE2":null,"OP_WEB":null,"PAYMENT_TYPE":null,"OTHER":"N","WEBNAME":null,"REGIONID":null,"OUTOFSERV":null,"VACANT":null,"STATUS":null,"DATETIME":null,"SE_ANNO_CAD_DATA":"","SIGNID":null,"GlobalID":"8888fe65-a3f0-4fff-b70b-794c8484ef5b"}},{"type":"Feature","id":229624,"geometry":{"type":"Point","coordinates":[-122.315595961851,47.6525191267604]},"properties":{"OBJECTID":229624,"BUSLIC_ID":671799,"BUSLIC_LOCATION_ID":76122,"DEA_FACILITY_OWNER":null,"DEA_FACILITY_NAME":"REPUBLIC PARKING  202","DEA_BUSINESS_CONTACT":"GARY BECK","DEA_BUSINESS_PHONE":"2067834144           ","DEA_FACILITY_ADDRESS":"1200 NE BOAT ST, SEATTLE, WA 98115","DEA_STALLS":86,"FAC_NAME":"REPUBLIC PARKING  202","HRS_MONFRI":null,"HRS_SAT":null,"HRS_SUN":null,"FAC_TYPE":null,"RTE_1HR":null,"RTE_2HR":null,"RTE_3HR":null,"RTE_ALLDAY":null,"DISABLED":null,"OP_NAME":null,"OP_PHONE":null,"OP_PHONE2":null,"OP_WEB":null,"PAYMENT_TYPE":null,"OTHER":"N","WEBNAME":null,"REGIONID":null,"OUTOFSERV":null,"VACANT":null,"STATUS":null,"DATETIME":null,"SE_ANNO_CAD_DATA":"","SIGNID":null,"GlobalID":"dbb70249-dbc1-40b5-9111-ac52923bccd3"}},{"type":"Feature","id":229625,"geometry":{"type":"Point","coordinates":[-122.316959320595,47.652456459498]},"properties":{"OBJECTID":229625,"BUSLIC_ID":671798,"BUSLIC_LOCATION_ID":585825,"DEA_FACILITY_OWNER":null,"DEA_FACILITY_NAME":"REPUBLIC PARKING  201","DEA_BUSINESS_CONTACT":"GARY BECK","DEA_BUSINESS_PHONE":"2067834144           ","DEA_FACILITY_ADDRESS":"1101 NE BOAT ST, SEATTLE, WA 98105","DEA_STALLS":28,"FAC_NAME":"REPUBLIC PARKING  201","HRS_MONFRI":null,"HRS_SAT":null,"HRS_SUN":null,"FAC_TYPE":null,"RTE_1HR":null,"RTE_2HR":null,"RTE_3HR":null,"RTE_ALLDAY":null,"DISABLED":null,"OP_NAME":null,"OP_PHONE":null,"OP_PHONE2":null,"OP_WEB":null,"PAYMENT_TYPE":null,"OTHER":"N","WEBNAME":null,"REGIONID":null,"OUTOFSERV":null,"VACANT":null,"STATUS":null,"DATETIME":null,"SE_ANNO_CAD_DATA":"","SIGNID":null,"GlobalID":"ed5f3dfc-b9ea-46cf-bce2-450051e8a37d"}},{"type":"Feature","id":229626,"geometry":{"type":"Point","coordinates":[-122.322038867693,47.6516576339812]},"properties":{"OBJECTID":229626,"BUSLIC_ID":704604,"BUSLIC_LOCATION_ID":717278,"DEA_FACILITY_OWNER":null,"DEA_FACILITY_NAME":"REPUBLIC PARKING  146","DEA_BUSINESS_CONTACT":"GARY BECK","DEA_BUSINESS_PHONE":"2067834144           ","DEA_FACILITY_ADDRESS":"3275 FUHRMAN AVE E, SEATTLE, WA 98102","DEA_STALLS":173,"FAC_NAME":"REPUBLIC PARKING  146","HRS_MONFRI":null,"HRS_SAT":null,"HRS_SUN":null,"FAC_TYPE":null,"RTE_1HR":null,"RTE_2HR":null,"RTE_3HR":null,"RTE_ALLDAY":null,"DISABLED":null,"OP_NAME":null,"OP_PHONE":null,"OP_PHONE2":null,"OP_WEB":null,"PAYMENT_TYPE":null,"OTHER":"N","WEBNAME":null,"REGIONID":null,"OUTOFSERV":null,"VACANT":null,"STATUS":null,"DATETIME":null,"SE_ANNO_CAD_DATA":"","SIGNID":null,"GlobalID":"a2f96c78-43cb-4ed3-beb3-79083ba19a9c"}},{"type":"Feature","id":229627,"geometry":{"type":"Point","coordinates":[-122.309667028763,47.6601586069836]},"properties":{"OBJECTID":229627,"BUSLIC_ID":666880,"BUSLIC_LOCATION_ID":690567,"DEA_FACILITY_OWNER":null,"DEA_FACILITY_NAME":"DIAMOND PARKING  WU45","DEA_BUSINESS_CONTACT":"JONATHAN DIAMOND","DEA_BUSINESS_PHONE":"2062843100           ","DEA_FACILITY_ADDRESS":"1700 NE 45TH ST, SEATTLE, WA 98115","DEA_STALLS":12,"FAC_NAME":"DIAMOND PARKING  WU45","HRS_MONFRI":null,"HRS_SAT":null,"HRS_SUN":null,"FAC_TYPE":null,"RTE_1HR":null,"RTE_2HR":null,"RTE_3HR":null,"RTE_ALLDAY":null,"DISABLED":null,"OP_NAME":null,"OP_PHONE":null,"OP_PHONE2":null,"OP_WEB":null,"PAYMENT_TYPE":null,"OTHER":"N","WEBNAME":null,"REGIONID":null,"OUTOFSERV":null,"VACANT":null,"STATUS":null,"DATETIME":null,"SE_ANNO_CAD_DATA":"","SIGNID":null,"GlobalID":"c3131b99-926d-47b6-82cb-a4e965730aad"}},{"type":"Feature","id":229628,"geometry":{"type":"Point","coordinates":[-122.312397359946,47.6586019780108]},"properties":{"OBJECTID":229628,"BUSLIC_ID":671802,"BUSLIC_LOCATION_ID":76160,"DEA_FACILITY_OWNER":null,"DEA_FACILITY_NAME":"REPUBLIC PARKING  88","DEA_BUSINESS_CONTACT":"GARY BECK","DEA_BUSINESS_PHONE":"2067834144           ","DEA_FACILITY_ADDRESS":"1414 NE 42ND ST, SEATTLE, WA 98105","DEA_STALLS":125,"FAC_NAME":"REPUBLIC PARKING  88","HRS_MONFRI":null,"HRS_SAT":null,"HRS_SUN":null,"FAC_TYPE":null,"RTE_1HR":null,"RTE_2HR":null,"RTE_3HR":null,"RTE_ALLDAY":null,"DISABLED":null,"OP_NAME":null,"OP_PHONE":null,"OP_PHONE2":null,"OP_WEB":null,"PAYMENT_TYPE":null,"OTHER":"N","WEBNAME":null,"REGIONID":null,"OUTOFSERV":null,"VACANT":null,"STATUS":null,"DATETIME":null,"SE_ANNO_CAD_DATA":"","SIGNID":null,"GlobalID":"89451785-cdc2-4eb1-9eca-7b0eb6ff3747"}},{"type":"Feature","id":229629,"geometry":{"type":"Point","coordinates":[-122.322357822023,47.6118056656633]},"properties":{"OBJECTID":229629,"BUSLIC_ID":420622,"BUSLIC_LOCATION_ID":4598,"DEA_FACILITY_OWNER":null,"DEA_FACILITY_NAME":"U PARK 94","DEA_BUSINESS_CONTACT":"KEN JR PHILLIPS","DEA_BUSINESS_PHONE":"2066245353           ","DEA_FACILITY_ADDRESS":"1110 BOYLSTON AVE, SEATTLE, WA 98101","DEA_STALLS":98,"FAC_NAME":"U PARK 94","HRS_MONFRI":null,"HRS_SAT":null,"HRS_SUN":null,"FAC_TYPE":null,"RTE_1HR":null,"RTE_2HR":null,"RTE_3HR":null,"RTE_ALLDAY":null,"DISABLED":null,"OP_NAME":null,"OP_PHONE":null,"OP_PHONE2":null,"OP_WEB":null,"PAYMENT_TYPE":null,"OTHER":"N","WEBNAME":null,"REGIONID":null,"OUTOFSERV":null,"VACANT":null,"STATUS":null,"DATETIME":null,"SE_ANNO_CAD_DATA":"","SIGNID":null,"GlobalID":"0956d526-0990-4052-9f3a-cd263b207ff4"}},{"type":"Feature","id":229630,"geometry":{"type":"Point","coordinates":[-122.342586815899,47.6290550148831]},"properties":{"OBJECTID":229630,"BUSLIC_ID":727571,"BUSLIC_LOCATION_ID":735380,"DEA_FACILITY_OWNER":null,"DEA_FACILITY_NAME":"DIAMOND PARKING 0628","DEA_BUSINESS_CONTACT":"BOB TURLEY","DEA_BUSINESS_PHONE":"2064367204           ","DEA_FACILITY_ADDRESS":"1101 DEXTER AVE N, SEATTLE, WA 98109","DEA_STALLS":406,"FAC_NAME":"DIAMOND PARKING 0628","HRS_MONFRI":null,"HRS_SAT":null,"HRS_SUN":null,"FAC_TYPE":null,"RTE_1HR":null,"RTE_2HR":null,"RTE_3HR":null,"RTE_ALLDAY":null,"DISABLED":null,"OP_NAME":null,"OP_PHONE":null,"OP_PHONE2":null,"OP_WEB":null,"PAYMENT_TYPE":null,"OTHER":"N","WEBNAME":null,"REGIONID":null,"OUTOFSERV":null,"VACANT":null,"STATUS":null,"DATETIME":null,"SE_ANNO_CAD_DATA":"","SIGNID":null,"GlobalID":"92d97c96-d5f6-4b63-8136-f8e2a60e94ea"}},{"type":"Feature","id":229631,"geometry":{"type":"Point","coordinates":[-122.346242768832,47.6170636949961]},"properties":{"OBJECTID":229631,"BUSLIC_ID":724934,"BUSLIC_LOCATION_ID":733311,"DEA_FACILITY_OWNER":null,"DEA_FACILITY_NAME":" IMPARK 139","DEA_BUSINESS_CONTACT":"EDWARD DANYLUK","DEA_BUSINESS_PHONE":"2063811789           ","DEA_FACILITY_ADDRESS":"2514 4TH AVE, SEATTLE, WA 98121","DEA_STALLS":130,"FAC_NAME":" IMPARK 139","HRS_MONFRI":null,"HRS_SAT":null,"HRS_SUN":null,"FAC_TYPE":null,"RTE_1HR":null,"RTE_2HR":null,"RTE_3HR":null,"RTE_ALLDAY":null,"DISABLED":null,"OP_NAME":null,"OP_PHONE":null,"OP_PHONE2":null,"OP_WEB":null,"PAYMENT_TYPE":null,"OTHER":"N","WEBNAME":null,"REGIONID":null,"OUTOFSERV":null,"VACANT":null,"STATUS":null,"DATETIME":null,"SE_ANNO_CAD_DATA":"","SIGNID":null,"GlobalID":"5b0bda3d-1c46-4e5e-b09d-dee52b4e8cfd"}},{"type":"Feature","id":229632,"geometry":{"type":"Point","coordinates":[-122.352249122338,47.67122650071]},"properties":{"OBJECTID":229632,"BUSLIC_ID":480130,"BUSLIC_LOCATION_ID":556118,"DEA_FACILITY_OWNER":null,"DEA_FACILITY_NAME":"WOODLAND PARK ZOO LOT  4","DEA_BUSINESS_CONTACT":"WOODLAND PARK ZOO SOCIETY","DEA_BUSINESS_PHONE":"2062332503           ","DEA_FACILITY_ADDRESS":"501 N 59TH ST, SEATTLE, WA 98103","DEA_STALLS":195,"FAC_NAME":"WOODLAND PARK ZOO LOT  4","HRS_MONFRI":null,"HRS_SAT":null,"HRS_SUN":null,"FAC_TYPE":null,"RTE_1HR":null,"RTE_2HR":null,"RTE_3HR":null,"RTE_ALLDAY":null,"DISABLED":null,"OP_NAME":null,"OP_PHONE":null,"OP_PHONE2":null,"OP_WEB":null,"PAYMENT_TYPE":null,"OTHER":"N","WEBNAME":null,"REGIONID":null,"OUTOFSERV":null,"VACANT":null,"STATUS":null,"DATETIME":null,"SE_ANNO_CAD_DATA":"","SIGNID":null,"GlobalID":"932dd4f7-4157-4027-a307-462dc9e388b2"}},{"type":"Feature","id":229633,"geometry":{"type":"Point","coordinates":[-122.324866605676,47.5996415236189]},"properties":{"OBJECTID":229633,"BUSLIC_ID":418185,"BUSLIC_LOCATION_ID":512914,"DEA_FACILITY_OWNER":null,"DEA_FACILITY_NAME":"INTER*IM","DEA_BUSINESS_CONTACT":"FRANCISCO IRIGON","DEA_BUSINESS_PHONE":"2066241802           ","DEA_FACILITY_ADDRESS":"310 MAYNARD AVE S, SEATTLE, WA 98104","DEA_STALLS":0,"FAC_NAME":"INTER*IM","HRS_MONFRI":null,"HRS_SAT":null,"HRS_SUN":null,"FAC_TYPE":null,"RTE_1HR":null,"RTE_2HR":null,"RTE_3HR":null,"RTE_ALLDAY":null,"DISABLED":null,"OP_NAME":null,"OP_PHONE":null,"OP_PHONE2":null,"OP_WEB":null,"PAYMENT_TYPE":null,"OTHER":"N","WEBNAME":null,"REGIONID":null,"OUTOFSERV":null,"VACANT":null,"STATUS":null,"DATETIME":null,"SE_ANNO_CAD_DATA":"","SIGNID":null,"GlobalID":"b212add2-b532-469d-8456-884ea5c28237"}},{"type":"Feature","id":229634,"geometry":{"type":"Point","coordinates":[-122.324866605676,47.5996415236189]},"properties":{"OBJECTID":229634,"BUSLIC_ID":79175,"BUSLIC_LOCATION_ID":72560,"DEA_FACILITY_OWNER":null,"DEA_FACILITY_NAME":"INTERIM COMMUNITY DEVELOPMENT ASSOCIATION","DEA_BUSINESS_CONTACT":null,"DEA_BUSINESS_PHONE":"2066241802           ","DEA_FACILITY_ADDRESS":"310 MAYNARD AVE S, SEATTLE, WA 98104","DEA_STALLS":0,"FAC_NAME":"INTERIM COMMUNITY DEVELOPMENT ASSOCIATION","HRS_MONFRI":null,"HRS_SAT":null,"HRS_SUN":null,"FAC_TYPE":null,"RTE_1HR":null,"RTE_2HR":null,"RTE_3HR":null,"RTE_ALLDAY":null,"DISABLED":null,"OP_NAME":null,"OP_PHONE":null,"OP_PHONE2":null,"OP_WEB":null,"PAYMENT_TYPE":null,"OTHER":"N","WEBNAME":null,"REGIONID":null,"OUTOFSERV":null,"VACANT":null,"STATUS":null,"DATETIME":null,"SE_ANNO_CAD_DATA":"","SIGNID":null,"GlobalID":"a5a2f128-89f7-4f0c-ae49-df99d8705e9b"}},{"type":"Feature","id":229635,"geometry":{"type":"Point","coordinates":[-122.328008215569,47.6076626860819]},"properties":{"OBJECTID":229635,"BUSLIC_ID":604022,"BUSLIC_LOCATION_ID":646190,"DEA_FACILITY_OWNER":null,"DEA_FACILITY_NAME":"IMPARK  87","DEA_BUSINESS_CONTACT":"EDWARD DANYLUK","DEA_BUSINESS_PHONE":"2066848484           ","DEA_FACILITY_ADDRESS":"910 8TH AVE, SEATTLE, WA 98104","DEA_STALLS":210,"FAC_NAME":"IMPARK  87","HRS_MONFRI":null,"HRS_SAT":null,"HRS_SUN":null,"FAC_TYPE":null,"RTE_1HR":null,"RTE_2HR":null,"RTE_3HR":null,"RTE_ALLDAY":null,"DISABLED":null,"OP_NAME":null,"OP_PHONE":null,"OP_PHONE2":null,"OP_WEB":null,"PAYMENT_TYPE":null,"OTHER":"N","WEBNAME":null,"REGIONID":null,"OUTOFSERV":null,"VACANT":null,"STATUS":null,"DATETIME":null,"SE_ANNO_CAD_DATA":"","SIGNID":null,"GlobalID":"5a77952c-26c5-4b5a-a927-6c3563ece31e"}},{"type":"Feature","id":229636,"geometry":{"type":"Point","coordinates":[-122.338136880208,47.6213110880798]},"properties":{"OBJECTID":229636,"BUSLIC_ID":535878,"BUSLIC_LOCATION_ID":596062,"DEA_FACILITY_OWNER":null,"DEA_FACILITY_NAME":"TRICK AND MURRAY LOT 81095","DEA_BUSINESS_CONTACT":"BILL BEATTIE","DEA_BUSINESS_PHONE":"2063818552           ","DEA_FACILITY_ADDRESS":"300 WESTLAKE AVE N, SEATTLE, WA 98109-5218","DEA_STALLS":26,"FAC_NAME":"TRICK AND MURRAY LOT 81095","HRS_MONFRI":null,"HRS_SAT":null,"HRS_SUN":null,"FAC_TYPE":null,"RTE_1HR":null,"RTE_2HR":null,"RTE_3HR":null,"RTE_ALLDAY":null,"DISABLED":null,"OP_NAME":null,"OP_PHONE":null,"OP_PHONE2":null,"OP_WEB":null,"PAYMENT_TYPE":null,"OTHER":"N","WEBNAME":null,"REGIONID":null,"OUTOFSERV":null,"VACANT":null,"STATUS":null,"DATETIME":null,"SE_ANNO_CAD_DATA":"","SIGNID":null,"GlobalID":"5ed1e6b6-66ea-4f81-a133-2e10f8358f0c"}},{"type":"Feature","id":229637,"geometry":{"type":"Point","coordinates":[-122.339683396708,47.6337601809664]},"properties":{"OBJECTID":229637,"BUSLIC_ID":617363,"BUSLIC_LOCATION_ID":655406,"DEA_FACILITY_OWNER":null,"DEA_FACILITY_NAME":"IMPARK  102   LAKE UNION BLDG GARAGE","DEA_BUSINESS_CONTACT":"EDWARD DANYLUK","DEA_BUSINESS_PHONE":"2063811789           ","DEA_FACILITY_ADDRESS":"1700 WESTLAKE AVE N, SEATTLE, WA 98109","DEA_STALLS":197,"FAC_NAME":"IMPARK  102   LAKE UNION BLDG GARAGE","HRS_MONFRI":null,"HRS_SAT":null,"HRS_SUN":null,"FAC_TYPE":null,"RTE_1HR":null,"RTE_2HR":null,"RTE_3HR":null,"RTE_ALLDAY":null,"DISABLED":null,"OP_NAME":null,"OP_PHONE":null,"OP_PHONE2":null,"OP_WEB":null,"PAYMENT_TYPE":null,"OTHER":"N","WEBNAME":null,"REGIONID":null,"OUTOFSERV":null,"VACANT":null,"STATUS":null,"DATETIME":null,"SE_ANNO_CAD_DATA":"","SIGNID":null,"GlobalID":"ac23aaf2-1afa-425e-9b61-c2cff709939f"}},{"type":"Feature","id":229638,"geometry":{"type":"Point","coordinates":[-122.342682384442,47.6330309756178]},"properties":{"OBJECTID":229638,"BUSLIC_ID":734463,"BUSLIC_LOCATION_ID":740686,"DEA_FACILITY_OWNER":null,"DEA_FACILITY_NAME":"DIAMOND PARKING LOT A700","DEA_BUSINESS_CONTACT":"JONATHAN DIAMOND","DEA_BUSINESS_PHONE":"2062843100           ","DEA_FACILITY_ADDRESS":"1515 DEXTER AVE N, SEATTLE, WA 98109-3017","DEA_STALLS":40,"FAC_NAME":"DIAMOND PARKING LOT A700","HRS_MONFRI":null,"HRS_SAT":null,"HRS_SUN":null,"FAC_TYPE":null,"RTE_1HR":null,"RTE_2HR":null,"RTE_3HR":null,"RTE_ALLDAY":null,"DISABLED":null,"OP_NAME":null,"OP_PHONE":null,"OP_PHONE2":null,"OP_WEB":null,"PAYMENT_TYPE":null,"OTHER":"N","WEBNAME":null,"REGIONID":null,"OUTOFSERV":null,"VACANT":null,"STATUS":null,"DATETIME":null,"SE_ANNO_CAD_DATA":"","SIGNID":null,"GlobalID":"0c92b66f-806b-4c0a-8342-0d5a0c5fc12b"}},{"type":"Feature","id":229639,"geometry":{"type":"Point","coordinates":[-122.34171306832,47.6326360447801]},"properties":{"OBJECTID":229639,"BUSLIC_ID":575119,"BUSLIC_LOCATION_ID":625376,"DEA_FACILITY_OWNER":null,"DEA_FACILITY_NAME":"IMPARK  79","DEA_BUSINESS_CONTACT":"EDWARD DANYLUK","DEA_BUSINESS_PHONE":"2063811789           ","DEA_FACILITY_ADDRESS":"1505 WESTLAKE AVE N, SEATTLE, WA 98109","DEA_STALLS":445,"FAC_NAME":"IMPARK  79","HRS_MONFRI":null,"HRS_SAT":null,"HRS_SUN":null,"FAC_TYPE":null,"RTE_1HR":null,"RTE_2HR":null,"RTE_3HR":null,"RTE_ALLDAY":null,"DISABLED":null,"OP_NAME":null,"OP_PHONE":null,"OP_PHONE2":null,"OP_WEB":null,"PAYMENT_TYPE":null,"OTHER":"N","WEBNAME":null,"REGIONID":null,"OUTOFSERV":null,"VACANT":null,"STATUS":null,"DATETIME":null,"SE_ANNO_CAD_DATA":"","SIGNID":null,"GlobalID":"ba1c030b-73b9-49c8-b2c0-1b62c8ee8c4e"}},{"type":"Feature","id":229640,"geometry":{"type":"Point","coordinates":[-122.325071843667,47.6329967413584]},"properties":{"OBJECTID":229640,"BUSLIC_ID":704436,"BUSLIC_LOCATION_ID":717152,"DEA_FACILITY_OWNER":null,"DEA_FACILITY_NAME":"DIAMOND PARKING  A650","DEA_BUSINESS_CONTACT":"JONATHAN DIAMOND","DEA_BUSINESS_PHONE":"2062843100           ","DEA_FACILITY_ADDRESS":"1520 EASTLAKE AVE E, SEATTLE, WA 98102","DEA_STALLS":45,"FAC_NAME":"DIAMOND PARKING  A650","HRS_MONFRI":null,"HRS_SAT":null,"HRS_SUN":null,"FAC_TYPE":null,"RTE_1HR":null,"RTE_2HR":null,"RTE_3HR":null,"RTE_ALLDAY":null,"DISABLED":null,"OP_NAME":null,"OP_PHONE":null,"OP_PHONE2":null,"OP_WEB":null,"PAYMENT_TYPE":null,"OTHER":"N","WEBNAME":null,"REGIONID":null,"OUTOFSERV":null,"VACANT":null,"STATUS":null,"DATETIME":null,"SE_ANNO_CAD_DATA":"","SIGNID":null,"GlobalID":"7af59837-1657-4486-aa01-7b9b9c75d4e0"}},{"type":"Feature","id":229641,"geometry":{"type":"Point","coordinates":[-122.368681969141,47.6271706007344]},"properties":{"OBJECTID":229641,"BUSLIC_ID":693173,"BUSLIC_LOCATION_ID":593949,"DEA_FACILITY_OWNER":null,"DEA_FACILITY_NAME":"DIAMOND   A631","DEA_BUSINESS_CONTACT":"JONATHAN DIAMOND","DEA_BUSINESS_PHONE":"2062843100           ","DEA_FACILITY_ADDRESS":"904 ELLIOTT AVE W, SEATTLE, WA 98119","DEA_STALLS":86,"FAC_NAME":"DIAMOND   A631","HRS_MONFRI":null,"HRS_SAT":null,"HRS_SUN":null,"FAC_TYPE":null,"RTE_1HR":null,"RTE_2HR":null,"RTE_3HR":null,"RTE_ALLDAY":null,"DISABLED":null,"OP_NAME":null,"OP_PHONE":null,"OP_PHONE2":null,"OP_WEB":null,"PAYMENT_TYPE":null,"OTHER":"N","WEBNAME":null,"REGIONID":null,"OUTOFSERV":null,"VACANT":null,"STATUS":null,"DATETIME":null,"SE_ANNO_CAD_DATA":"","SIGNID":null,"GlobalID":"2ff4a3a7-3d86-4df0-b5e4-51302ed6223f"}},{"type":"Feature","id":229642,"geometry":{"type":"Point","coordinates":[-122.367468679699,47.6262461680477]},"properties":{"OBJECTID":229642,"BUSLIC_ID":669059,"BUSLIC_LOCATION_ID":595167,"DEA_FACILITY_OWNER":null,"DEA_FACILITY_NAME":"DIAMOND PARKING  A370","DEA_BUSINESS_CONTACT":"JONATHAN DIAMOND","DEA_BUSINESS_PHONE":"2062843100           ","DEA_FACILITY_ADDRESS":"660 ELLIOTT AVE W, SEATTLE, WA 98119","DEA_STALLS":37,"FAC_NAME":"DIAMOND PARKING  A370","HRS_MONFRI":null,"HRS_SAT":null,"HRS_SUN":null,"FAC_TYPE":null,"RTE_1HR":null,"RTE_2HR":null,"RTE_3HR":null,"RTE_ALLDAY":null,"DISABLED":null,"OP_NAME":null,"OP_PHONE":null,"OP_PHONE2":null,"OP_WEB":null,"PAYMENT_TYPE":null,"OTHER":"N","WEBNAME":null,"REGIONID":null,"OUTOFSERV":null,"VACANT":null,"STATUS":null,"DATETIME":null,"SE_ANNO_CAD_DATA":"","SIGNID":null,"GlobalID":"a0c0d00d-afa3-4360-adac-12c6d42b3d11"}},{"type":"Feature","id":229643,"geometry":{"type":"Point","coordinates":[-122.358434336561,47.6259071919595]},"properties":{"OBJECTID":229643,"BUSLIC_ID":5483,"BUSLIC_LOCATION_ID":4584,"DEA_FACILITY_OWNER":null,"DEA_FACILITY_NAME":"U PARK 80","DEA_BUSINESS_CONTACT":"KEN JR PHILLIPS","DEA_BUSINESS_PHONE":"2062849797           ","DEA_FACILITY_ADDRESS":"100 W ROY ST, SEATTLE, WA 98109","DEA_STALLS":50,"FAC_NAME":"U PARK 80","HRS_MONFRI":null,"HRS_SAT":null,"HRS_SUN":null,"FAC_TYPE":null,"RTE_1HR":null,"RTE_2HR":null,"RTE_3HR":null,"RTE_ALLDAY":null,"DISABLED":null,"OP_NAME":null,"OP_PHONE":null,"OP_PHONE2":null,"OP_WEB":null,"PAYMENT_TYPE":null,"OTHER":"N","WEBNAME":null,"REGIONID":null,"OUTOFSERV":null,"VACANT":null,"STATUS":null,"DATETIME":null,"SE_ANNO_CAD_DATA":"","SIGNID":null,"GlobalID":"ad791d89-2739-4dfb-90ec-90e958765b56"}},{"type":"Feature","id":229644,"geometry":{"type":"Point","coordinates":[-122.357830616541,47.6253060011783]},"properties":{"OBJECTID":229644,"BUSLIC_ID":669014,"BUSLIC_LOCATION_ID":639316,"DEA_FACILITY_OWNER":null,"DEA_FACILITY_NAME":"DIAMOND PARKING  A345","DEA_BUSINESS_CONTACT":"JONATHAN DIAMOND","DEA_BUSINESS_PHONE":"2062843100           ","DEA_FACILITY_ADDRESS":"622 1ST AVE W, SEATTLE, WA 98119","DEA_STALLS":150,"FAC_NAME":"DIAMOND PARKING  A345","HRS_MONFRI":null,"HRS_SAT":null,"HRS_SUN":null,"FAC_TYPE":null,"RTE_1HR":null,"RTE_2HR":null,"RTE_3HR":null,"RTE_ALLDAY":null,"DISABLED":null,"OP_NAME":null,"OP_PHONE":null,"OP_PHONE2":null,"OP_WEB":null,"PAYMENT_TYPE":null,"OTHER":"N","WEBNAME":null,"REGIONID":null,"OUTOFSERV":null,"VACANT":null,"STATUS":null,"DATETIME":null,"SE_ANNO_CAD_DATA":"","SIGNID":null,"GlobalID":"777558b6-78b6-4bda-a495-444785c6883a"}},{"type":"Feature","id":229645,"geometry":{"type":"Point","coordinates":[-122.347047703925,47.6264936249173]},"properties":{"OBJECTID":229645,"BUSLIC_ID":678997,"BUSLIC_LOCATION_ID":595337,"DEA_FACILITY_OWNER":null,"DEA_FACILITY_NAME":"DIAMOND PARKING  A499","DEA_BUSINESS_CONTACT":"JONATHAN DIAMOND","DEA_BUSINESS_PHONE":"2062843100           ","DEA_FACILITY_ADDRESS":"800 5TH AVE N, SEATTLE, WA 98109","DEA_STALLS":131,"FAC_NAME":"DIAMOND PARKING  A499","HRS_MONFRI":null,"HRS_SAT":null,"HRS_SUN":null,"FAC_TYPE":null,"RTE_1HR":null,"RTE_2HR":null,"RTE_3HR":null,"RTE_ALLDAY":null,"DISABLED":null,"OP_NAME":null,"OP_PHONE":null,"OP_PHONE2":null,"OP_WEB":null,"PAYMENT_TYPE":null,"OTHER":"N","WEBNAME":null,"REGIONID":null,"OUTOFSERV":null,"VACANT":null,"STATUS":null,"DATETIME":null,"SE_ANNO_CAD_DATA":"","SIGNID":null,"GlobalID":"adb364f2-efaf-4af6-b781-776cb17218c2"}},{"type":"Feature","id":229646,"geometry":{"type":"Point","coordinates":[-122.348651994298,47.6256021722064]},"properties":{"OBJECTID":229646,"BUSLIC_ID":575058,"BUSLIC_LOCATION_ID":4612,"DEA_FACILITY_OWNER":null,"DEA_FACILITY_NAME":"U PARK 108","DEA_BUSINESS_CONTACT":"KEN JR PHILLIPS","DEA_BUSINESS_PHONE":"2066245353           ","DEA_FACILITY_ADDRESS":"400 ROY ST, SEATTLE, WA 98109","DEA_STALLS":27,"FAC_NAME":"U PARK 108","HRS_MONFRI":null,"HRS_SAT":null,"HRS_SUN":null,"FAC_TYPE":null,"RTE_1HR":null,"RTE_2HR":null,"RTE_3HR":null,"RTE_ALLDAY":null,"DISABLED":null,"OP_NAME":null,"OP_PHONE":null,"OP_PHONE2":null,"OP_WEB":null,"PAYMENT_TYPE":null,"OTHER":"N","WEBNAME":null,"REGIONID":null,"OUTOFSERV":null,"VACANT":null,"STATUS":null,"DATETIME":null,"SE_ANNO_CAD_DATA":"","SIGNID":null,"GlobalID":"a210f8fc-3683-400d-9ac0-9adee97c4051"}},{"type":"Feature","id":229647,"geometry":{"type":"Point","coordinates":[-122.348503969993,47.6258879244099]},"properties":{"OBJECTID":229647,"BUSLIC_ID":5382,"BUSLIC_LOCATION_ID":4533,"DEA_FACILITY_OWNER":null,"DEA_FACILITY_NAME":"U PARK 28","DEA_BUSINESS_CONTACT":"KEN JR PHILLIPS","DEA_BUSINESS_PHONE":"2062849797           ","DEA_FACILITY_ADDRESS":"710 4TH AVE N, SEATTLE, WA 98109","DEA_STALLS":47,"FAC_NAME":"U PARK 28","HRS_MONFRI":null,"HRS_SAT":null,"HRS_SUN":null,"FAC_TYPE":null,"RTE_1HR":null,"RTE_2HR":null,"RTE_3HR":null,"RTE_ALLDAY":null,"DISABLED":null,"OP_NAME":null,"OP_PHONE":null,"OP_PHONE2":null,"OP_WEB":null,"PAYMENT_TYPE":null,"OTHER":"N","WEBNAME":null,"REGIONID":null,"OUTOFSERV":null,"VACANT":null,"STATUS":null,"DATETIME":null,"SE_ANNO_CAD_DATA":"","SIGNID":null,"GlobalID":"22eaee6a-3938-4cf1-927e-17273cfba2e3"}},{"type":"Feature","id":229648,"geometry":{"type":"Point","coordinates":[-122.342846831794,47.631012960671]},"properties":{"OBJECTID":229648,"BUSLIC_ID":739272,"BUSLIC_LOCATION_ID":744211,"DEA_FACILITY_OWNER":null,"DEA_FACILITY_NAME":"DIAMOND PARKING #A705","DEA_BUSINESS_CONTACT":"JONATHAN DIAMOND","DEA_BUSINESS_PHONE":"2062843100           ","DEA_FACILITY_ADDRESS":"1319 DEXTER AVE N, SEATTLE, WA 98109","DEA_STALLS":30,"FAC_NAME":"DIAMOND PARKING #A705","HRS_MONFRI":null,"HRS_SAT":null,"HRS_SUN":null,"FAC_TYPE":null,"RTE_1HR":null,"RTE_2HR":null,"RTE_3HR":null,"RTE_ALLDAY":null,"DISABLED":null,"OP_NAME":null,"OP_PHONE":null,"OP_PHONE2":null,"OP_WEB":null,"PAYMENT_TYPE":null,"OTHER":"N","WEBNAME":null,"REGIONID":null,"OUTOFSERV":null,"VACANT":null,"STATUS":null,"DATETIME":null,"SE_ANNO_CAD_DATA":"","SIGNID":null,"GlobalID":"2ed0323f-1e66-4fdd-91ff-652e31e6fc7c"}},{"type":"Feature","id":229649,"geometry":{"type":"Point","coordinates":[-122.339595018651,47.6300011288807]},"properties":{"OBJECTID":229649,"BUSLIC_ID":565791,"BUSLIC_LOCATION_ID":618335,"DEA_FACILITY_OWNER":null,"DEA_FACILITY_NAME":"REPUBLIC PARKING 30 556 AGC BUILDING","DEA_BUSINESS_CONTACT":"GARY BECK","DEA_BUSINESS_PHONE":"2067834144           ","DEA_FACILITY_ADDRESS":"1200 WESTLAKE AVE N, SEATTLE, WA 98109","DEA_STALLS":339,"FAC_NAME":"REPUBLIC PARKING 30 556 AGC BUILDING","HRS_MONFRI":null,"HRS_SAT":null,"HRS_SUN":null,"FAC_TYPE":null,"RTE_1HR":null,"RTE_2HR":null,"RTE_3HR":null,"RTE_ALLDAY":null,"DISABLED":null,"OP_NAME":null,"OP_PHONE":null,"OP_PHONE2":null,"OP_WEB":null,"PAYMENT_TYPE":null,"OTHER":"N","WEBNAME":null,"REGIONID":null,"OUTOFSERV":null,"VACANT":null,"STATUS":null,"DATETIME":null,"SE_ANNO_CAD_DATA":"","SIGNID":null,"GlobalID":"e4f86efd-8fca-49e7-9995-a75e5524d89a"}},{"type":"Feature","id":229650,"geometry":{"type":"Point","coordinates":[-122.34308561212,47.6295056424963]},"properties":{"OBJECTID":229650,"BUSLIC_ID":731305,"BUSLIC_LOCATION_ID":738299,"DEA_FACILITY_OWNER":null,"DEA_FACILITY_NAME":"A692","DEA_BUSINESS_CONTACT":"JONATHAN DIAMOND","DEA_BUSINESS_PHONE":"2062843100           ","DEA_FACILITY_ADDRESS":"1114 AURORA AVE N, SEATTLE, WA 98109","DEA_STALLS":25,"FAC_NAME":"A692","HRS_MONFRI":null,"HRS_SAT":null,"HRS_SUN":null,"FAC_TYPE":null,"RTE_1HR":null,"RTE_2HR":null,"RTE_3HR":null,"RTE_ALLDAY":null,"DISABLED":null,"OP_NAME":null,"OP_PHONE":null,"OP_PHONE2":null,"OP_WEB":null,"PAYMENT_TYPE":null,"OTHER":"N","WEBNAME":null,"REGIONID":null,"OUTOFSERV":null,"VACANT":null,"STATUS":null,"DATETIME":null,"SE_ANNO_CAD_DATA":"","SIGNID":null,"GlobalID":"f68248ba-d2e8-4993-8261-558c0b7d94c3"}},{"type":"Feature","id":229651,"geometry":{"type":"Point","coordinates":[-122.342123337705,47.6281705933307]},"properties":{"OBJECTID":229651,"BUSLIC_ID":560689,"BUSLIC_LOCATION_ID":614869,"DEA_FACILITY_OWNER":null,"DEA_FACILITY_NAME":"IMPARK  57","DEA_BUSINESS_CONTACT":"EDWARD DANYLUK","DEA_BUSINESS_PHONE":"2063811789           ","DEA_FACILITY_ADDRESS":"1000 DEXTER AVE N, SEATTLE, WA 98109","DEA_STALLS":576,"FAC_NAME":"IMPARK  57","HRS_MONFRI":null,"HRS_SAT":null,"HRS_SUN":null,"FAC_TYPE":null,"RTE_1HR":null,"RTE_2HR":null,"RTE_3HR":null,"RTE_ALLDAY":null,"DISABLED":null,"OP_NAME":null,"OP_PHONE":null,"OP_PHONE2":null,"OP_WEB":null,"PAYMENT_TYPE":null,"OTHER":"N","WEBNAME":null,"REGIONID":null,"OUTOFSERV":null,"VACANT":null,"STATUS":null,"DATETIME":null,"SE_ANNO_CAD_DATA":"","SIGNID":null,"GlobalID":"6e9f41a1-aa8b-409f-be36-bcf9cb2d3ce8"}},{"type":"Feature","id":229652,"geometry":{"type":"Point","coordinates":[-122.340448917875,47.6278150358993]},"properties":{"OBJECTID":229652,"BUSLIC_ID":714838,"BUSLIC_LOCATION_ID":725091,"DEA_FACILITY_OWNER":null,"DEA_FACILITY_NAME":"DIAMOND PARKING LOT A663","DEA_BUSINESS_CONTACT":"JONATHAN DIAMOND","DEA_BUSINESS_PHONE":"2062843100           ","DEA_FACILITY_ADDRESS":"925 WESTLAKE AVE N, SEATTLE, WA 98109","DEA_STALLS":40,"FAC_NAME":"DIAMOND PARKING LOT A663","HRS_MONFRI":null,"HRS_SAT":null,"HRS_SUN":null,"FAC_TYPE":null,"RTE_1HR":null,"RTE_2HR":null,"RTE_3HR":null,"RTE_ALLDAY":null,"DISABLED":null,"OP_NAME":null,"OP_PHONE":null,"OP_PHONE2":null,"OP_WEB":null,"PAYMENT_TYPE":null,"OTHER":"N","WEBNAME":null,"REGIONID":null,"OUTOFSERV":null,"VACANT":null,"STATUS":null,"DATETIME":null,"SE_ANNO_CAD_DATA":"","SIGNID":null,"GlobalID":"8f6dd1e4-4f1a-448d-a4cf-6dbbc0490847"}},{"type":"Feature","id":229653,"geometry":{"type":"Point","coordinates":[-122.342638091585,47.6273601858541]},"properties":{"OBJECTID":229653,"BUSLIC_ID":733196,"BUSLIC_LOCATION_ID":739720,"DEA_FACILITY_OWNER":null,"DEA_FACILITY_NAME":"DIAMOND PARKING A699","DEA_BUSINESS_CONTACT":"JONATHAN DIAMOND","DEA_BUSINESS_PHONE":"2062843100           ","DEA_FACILITY_ADDRESS":"905 DEXTER AVE N, SEATTLE, WA 98109","DEA_STALLS":33,"FAC_NAME":"DIAMOND PARKING A699","HRS_MONFRI":null,"HRS_SAT":null,"HRS_SUN":null,"FAC_TYPE":null,"RTE_1HR":null,"RTE_2HR":null,"RTE_3HR":null,"RTE_ALLDAY":null,"DISABLED":null,"OP_NAME":null,"OP_PHONE":null,"OP_PHONE2":null,"OP_WEB":null,"PAYMENT_TYPE":null,"OTHER":"N","WEBNAME":null,"REGIONID":null,"OUTOFSERV":null,"VACANT":null,"STATUS":null,"DATETIME":null,"SE_ANNO_CAD_DATA":"","SIGNID":null,"GlobalID":"cd47d1f3-5567-4e01-9fe6-b84ee9fcf479"}},{"type":"Feature","id":229654,"geometry":{"type":"Point","coordinates":[-122.334994306612,47.6267324420592]},"properties":{"OBJECTID":229654,"BUSLIC_ID":723275,"BUSLIC_LOCATION_ID":731953,"DEA_FACILITY_OWNER":null,"DEA_FACILITY_NAME":"DIAMOND PARKING INC 0602","DEA_BUSINESS_CONTACT":"BOB TURLEY","DEA_BUSINESS_PHONE":"2062843100           ","DEA_FACILITY_ADDRESS":"809 FAIRVIEW AVE N, SEATTLE, WA 98109","DEA_STALLS":174,"FAC_NAME":"DIAMOND PARKING INC 0602","HRS_MONFRI":null,"HRS_SAT":null,"HRS_SUN":null,"FAC_TYPE":null,"RTE_1HR":null,"RTE_2HR":null,"RTE_3HR":null,"RTE_ALLDAY":null,"DISABLED":null,"OP_NAME":null,"OP_PHONE":null,"OP_PHONE2":null,"OP_WEB":null,"PAYMENT_TYPE":null,"OTHER":"N","WEBNAME":null,"REGIONID":null,"OUTOFSERV":null,"VACANT":null,"STATUS":null,"DATETIME":null,"SE_ANNO_CAD_DATA":"","SIGNID":null,"GlobalID":"43c7e7dd-d003-4831-8ab5-ff63b5f53e68"}},{"type":"Feature","id":229655,"geometry":{"type":"Point","coordinates":[-122.343219938784,47.6260904887869]},"properties":{"OBJECTID":229655,"BUSLIC_ID":717266,"BUSLIC_LOCATION_ID":727114,"DEA_FACILITY_OWNER":null,"DEA_FACILITY_NAME":"DIAMOND PARKING SERVICES A665","DEA_BUSINESS_CONTACT":"JONATHAN DIAMOND","DEA_BUSINESS_PHONE":"2062843100           ","DEA_FACILITY_ADDRESS":"712 AURORA AVE N, SEATTLE, WA 98109","DEA_STALLS":19,"FAC_NAME":"DIAMOND PARKING SERVICES A665","HRS_MONFRI":null,"HRS_SAT":null,"HRS_SUN":null,"FAC_TYPE":null,"RTE_1HR":null,"RTE_2HR":null,"RTE_3HR":null,"RTE_ALLDAY":null,"DISABLED":null,"OP_NAME":null,"OP_PHONE":null,"OP_PHONE2":null,"OP_WEB":null,"PAYMENT_TYPE":null,"OTHER":"N","WEBNAME":null,"REGIONID":null,"OUTOFSERV":null,"VACANT":null,"STATUS":null,"DATETIME":null,"SE_ANNO_CAD_DATA":"","SIGNID":null,"GlobalID":"70f10b30-6ebb-4947-8a64-1ce5f0f2a0ff"}},{"type":"Feature","id":229656,"geometry":{"type":"Point","coordinates":[-122.341403346912,47.629082784574]},"properties":{"OBJECTID":229656,"BUSLIC_ID":727579,"BUSLIC_LOCATION_ID":735389,"DEA_FACILITY_OWNER":null,"DEA_FACILITY_NAME":"DIAMOND PARKING 0228","DEA_BUSINESS_CONTACT":"BOB TURLEY","DEA_BUSINESS_PHONE":"2064367204           ","DEA_FACILITY_ADDRESS":"1101 WESTLAKE AVE N, SEATTLE, WA 98109","DEA_STALLS":103,"FAC_NAME":"DIAMOND PARKING 0228","HRS_MONFRI":null,"HRS_SAT":null,"HRS_SUN":null,"FAC_TYPE":null,"RTE_1HR":null,"RTE_2HR":null,"RTE_3HR":null,"RTE_ALLDAY":null,"DISABLED":null,"OP_NAME":null,"OP_PHONE":null,"OP_PHONE2":null,"OP_WEB":null,"PAYMENT_TYPE":null,"OTHER":"N","WEBNAME":null,"REGIONID":null,"OUTOFSERV":null,"VACANT":null,"STATUS":null,"DATETIME":null,"SE_ANNO_CAD_DATA":"","SIGNID":null,"GlobalID":"5a2d12d2-5718-4f1b-95fb-e34640ee6346"}},{"type":"Feature","id":229657,"geometry":{"type":"Point","coordinates":[-122.340131719052,47.6255719819844]},"properties":{"OBJECTID":229657,"BUSLIC_ID":671304,"BUSLIC_LOCATION_ID":693812,"DEA_FACILITY_OWNER":null,"DEA_FACILITY_NAME":"DIAMOND PARKING  A484","DEA_BUSINESS_CONTACT":"JONATHAN DIAMOND","DEA_BUSINESS_PHONE":"2062843100           ","DEA_FACILITY_ADDRESS":"701 9TH AVE N, SEATTLE, WA 98109","DEA_STALLS":41,"FAC_NAME":"DIAMOND PARKING  A484","HRS_MONFRI":null,"HRS_SAT":null,"HRS_SUN":null,"FAC_TYPE":null,"RTE_1HR":null,"RTE_2HR":null,"RTE_3HR":null,"RTE_ALLDAY":null,"DISABLED":null,"OP_NAME":null,"OP_PHONE":null,"OP_PHONE2":null,"OP_WEB":null,"PAYMENT_TYPE":null,"OTHER":"N","WEBNAME":null,"REGIONID":null,"OUTOFSERV":null,"VACANT":null,"STATUS":null,"DATETIME":null,"SE_ANNO_CAD_DATA":"","SIGNID":null,"GlobalID":"e4658af3-6b1c-4c3c-9af9-1b502061080e"}},{"type":"Feature","id":229658,"geometry":{"type":"Point","coordinates":[-122.344561750984,47.6251904441329]},"properties":{"OBJECTID":229658,"BUSLIC_ID":574588,"BUSLIC_LOCATION_ID":625125,"DEA_FACILITY_OWNER":null,"DEA_FACILITY_NAME":"DIAMOND PARKING  A289","DEA_BUSINESS_CONTACT":"JONATHAN DIAMOND","DEA_BUSINESS_PHONE":"2062843100           ","DEA_FACILITY_ADDRESS":"601 ROY ST, SEATTLE, WA 98109","DEA_STALLS":52,"FAC_NAME":"DIAMOND PARKING  A289","HRS_MONFRI":null,"HRS_SAT":null,"HRS_SUN":null,"FAC_TYPE":null,"RTE_1HR":null,"RTE_2HR":null,"RTE_3HR":null,"RTE_ALLDAY":null,"DISABLED":null,"OP_NAME":null,"OP_PHONE":null,"OP_PHONE2":null,"OP_WEB":null,"PAYMENT_TYPE":null,"OTHER":"N","WEBNAME":null,"REGIONID":null,"OUTOFSERV":null,"VACANT":null,"STATUS":null,"DATETIME":null,"SE_ANNO_CAD_DATA":"","SIGNID":null,"GlobalID":"302ee5bd-f2f9-4f7d-bfa5-c86c9c7579fd"}},{"type":"Feature","id":229659,"geometry":{"type":"Point","coordinates":[-122.32534641388,47.6320680631802]},"properties":{"OBJECTID":229659,"BUSLIC_ID":671796,"BUSLIC_LOCATION_ID":76117,"DEA_FACILITY_OWNER":null,"DEA_FACILITY_NAME":"REPUBLIC PARKING  138","DEA_BUSINESS_CONTACT":"GARY BECK","DEA_BUSINESS_PHONE":"2067834144           ","DEA_FACILITY_ADDRESS":"219 E GALER ST, SEATTLE, WA 98102","DEA_STALLS":134,"FAC_NAME":"REPUBLIC PARKING  138","HRS_MONFRI":null,"HRS_SAT":null,"HRS_SUN":null,"FAC_TYPE":null,"RTE_1HR":null,"RTE_2HR":null,"RTE_3HR":null,"RTE_ALLDAY":null,"DISABLED":null,"OP_NAME":null,"OP_PHONE":null,"OP_PHONE2":null,"OP_WEB":null,"PAYMENT_TYPE":null,"OTHER":"N","WEBNAME":null,"REGIONID":null,"OUTOFSERV":null,"VACANT":null,"STATUS":null,"DATETIME":null,"SE_ANNO_CAD_DATA":"","SIGNID":null,"GlobalID":"55de7abd-346e-411a-9c73-0f1475b43c08"}},{"type":"Feature","id":229660,"geometry":{"type":"Point","coordinates":[-122.331728638522,47.629019508238]},"properties":{"OBJECTID":229660,"BUSLIC_ID":534580,"BUSLIC_LOCATION_ID":595336,"DEA_FACILITY_OWNER":null,"DEA_FACILITY_NAME":"DIAMOND  A874","DEA_BUSINESS_CONTACT":"JONATHAN DIAMOND","DEA_BUSINESS_PHONE":"2062843100           ","DEA_FACILITY_ADDRESS":"1001 FAIRVIEW AVE N, SEATTLE, WA 98109","DEA_STALLS":88,"FAC_NAME":"DIAMOND  A874","HRS_MONFRI":null,"HRS_SAT":null,"HRS_SUN":null,"FAC_TYPE":null,"RTE_1HR":null,"RTE_2HR":null,"RTE_3HR":null,"RTE_ALLDAY":null,"DISABLED":null,"OP_NAME":null,"OP_PHONE":null,"OP_PHONE2":null,"OP_WEB":null,"PAYMENT_TYPE":null,"OTHER":"N","WEBNAME":null,"REGIONID":null,"OUTOFSERV":null,"VACANT":null,"STATUS":null,"DATETIME":null,"SE_ANNO_CAD_DATA":"","SIGNID":null,"GlobalID":"c0729e60-a952-4e42-800f-4ac8e1ff5df5"}},{"type":"Feature","id":229661,"geometry":{"type":"Point","coordinates":[-122.333838169719,47.6277421338999]},"properties":{"OBJECTID":229661,"BUSLIC_ID":723271,"BUSLIC_LOCATION_ID":731906,"DEA_FACILITY_OWNER":null,"DEA_FACILITY_NAME":"DIAMOND PARKING INC 0601","DEA_BUSINESS_CONTACT":"BOB TURLEY","DEA_BUSINESS_PHONE":"2062643100           ","DEA_FACILITY_ADDRESS":"901 FAIRVIEW AVE N, SEATTLE, WA 98109","DEA_STALLS":175,"FAC_NAME":"DIAMOND PARKING INC 0601","HRS_MONFRI":null,"HRS_SAT":null,"HRS_SUN":null,"FAC_TYPE":null,"RTE_1HR":null,"RTE_2HR":null,"RTE_3HR":null,"RTE_ALLDAY":null,"DISABLED":null,"OP_NAME":null,"OP_PHONE":null,"OP_PHONE2":null,"OP_WEB":null,"PAYMENT_TYPE":null,"OTHER":"N","WEBNAME":null,"REGIONID":null,"OUTOFSERV":null,"VACANT":null,"STATUS":null,"DATETIME":null,"SE_ANNO_CAD_DATA":"","SIGNID":null,"GlobalID":"58eae2d3-6387-4db0-a161-c10b0e1a682c"}},{"type":"Feature","id":229662,"geometry":{"type":"Point","coordinates":[-122.322037886695,47.6271531416018]},"properties":{"OBJECTID":229662,"BUSLIC_ID":519690,"BUSLIC_LOCATION_ID":573094,"DEA_FACILITY_OWNER":null,"DEA_FACILITY_NAME":"DIAMOND PARKING  A834","DEA_BUSINESS_CONTACT":"JONATHAN DIAMOND","DEA_BUSINESS_PHONE":"2062846303           ","DEA_FACILITY_ADDRESS":"800 E ALOHA ST, SEATTLE, WA 98102","DEA_STALLS":40,"FAC_NAME":"DIAMOND PARKING  A834","HRS_MONFRI":null,"HRS_SAT":null,"HRS_SUN":null,"FAC_TYPE":null,"RTE_1HR":null,"RTE_2HR":null,"RTE_3HR":null,"RTE_ALLDAY":null,"DISABLED":null,"OP_NAME":null,"OP_PHONE":null,"OP_PHONE2":null,"OP_WEB":null,"PAYMENT_TYPE":null,"OTHER":"N","WEBNAME":null,"REGIONID":null,"OUTOFSERV":null,"VACANT":null,"STATUS":null,"DATETIME":null,"SE_ANNO_CAD_DATA":"","SIGNID":null,"GlobalID":"2d7300f8-18e4-4d75-a4e1-4a0461bc586c"}},{"type":"Feature","id":229663,"geometry":{"type":"Point","coordinates":[-122.300351302225,47.6671365083717]},"properties":{"OBJECTID":229663,"BUSLIC_ID":717270,"BUSLIC_LOCATION_ID":727117,"DEA_FACILITY_OWNER":null,"DEA_FACILITY_NAME":"DIAMOND PARKING SERVICES WX25","DEA_BUSINESS_CONTACT":"JONATHAN DIAMOND","DEA_BUSINESS_PHONE":"2062843100           ","DEA_FACILITY_ADDRESS":"5116 25TH AVE NE, SEATTLE, WA 98105","DEA_STALLS":17,"FAC_NAME":"DIAMOND PARKING SERVICES WX25","HRS_MONFRI":null,"HRS_SAT":null,"HRS_SUN":null,"FAC_TYPE":null,"RTE_1HR":null,"RTE_2HR":null,"RTE_3HR":null,"RTE_ALLDAY":null,"DISABLED":null,"OP_NAME":null,"OP_PHONE":null,"OP_PHONE2":null,"OP_WEB":null,"PAYMENT_TYPE":null,"OTHER":"N","WEBNAME":null,"REGIONID":null,"OUTOFSERV":null,"VACANT":null,"STATUS":null,"DATETIME":null,"SE_ANNO_CAD_DATA":"","SIGNID":null,"GlobalID":"c0e7a419-ac9e-44dd-88c8-86090aaa71bf"}},{"type":"Feature","id":229664,"geometry":{"type":"Point","coordinates":[-122.356191475734,47.6250635414667]},"properties":{"OBJECTID":229664,"BUSLIC_ID":534450,"BUSLIC_LOCATION_ID":593920,"DEA_FACILITY_OWNER":null,"DEA_FACILITY_NAME":"DIAMOND  A228","DEA_BUSINESS_CONTACT":"JONATHAN DIAMOND","DEA_BUSINESS_PHONE":"2062843100           ","DEA_FACILITY_ADDRESS":"10 MERCER ST, SEATTLE, WA 98109","DEA_STALLS":7,"FAC_NAME":"DIAMOND  A228","HRS_MONFRI":null,"HRS_SAT":null,"HRS_SUN":null,"FAC_TYPE":null,"RTE_1HR":null,"RTE_2HR":null,"RTE_3HR":null,"RTE_ALLDAY":null,"DISABLED":null,"OP_NAME":null,"OP_PHONE":null,"OP_PHONE2":null,"OP_WEB":null,"PAYMENT_TYPE":null,"OTHER":"N","WEBNAME":null,"REGIONID":null,"OUTOFSERV":null,"VACANT":null,"STATUS":null,"DATETIME":null,"SE_ANNO_CAD_DATA":"","SIGNID":null,"GlobalID":"f7c46a10-1026-4786-8118-64393ab4761d"}},{"type":"Feature","id":229665,"geometry":{"type":"Point","coordinates":[-122.35965305121,47.6249744178579]},"properties":{"OBJECTID":229665,"BUSLIC_ID":83084,"BUSLIC_LOCATION_ID":76116,"DEA_FACILITY_OWNER":null,"DEA_FACILITY_NAME":"REPUBLIC PARKING 133 QUEEN ANNE SQUARE","DEA_BUSINESS_CONTACT":"GARY BECK","DEA_BUSINESS_PHONE":"2067834144           ","DEA_FACILITY_ADDRESS":"200 W MERCER ST, SEATTLE, WA 98119","DEA_STALLS":278,"FAC_NAME":"REPUBLIC PARKING 133 QUEEN ANNE SQUARE","HRS_MONFRI":null,"HRS_SAT":null,"HRS_SUN":null,"FAC_TYPE":null,"RTE_1HR":null,"RTE_2HR":null,"RTE_3HR":null,"RTE_ALLDAY":null,"DISABLED":null,"OP_NAME":null,"OP_PHONE":null,"OP_PHONE2":null,"OP_WEB":null,"PAYMENT_TYPE":null,"OTHER":"N","WEBNAME":null,"REGIONID":null,"OUTOFSERV":null,"VACANT":null,"STATUS":null,"DATETIME":null,"SE_ANNO_CAD_DATA":"","SIGNID":null,"GlobalID":"e4088976-3132-41c9-b6dd-b4c3a2722677"}},{"type":"Feature","id":229666,"geometry":{"type":"Point","coordinates":[-122.355809145694,47.6248546993171]},"properties":{"OBJECTID":229666,"BUSLIC_ID":690770,"BUSLIC_LOCATION_ID":582911,"DEA_FACILITY_OWNER":null,"DEA_FACILITY_NAME":"UNITED PARKING  4513","DEA_BUSINESS_CONTACT":"JONATHAN DIAMOND","DEA_BUSINESS_PHONE":"2062846303           ","DEA_FACILITY_ADDRESS":"14 MERCER ST, SEATTLE, WA 98109","DEA_STALLS":61,"FAC_NAME":"UNITED PARKING  4513","HRS_MONFRI":null,"HRS_SAT":null,"HRS_SUN":null,"FAC_TYPE":null,"RTE_1HR":null,"RTE_2HR":null,"RTE_3HR":null,"RTE_ALLDAY":null,"DISABLED":null,"OP_NAME":null,"OP_PHONE":null,"OP_PHONE2":null,"OP_WEB":null,"PAYMENT_TYPE":null,"OTHER":"N","WEBNAME":null,"REGIONID":null,"OUTOFSERV":null,"VACANT":null,"STATUS":null,"DATETIME":null,"SE_ANNO_CAD_DATA":"","SIGNID":null,"GlobalID":"3140a6e2-c0e6-4386-861d-78439c6ac297"}},{"type":"Feature","id":229667,"geometry":{"type":"Point","coordinates":[-122.355809145694,47.6248546993171]},"properties":{"OBJECTID":229667,"BUSLIC_ID":669047,"BUSLIC_LOCATION_ID":584186,"DEA_FACILITY_OWNER":null,"DEA_FACILITY_NAME":"DIAMOND PARKING  A387","DEA_BUSINESS_CONTACT":"JONATHAN DIAMOND","DEA_BUSINESS_PHONE":"2069929475           ","DEA_FACILITY_ADDRESS":"20 MERCER ST, SEATTLE, WA 98109","DEA_STALLS":17,"FAC_NAME":"DIAMOND PARKING  A387","HRS_MONFRI":null,"HRS_SAT":null,"HRS_SUN":null,"FAC_TYPE":null,"RTE_1HR":null,"RTE_2HR":null,"RTE_3HR":null,"RTE_ALLDAY":null,"DISABLED":null,"OP_NAME":null,"OP_PHONE":null,"OP_PHONE2":null,"OP_WEB":null,"PAYMENT_TYPE":null,"OTHER":"N","WEBNAME":null,"REGIONID":null,"OUTOFSERV":null,"VACANT":null,"STATUS":null,"DATETIME":null,"SE_ANNO_CAD_DATA":"","SIGNID":null,"GlobalID":"33230761-3e6f-4f88-bf4f-92f8efeb5a4b"}},{"type":"Feature","id":229668,"geometry":{"type":"Point","coordinates":[-122.358238153641,47.6247799684786]},"properties":{"OBJECTID":229668,"BUSLIC_ID":673024,"BUSLIC_LOCATION_ID":695094,"DEA_FACILITY_OWNER":null,"DEA_FACILITY_NAME":"BOA QUEEN ANNE","DEA_BUSINESS_CONTACT":"ALAN LAZOWSKI","DEA_BUSINESS_PHONE":"8605227641           ","DEA_FACILITY_ADDRESS":"100 W MERCER ST, SEATTLE, WA 98119-3930","DEA_STALLS":38,"FAC_NAME":"BOA QUEEN ANNE","HRS_MONFRI":null,"HRS_SAT":null,"HRS_SUN":null,"FAC_TYPE":null,"RTE_1HR":null,"RTE_2HR":null,"RTE_3HR":null,"RTE_ALLDAY":null,"DISABLED":null,"OP_NAME":null,"OP_PHONE":null,"OP_PHONE2":null,"OP_WEB":null,"PAYMENT_TYPE":null,"OTHER":"N","WEBNAME":null,"REGIONID":null,"OUTOFSERV":null,"VACANT":null,"STATUS":null,"DATETIME":null,"SE_ANNO_CAD_DATA":"","SIGNID":null,"GlobalID":"679bc473-8c7e-4265-a2d2-89be389f631a"}},{"type":"Feature","id":229669,"geometry":{"type":"Point","coordinates":[-122.359628268674,47.6223783295199]},"properties":{"OBJECTID":229669,"BUSLIC_ID":588419,"BUSLIC_LOCATION_ID":635157,"DEA_FACILITY_OWNER":null,"DEA_FACILITY_NAME":"DIAMOND PARKING  A046","DEA_BUSINESS_CONTACT":"JONATHAN DIAMOND","DEA_BUSINESS_PHONE":"2062846303           ","DEA_FACILITY_ADDRESS":"401 2ND AVE W, SEATTLE, WA 98119","DEA_STALLS":42,"FAC_NAME":"DIAMOND PARKING  A046","HRS_MONFRI":null,"HRS_SAT":null,"HRS_SUN":null,"FAC_TYPE":null,"RTE_1HR":null,"RTE_2HR":null,"RTE_3HR":null,"RTE_ALLDAY":null,"DISABLED":null,"OP_NAME":null,"OP_PHONE":null,"OP_PHONE2":null,"OP_WEB":null,"PAYMENT_TYPE":null,"OTHER":"N","WEBNAME":null,"REGIONID":null,"OUTOFSERV":null,"VACANT":null,"STATUS":null,"DATETIME":null,"SE_ANNO_CAD_DATA":"","SIGNID":null,"GlobalID":"8b9690ae-4527-4811-a32c-7cd5d48fee84"}},{"type":"Feature","id":229670,"geometry":{"type":"Point","coordinates":[-122.356528580966,47.6222999415374]},"properties":{"OBJECTID":229670,"BUSLIC_ID":5376,"BUSLIC_LOCATION_ID":4530,"DEA_FACILITY_OWNER":null,"DEA_FACILITY_NAME":"U PARK 25","DEA_BUSINESS_CONTACT":"KEN JR PHILLIPS","DEA_BUSINESS_PHONE":"2062849797           ","DEA_FACILITY_ADDRESS":"10 HARRISON ST, SEATTLE, WA 98109","DEA_STALLS":52,"FAC_NAME":"U PARK 25","HRS_MONFRI":null,"HRS_SAT":null,"HRS_SUN":null,"FAC_TYPE":null,"RTE_1HR":null,"RTE_2HR":null,"RTE_3HR":null,"RTE_ALLDAY":null,"DISABLED":null,"OP_NAME":null,"OP_PHONE":null,"OP_PHONE2":null,"OP_WEB":null,"PAYMENT_TYPE":null,"OTHER":"N","WEBNAME":null,"REGIONID":null,"OUTOFSERV":null,"VACANT":null,"STATUS":null,"DATETIME":null,"SE_ANNO_CAD_DATA":"","SIGNID":null,"GlobalID":"da41d0f3-19d3-4eb6-8b0f-b2bd02e92ed2"}},{"type":"Feature","id":229671,"geometry":{"type":"Point","coordinates":[-122.356946824665,47.6219290804649]},"properties":{"OBJECTID":229671,"BUSLIC_ID":5326,"BUSLIC_LOCATION_ID":4505,"DEA_FACILITY_OWNER":null,"DEA_FACILITY_NAME":"U PARK 100","DEA_BUSINESS_CONTACT":"KEN JR PHILLIPS","DEA_BUSINESS_PHONE":"2062849797           ","DEA_FACILITY_ADDRESS":"5 W HARRISON ST, SEATTLE, WA 98119","DEA_STALLS":17,"FAC_NAME":"U PARK 100","HRS_MONFRI":null,"HRS_SAT":null,"HRS_SUN":null,"FAC_TYPE":null,"RTE_1HR":null,"RTE_2HR":null,"RTE_3HR":null,"RTE_ALLDAY":null,"DISABLED":null,"OP_NAME":null,"OP_PHONE":null,"OP_PHONE2":null,"OP_WEB":null,"PAYMENT_TYPE":null,"OTHER":"N","WEBNAME":null,"REGIONID":null,"OUTOFSERV":null,"VACANT":null,"STATUS":null,"DATETIME":null,"SE_ANNO_CAD_DATA":"","SIGNID":null,"GlobalID":"fa43694a-ab62-4245-a514-34d9d1f39394"}},{"type":"Feature","id":229672,"geometry":{"type":"Point","coordinates":[-122.357680064071,47.6201352449082]},"properties":{"OBJECTID":229672,"BUSLIC_ID":554630,"BUSLIC_LOCATION_ID":4565,"DEA_FACILITY_OWNER":null,"DEA_FACILITY_NAME":"U PARK 61","DEA_BUSINESS_CONTACT":"KEN JR PHILLIPS","DEA_BUSINESS_PHONE":"2062849797           ","DEA_FACILITY_ADDRESS":"200 1ST AVE W, SEATTLE, WA 98119","DEA_STALLS":89,"FAC_NAME":"U PARK 61","HRS_MONFRI":null,"HRS_SAT":null,"HRS_SUN":null,"FAC_TYPE":null,"RTE_1HR":null,"RTE_2HR":null,"RTE_3HR":null,"RTE_ALLDAY":null,"DISABLED":null,"OP_NAME":null,"OP_PHONE":null,"OP_PHONE2":null,"OP_WEB":null,"PAYMENT_TYPE":null,"OTHER":"N","WEBNAME":null,"REGIONID":null,"OUTOFSERV":null,"VACANT":null,"STATUS":null,"DATETIME":null,"SE_ANNO_CAD_DATA":"","SIGNID":null,"GlobalID":"e88ef954-7aa3-42d4-a2be-891d4abe178a"}},{"type":"Feature","id":229673,"geometry":{"type":"Point","coordinates":[-122.356501487586,47.62043917025]},"properties":{"OBJECTID":229673,"BUSLIC_ID":5515,"BUSLIC_LOCATION_ID":4600,"DEA_FACILITY_OWNER":null,"DEA_FACILITY_NAME":"U PARK 96","DEA_BUSINESS_CONTACT":"KEN JR PHILLIPS","DEA_BUSINESS_PHONE":"2066245353           ","DEA_FACILITY_ADDRESS":"216 QUEEN ANNE AVE N, SEATTLE, WA 98109","DEA_STALLS":15,"FAC_NAME":"U PARK 96","HRS_MONFRI":null,"HRS_SAT":null,"HRS_SUN":null,"FAC_TYPE":null,"RTE_1HR":null,"RTE_2HR":null,"RTE_3HR":null,"RTE_ALLDAY":null,"DISABLED":null,"OP_NAME":null,"OP_PHONE":null,"OP_PHONE2":null,"OP_WEB":null,"PAYMENT_TYPE":null,"OTHER":"N","WEBNAME":null,"REGIONID":null,"OUTOFSERV":null,"VACANT":null,"STATUS":null,"DATETIME":null,"SE_ANNO_CAD_DATA":"","SIGNID":null,"GlobalID":"cee5d651-cbc7-4954-9810-ca7e958773ce"}},{"type":"Feature","id":229674,"geometry":{"type":"Point","coordinates":[-122.356979979227,47.6202675881133]},"properties":{"OBJECTID":229674,"BUSLIC_ID":670333,"BUSLIC_LOCATION_ID":582421,"DEA_FACILITY_OWNER":null,"DEA_FACILITY_NAME":"DIAMOND PARKING  A479","DEA_BUSINESS_CONTACT":"JONATHAN DIAMOND","DEA_BUSINESS_PHONE":"2069929475           ","DEA_FACILITY_ADDRESS":"215 QUEEN ANNE AVE N, SEATTLE, WA 98109","DEA_STALLS":35,"FAC_NAME":"DIAMOND PARKING  A479","HRS_MONFRI":null,"HRS_SAT":null,"HRS_SUN":null,"FAC_TYPE":null,"RTE_1HR":null,"RTE_2HR":null,"RTE_3HR":null,"RTE_ALLDAY":null,"DISABLED":null,"OP_NAME":null,"OP_PHONE":null,"OP_PHONE2":null,"OP_WEB":null,"PAYMENT_TYPE":null,"OTHER":"N","WEBNAME":null,"REGIONID":null,"OUTOFSERV":null,"VACANT":null,"STATUS":null,"DATETIME":null,"SE_ANNO_CAD_DATA":"","SIGNID":null,"GlobalID":"c0b96db7-d8ec-4da4-8eed-a995fa2314e4"}},{"type":"Feature","id":229675,"geometry":{"type":"Point","coordinates":[-122.358915739904,47.6192795558072]},"properties":{"OBJECTID":229675,"BUSLIC_ID":588417,"BUSLIC_LOCATION_ID":635155,"DEA_FACILITY_OWNER":null,"DEA_FACILITY_NAME":"DIAMOND PARKING  A038","DEA_BUSINESS_CONTACT":"JONATHAN DIAMOND","DEA_BUSINESS_PHONE":"2066846303           ","DEA_FACILITY_ADDRESS":"136 ELLIOTT AVE W, SEATTLE, WA 98119","DEA_STALLS":3,"FAC_NAME":"DIAMOND PARKING  A038","HRS_MONFRI":null,"HRS_SAT":null,"HRS_SUN":null,"FAC_TYPE":null,"RTE_1HR":null,"RTE_2HR":null,"RTE_3HR":null,"RTE_ALLDAY":null,"DISABLED":null,"OP_NAME":null,"OP_PHONE":null,"OP_PHONE2":null,"OP_WEB":null,"PAYMENT_TYPE":null,"OTHER":"N","WEBNAME":null,"REGIONID":null,"OUTOFSERV":null,"VACANT":null,"STATUS":null,"DATETIME":null,"SE_ANNO_CAD_DATA":"","SIGNID":null,"GlobalID":"d85cbb40-5c70-490d-9b9f-7a952ba31f3a"}},{"type":"Feature","id":229676,"geometry":{"type":"Point","coordinates":[-122.359371664761,47.6189586285209]},"properties":{"OBJECTID":229676,"BUSLIC_ID":558992,"BUSLIC_LOCATION_ID":613599,"DEA_FACILITY_OWNER":null,"DEA_FACILITY_NAME":"REPUBLIC PARKING 554 PI BLDG","DEA_BUSINESS_CONTACT":"GARY BECK","DEA_BUSINESS_PHONE":"2067834144           ","DEA_FACILITY_ADDRESS":"101 ELLIOTT AVE W, SEATTLE, WA 98119","DEA_STALLS":225,"FAC_NAME":"REPUBLIC PARKING 554 PI BLDG","HRS_MONFRI":null,"HRS_SAT":null,"HRS_SUN":null,"FAC_TYPE":null,"RTE_1HR":null,"RTE_2HR":null,"RTE_3HR":null,"RTE_ALLDAY":null,"DISABLED":null,"OP_NAME":null,"OP_PHONE":null,"OP_PHONE2":null,"OP_WEB":null,"PAYMENT_TYPE":null,"OTHER":"N","WEBNAME":null,"REGIONID":null,"OUTOFSERV":null,"VACANT":null,"STATUS":null,"DATETIME":null,"SE_ANNO_CAD_DATA":"","SIGNID":null,"GlobalID":"2a7ad281-7f0a-4df6-a5a9-ed605e98993a"}},{"type":"Feature","id":229677,"geometry":{"type":"Point","coordinates":[-122.358706167541,47.6183263429755]},"properties":{"OBJECTID":229677,"BUSLIC_ID":574677,"BUSLIC_LOCATION_ID":572469,"DEA_FACILITY_OWNER":null,"DEA_FACILITY_NAME":"DIAMOND PARKING  A002","DEA_BUSINESS_CONTACT":"JONATHAN DIAMOND","DEA_BUSINESS_PHONE":"2062846303           ","DEA_FACILITY_ADDRESS":"3161 ELLIOTT AVE AV, SEATTLE, WA 98121","DEA_STALLS":131,"FAC_NAME":"DIAMOND PARKING  A002","HRS_MONFRI":null,"HRS_SAT":null,"HRS_SUN":null,"FAC_TYPE":null,"RTE_1HR":null,"RTE_2HR":null,"RTE_3HR":null,"RTE_ALLDAY":null,"DISABLED":null,"OP_NAME":null,"OP_PHONE":null,"OP_PHONE2":null,"OP_WEB":null,"PAYMENT_TYPE":null,"OTHER":"N","WEBNAME":null,"REGIONID":null,"OUTOFSERV":null,"VACANT":null,"STATUS":null,"DATETIME":null,"SE_ANNO_CAD_DATA":"","SIGNID":null,"GlobalID":"b7384166-bc35-4bce-96bb-285e4827da39"}},{"type":"Feature","id":229678,"geometry":{"type":"Point","coordinates":[-122.35970224359,47.6241163676797]},"properties":{"OBJECTID":229678,"BUSLIC_ID":83162,"BUSLIC_LOCATION_ID":76155,"DEA_FACILITY_OWNER":null,"DEA_FACILITY_NAME":"REPUBLIC PARKING  515F","DEA_BUSINESS_CONTACT":"GARY BECK","DEA_BUSINESS_PHONE":"2067834144           ","DEA_FACILITY_ADDRESS":"525 2ND AVE W, SEATTLE, WA 98119","DEA_STALLS":30,"FAC_NAME":"REPUBLIC PARKING  515F","HRS_MONFRI":null,"HRS_SAT":null,"HRS_SUN":null,"FAC_TYPE":null,"RTE_1HR":null,"RTE_2HR":null,"RTE_3HR":null,"RTE_ALLDAY":null,"DISABLED":null,"OP_NAME":null,"OP_PHONE":null,"OP_PHONE2":null,"OP_WEB":null,"PAYMENT_TYPE":null,"OTHER":"N","WEBNAME":null,"REGIONID":null,"OUTOFSERV":null,"VACANT":null,"STATUS":null,"DATETIME":null,"SE_ANNO_CAD_DATA":"","SIGNID":null,"GlobalID":"a8a3c38f-3f9a-4209-a4fa-b84f122589da"}},{"type":"Feature","id":229679,"geometry":{"type":"Point","coordinates":[-122.355903924944,47.6224468432347]},"properties":{"OBJECTID":229679,"BUSLIC_ID":669143,"BUSLIC_LOCATION_ID":4506,"DEA_FACILITY_OWNER":null,"DEA_FACILITY_NAME":"U PARK 34","DEA_BUSINESS_CONTACT":"KEN JR PHILLIPS","DEA_BUSINESS_PHONE":"2066340550           ","DEA_FACILITY_ADDRESS":"411 1ST AVE N, SEATTLE, WA 98109","DEA_STALLS":88,"FAC_NAME":"U PARK 34","HRS_MONFRI":null,"HRS_SAT":null,"HRS_SUN":null,"FAC_TYPE":null,"RTE_1HR":null,"RTE_2HR":null,"RTE_3HR":null,"RTE_ALLDAY":null,"DISABLED":null,"OP_NAME":null,"OP_PHONE":null,"OP_PHONE2":null,"OP_WEB":null,"PAYMENT_TYPE":null,"OTHER":"N","WEBNAME":null,"REGIONID":null,"OUTOFSERV":null,"VACANT":null,"STATUS":null,"DATETIME":null,"SE_ANNO_CAD_DATA":"","SIGNID":null,"GlobalID":"0523130e-6148-40f1-bd5a-d687249da380"}},{"type":"Feature","id":229680,"geometry":{"type":"Point","coordinates":[-122.355863250473,47.6219270212906]},"properties":{"OBJECTID":229680,"BUSLIC_ID":672907,"BUSLIC_LOCATION_ID":694994,"DEA_FACILITY_OWNER":null,"DEA_FACILITY_NAME":"DIAMOND PARKING  A486","DEA_BUSINESS_CONTACT":"JONATHAN DIAMOND","DEA_BUSINESS_PHONE":"2062813400           ","DEA_FACILITY_ADDRESS":"325 1ST AVE N, SEATTLE, WA 98109","DEA_STALLS":40,"FAC_NAME":"DIAMOND PARKING  A486","HRS_MONFRI":null,"HRS_SAT":null,"HRS_SUN":null,"FAC_TYPE":null,"RTE_1HR":null,"RTE_2HR":null,"RTE_3HR":null,"RTE_ALLDAY":null,"DISABLED":null,"OP_NAME":null,"OP_PHONE":null,"OP_PHONE2":null,"OP_WEB":null,"PAYMENT_TYPE":null,"OTHER":"N","WEBNAME":null,"REGIONID":null,"OUTOFSERV":null,"VACANT":null,"STATUS":null,"DATETIME":null,"SE_ANNO_CAD_DATA":"","SIGNID":null,"GlobalID":"cb5ee80f-eef5-4927-8b9b-72bc6fa15307"}},{"type":"Feature","id":229681,"geometry":{"type":"Point","coordinates":[-122.385518021269,47.6682457983579]},"properties":{"OBJECTID":229681,"BUSLIC_ID":729848,"BUSLIC_LOCATION_ID":737192,"DEA_FACILITY_OWNER":null,"DEA_FACILITY_NAME":"DIAMOND PARKING LOT WU59","DEA_BUSINESS_CONTACT":"JONATHAN DIAMOND","DEA_BUSINESS_PHONE":"2062843100           ","DEA_FACILITY_ADDRESS":"5420 BALLARD AVE NW, SEATTLE, WA 98107","DEA_STALLS":6,"FAC_NAME":"DIAMOND PARKING LOT WU59","HRS_MONFRI":null,"HRS_SAT":null,"HRS_SUN":null,"FAC_TYPE":null,"RTE_1HR":null,"RTE_2HR":null,"RTE_3HR":null,"RTE_ALLDAY":null,"DISABLED":null,"OP_NAME":null,"OP_PHONE":null,"OP_PHONE2":null,"OP_WEB":null,"PAYMENT_TYPE":null,"OTHER":"N","WEBNAME":null,"REGIONID":null,"OUTOFSERV":null,"VACANT":null,"STATUS":null,"DATETIME":null,"SE_ANNO_CAD_DATA":"","SIGNID":null,"GlobalID":"6d67d0cf-379d-465f-9db2-ca27749f334e"}},{"type":"Feature","id":229682,"geometry":{"type":"Point","coordinates":[-122.385669455775,47.6679111223107]},"properties":{"OBJECTID":229682,"BUSLIC_ID":697572,"BUSLIC_LOCATION_ID":712363,"DEA_FACILITY_OWNER":null,"DEA_FACILITY_NAME":"CURBSIDE PROVISIONS","DEA_BUSINESS_CONTACT":"JONATHAN AMATO","DEA_BUSINESS_PHONE":"5403832685           ","DEA_FACILITY_ADDRESS":"5425 BALLARD AVE NW # 4, SEATTLE, WA 98107-4050","DEA_STALLS":0,"FAC_NAME":"CURBSIDE PROVISIONS","HRS_MONFRI":null,"HRS_SAT":null,"HRS_SUN":null,"FAC_TYPE":null,"RTE_1HR":null,"RTE_2HR":null,"RTE_3HR":null,"RTE_ALLDAY":null,"DISABLED":null,"OP_NAME":null,"OP_PHONE":null,"OP_PHONE2":null,"OP_WEB":null,"PAYMENT_TYPE":null,"OTHER":"N","WEBNAME":null,"REGIONID":null,"OUTOFSERV":null,"VACANT":null,"STATUS":null,"DATETIME":null,"SE_ANNO_CAD_DATA":"","SIGNID":null,"GlobalID":"d3d5a8b2-c687-4345-85ff-918f153e0332"}},{"type":"Feature","id":229683,"geometry":{"type":"Point","coordinates":[-122.38102425424,47.6641129841877]},"properties":{"OBJECTID":229683,"BUSLIC_ID":669057,"BUSLIC_LOCATION_ID":593941,"DEA_FACILITY_OWNER":null,"DEA_FACILITY_NAME":"DIAMOND PARKING  WU52","DEA_BUSINESS_CONTACT":"JONATHAN DIAMOND","DEA_BUSINESS_PHONE":"2062843100           ","DEA_FACILITY_ADDRESS":"4763 BALLARD AVE NW, SEATTLE, WA 98107","DEA_STALLS":45,"FAC_NAME":"DIAMOND PARKING  WU52","HRS_MONFRI":null,"HRS_SAT":null,"HRS_SUN":null,"FAC_TYPE":null,"RTE_1HR":null,"RTE_2HR":null,"RTE_3HR":null,"RTE_ALLDAY":null,"DISABLED":null,"OP_NAME":null,"OP_PHONE":null,"OP_PHONE2":null,"OP_WEB":null,"PAYMENT_TYPE":null,"OTHER":"N","WEBNAME":null,"REGIONID":null,"OUTOFSERV":null,"VACANT":null,"STATUS":null,"DATETIME":null,"SE_ANNO_CAD_DATA":"","SIGNID":null,"GlobalID":"4834c9f2-0f96-4a25-9e33-14fc7e378d1e"}},{"type":"Feature","id":229684,"geometry":{"type":"Point","coordinates":[-122.380637830639,47.6635307409646]},"properties":{"OBJECTID":229684,"BUSLIC_ID":669043,"BUSLIC_LOCATION_ID":584053,"DEA_FACILITY_OWNER":null,"DEA_FACILITY_NAME":"DIAMOND PARKING  WU54","DEA_BUSINESS_CONTACT":"JONATHAN DIAMOND","DEA_BUSINESS_PHONE":"2062846303           ","DEA_FACILITY_ADDRESS":"4749 BALLARD AVE NW, SEATTLE, WA 98107","DEA_STALLS":24,"FAC_NAME":"DIAMOND PARKING  WU54","HRS_MONFRI":null,"HRS_SAT":null,"HRS_SUN":null,"FAC_TYPE":null,"RTE_1HR":null,"RTE_2HR":null,"RTE_3HR":null,"RTE_ALLDAY":null,"DISABLED":null,"OP_NAME":null,"OP_PHONE":null,"OP_PHONE2":null,"OP_WEB":null,"PAYMENT_TYPE":null,"OTHER":"N","WEBNAME":null,"REGIONID":null,"OUTOFSERV":null,"VACANT":null,"STATUS":null,"DATETIME":null,"SE_ANNO_CAD_DATA":"","SIGNID":null,"GlobalID":"047af33c-630d-436f-a12a-3f5b0b5218c8"}},{"type":"Feature","id":229685,"geometry":{"type":"Point","coordinates":[-122.379555321129,47.6673650142708]},"properties":{"OBJECTID":229685,"BUSLIC_ID":696202,"BUSLIC_LOCATION_ID":711433,"DEA_FACILITY_OWNER":null,"DEA_FACILITY_NAME":"BALLARD GARAGE 1398 1399","DEA_BUSINESS_CONTACT":"MARK NORWICZ","DEA_BUSINESS_PHONE":"4102676111           ","DEA_FACILITY_ADDRESS":"5300 TALLMAN AVE NW, SEATTLE, WA 98107-3932","DEA_STALLS":992,"FAC_NAME":"BALLARD GARAGE 1398 1399","HRS_MONFRI":null,"HRS_SAT":null,"HRS_SUN":null,"FAC_TYPE":null,"RTE_1HR":null,"RTE_2HR":null,"RTE_3HR":null,"RTE_ALLDAY":null,"DISABLED":null,"OP_NAME":null,"OP_PHONE":null,"OP_PHONE2":null,"OP_WEB":null,"PAYMENT_TYPE":null,"OTHER":"N","WEBNAME":null,"REGIONID":null,"OUTOFSERV":null,"VACANT":null,"STATUS":null,"DATETIME":null,"SE_ANNO_CAD_DATA":"","SIGNID":null,"GlobalID":"9ffb7373-48d1-4bf6-8aac-96ff6019e54c"}},{"type":"Feature","id":229686,"geometry":{"type":"Point","coordinates":[-122.385543889583,47.6677821328072]},"properties":{"OBJECTID":229686,"BUSLIC_ID":683259,"BUSLIC_LOCATION_ID":625107,"DEA_FACILITY_OWNER":null,"DEA_FACILITY_NAME":"DIAMOND PARKING  A611","DEA_BUSINESS_CONTACT":"JONATHAN DIAMOND","DEA_BUSINESS_PHONE":"2062843100           ","DEA_FACILITY_ADDRESS":"5417 BALLARD AVE NW, SEATTLE, WA 98107","DEA_STALLS":28,"FAC_NAME":"DIAMOND PARKING  A611","HRS_MONFRI":null,"HRS_SAT":null,"HRS_SUN":null,"FAC_TYPE":null,"RTE_1HR":null,"RTE_2HR":null,"RTE_3HR":null,"RTE_ALLDAY":null,"DISABLED":null,"OP_NAME":null,"OP_PHONE":null,"OP_PHONE2":null,"OP_WEB":null,"PAYMENT_TYPE":null,"OTHER":"N","WEBNAME":null,"REGIONID":null,"OUTOFSERV":null,"VACANT":null,"STATUS":null,"DATETIME":null,"SE_ANNO_CAD_DATA":"","SIGNID":null,"GlobalID":"30fb0cfa-a1ff-49ae-9e19-fe89b9d2d958"}},{"type":"Feature","id":229687,"geometry":{"type":"Point","coordinates":[-122.384233159456,47.6665261698688]},"properties":{"OBJECTID":229687,"BUSLIC_ID":678128,"BUSLIC_LOCATION_ID":698817,"DEA_FACILITY_OWNER":null,"DEA_FACILITY_NAME":"BALLARD PARKING  2","DEA_BUSINESS_CONTACT":"JAMES RIGGLE","DEA_BUSINESS_PHONE":"2067895010           ","DEA_FACILITY_ADDRESS":"5310 SHILSHOLE AVE NW, SEATTLE, WA 98107","DEA_STALLS":45,"FAC_NAME":"BALLARD PARKING  2","HRS_MONFRI":null,"HRS_SAT":null,"HRS_SUN":null,"FAC_TYPE":null,"RTE_1HR":null,"RTE_2HR":null,"RTE_3HR":null,"RTE_ALLDAY":null,"DISABLED":null,"OP_NAME":null,"OP_PHONE":null,"OP_PHONE2":null,"OP_WEB":null,"PAYMENT_TYPE":null,"OTHER":"N","WEBNAME":null,"REGIONID":null,"OUTOFSERV":null,"VACANT":null,"STATUS":null,"DATETIME":null,"SE_ANNO_CAD_DATA":"","SIGNID":null,"GlobalID":"178422b1-fb45-410b-8bc7-f0ae13c5ae5d"}},{"type":"Feature","id":229688,"geometry":{"type":"Point","coordinates":[-122.383602219597,47.6659894304213]},"properties":{"OBJECTID":229688,"BUSLIC_ID":699147,"BUSLIC_LOCATION_ID":713346,"DEA_FACILITY_OWNER":null,"DEA_FACILITY_NAME":"DIAMOND PARKING A647","DEA_BUSINESS_CONTACT":"JONATHAN DIAMOND","DEA_BUSINESS_PHONE":"2062843100           ","DEA_FACILITY_ADDRESS":"5260 SHILSHOLE AVE NW, SEATTLE, WA 98107","DEA_STALLS":16,"FAC_NAME":"DIAMOND PARKING A647","HRS_MONFRI":null,"HRS_SAT":null,"HRS_SUN":null,"FAC_TYPE":null,"RTE_1HR":null,"RTE_2HR":null,"RTE_3HR":null,"RTE_ALLDAY":null,"DISABLED":null,"OP_NAME":null,"OP_PHONE":null,"OP_PHONE2":null,"OP_WEB":null,"PAYMENT_TYPE":null,"OTHER":"N","WEBNAME":null,"REGIONID":null,"OUTOFSERV":null,"VACANT":null,"STATUS":null,"DATETIME":null,"SE_ANNO_CAD_DATA":"","SIGNID":null,"GlobalID":"368cbedd-687f-4b9c-a245-2d38efe41c74"}},{"type":"Feature","id":229689,"geometry":{"type":"Point","coordinates":[-122.375931612295,47.6674955684153]},"properties":{"OBJECTID":229689,"BUSLIC_ID":631004,"BUSLIC_LOCATION_ID":665263,"DEA_FACILITY_OWNER":null,"DEA_FACILITY_NAME":"DIAMOND PARKING  WU69","DEA_BUSINESS_CONTACT":"JONATHAN DIAMOND","DEA_BUSINESS_PHONE":"2062843100           ","DEA_FACILITY_ADDRESS":"5300 15TH AVE NW, SEATTLE, WA 98107","DEA_STALLS":11,"FAC_NAME":"DIAMOND PARKING  WU69","HRS_MONFRI":null,"HRS_SAT":null,"HRS_SUN":null,"FAC_TYPE":null,"RTE_1HR":null,"RTE_2HR":null,"RTE_3HR":null,"RTE_ALLDAY":null,"DISABLED":null,"OP_NAME":null,"OP_PHONE":null,"OP_PHONE2":null,"OP_WEB":null,"PAYMENT_TYPE":null,"OTHER":"N","WEBNAME":null,"REGIONID":null,"OUTOFSERV":null,"VACANT":null,"STATUS":null,"DATETIME":null,"SE_ANNO_CAD_DATA":"","SIGNID":null,"GlobalID":"ed284431-5462-4cb3-a2a2-fb00319028aa"}},{"type":"Feature","id":229690,"geometry":{"type":"Point","coordinates":[-122.349947482101,47.6232435520409]},"properties":{"OBJECTID":229690,"BUSLIC_ID":591976,"BUSLIC_LOCATION_ID":637746,"DEA_FACILITY_OWNER":null,"DEA_FACILITY_NAME":"REPUBLIC PARKING 30 562 MEMORIAL STADIUM","DEA_BUSINESS_CONTACT":"GARY BECK","DEA_BUSINESS_PHONE":"2067834144           ","DEA_FACILITY_ADDRESS":"401 5TH AVE N, SEATTLE, WA 98109","DEA_STALLS":265,"FAC_NAME":"REPUBLIC PARKING 30 562 MEMORIAL STADIUM","HRS_MONFRI":null,"HRS_SAT":null,"HRS_SUN":null,"FAC_TYPE":null,"RTE_1HR":null,"RTE_2HR":null,"RTE_3HR":null,"RTE_ALLDAY":null,"DISABLED":null,"OP_NAME":null,"OP_PHONE":null,"OP_PHONE2":null,"OP_WEB":null,"PAYMENT_TYPE":null,"OTHER":"N","WEBNAME":null,"REGIONID":null,"OUTOFSERV":null,"VACANT":null,"STATUS":null,"DATETIME":null,"SE_ANNO_CAD_DATA":"","SIGNID":null,"GlobalID":"2a2c9d60-3ffd-4951-81fb-c418b21969df"}},{"type":"Feature","id":229691,"geometry":{"type":"Point","coordinates":[-122.346484647631,47.6218991374833]},"properties":{"OBJECTID":229691,"BUSLIC_ID":534517,"BUSLIC_LOCATION_ID":593948,"DEA_FACILITY_OWNER":null,"DEA_FACILITY_NAME":"DIAMOND   A230","DEA_BUSINESS_CONTACT":"JONATHAN DIAMOND","DEA_BUSINESS_PHONE":"2062843100           ","DEA_FACILITY_ADDRESS":"530 BROAD ST, SEATTLE, WA 98121","DEA_STALLS":40,"FAC_NAME":"DIAMOND   A230","HRS_MONFRI":null,"HRS_SAT":null,"HRS_SUN":null,"FAC_TYPE":null,"RTE_1HR":null,"RTE_2HR":null,"RTE_3HR":null,"RTE_ALLDAY":null,"DISABLED":null,"OP_NAME":null,"OP_PHONE":null,"OP_PHONE2":null,"OP_WEB":null,"PAYMENT_TYPE":null,"OTHER":"N","WEBNAME":null,"REGIONID":null,"OUTOFSERV":null,"VACANT":null,"STATUS":null,"DATETIME":null,"SE_ANNO_CAD_DATA":"","SIGNID":null,"GlobalID":"1e1301ff-ddf4-4408-bb05-f2df7f29f39f"}},{"type":"Feature","id":229692,"geometry":{"type":"Point","coordinates":[-122.346484647631,47.6218991374833]},"properties":{"OBJECTID":229692,"BUSLIC_ID":594961,"BUSLIC_LOCATION_ID":639858,"DEA_FACILITY_OWNER":null,"DEA_FACILITY_NAME":"REPUBLIC 30 131 ADLER LOT","DEA_BUSINESS_CONTACT":"GARY BECK","DEA_BUSINESS_PHONE":"2067834144           ","DEA_FACILITY_ADDRESS":"333 TAYLOR AVE N, SEATTLE, WA 98109","DEA_STALLS":21,"FAC_NAME":"REPUBLIC 30 131 ADLER LOT","HRS_MONFRI":null,"HRS_SAT":null,"HRS_SUN":null,"FAC_TYPE":null,"RTE_1HR":null,"RTE_2HR":null,"RTE_3HR":null,"RTE_ALLDAY":null,"DISABLED":null,"OP_NAME":null,"OP_PHONE":null,"OP_PHONE2":null,"OP_WEB":null,"PAYMENT_TYPE":null,"OTHER":"N","WEBNAME":null,"REGIONID":null,"OUTOFSERV":null,"VACANT":null,"STATUS":null,"DATETIME":null,"SE_ANNO_CAD_DATA":"","SIGNID":null,"GlobalID":"7d44ec4a-c94f-4c45-8ef2-91df25024945"}},{"type":"Feature","id":229693,"geometry":{"type":"Point","coordinates":[-122.355685126612,47.6215744551841]},"properties":{"OBJECTID":229693,"BUSLIC_ID":673792,"BUSLIC_LOCATION_ID":589754,"DEA_FACILITY_OWNER":null,"DEA_FACILITY_NAME":"DIAMOND PARKING  A 487","DEA_BUSINESS_CONTACT":"JONATHAN DIAMOND","DEA_BUSINESS_PHONE":"2062846303           ","DEA_FACILITY_ADDRESS":"315 1ST AVE N, SEATTLE, WA 98109","DEA_STALLS":584,"FAC_NAME":"DIAMOND PARKING  A 487","HRS_MONFRI":null,"HRS_SAT":null,"HRS_SUN":null,"FAC_TYPE":null,"RTE_1HR":null,"RTE_2HR":null,"RTE_3HR":null,"RTE_ALLDAY":null,"DISABLED":null,"OP_NAME":null,"OP_PHONE":null,"OP_PHONE2":null,"OP_WEB":null,"PAYMENT_TYPE":null,"OTHER":"N","WEBNAME":null,"REGIONID":null,"OUTOFSERV":null,"VACANT":null,"STATUS":null,"DATETIME":null,"SE_ANNO_CAD_DATA":"","SIGNID":null,"GlobalID":"8d6516be-a3a2-4b92-8b95-a3c09f370e32"}},{"type":"Feature","id":229694,"geometry":{"type":"Point","coordinates":[-122.34704194043,47.6214512404232]},"properties":{"OBJECTID":229694,"BUSLIC_ID":534498,"BUSLIC_LOCATION_ID":593938,"DEA_FACILITY_OWNER":null,"DEA_FACILITY_NAME":"DIAMOND  A089","DEA_BUSINESS_CONTACT":"JONATHAN DIAMOND","DEA_BUSINESS_PHONE":"2062843100           ","DEA_FACILITY_ADDRESS":"516 BROAD ST, SEATTLE, WA 98109","DEA_STALLS":36,"FAC_NAME":"DIAMOND  A089","HRS_MONFRI":null,"HRS_SAT":null,"HRS_SUN":null,"FAC_TYPE":null,"RTE_1HR":null,"RTE_2HR":null,"RTE_3HR":null,"RTE_ALLDAY":null,"DISABLED":null,"OP_NAME":null,"OP_PHONE":null,"OP_PHONE2":null,"OP_WEB":null,"PAYMENT_TYPE":null,"OTHER":"N","WEBNAME":null,"REGIONID":null,"OUTOFSERV":null,"VACANT":null,"STATUS":null,"DATETIME":null,"SE_ANNO_CAD_DATA":"","SIGNID":null,"GlobalID":"e588db80-317b-4877-886c-587838d2ec71"}},{"type":"Feature","id":229695,"geometry":{"type":"Point","coordinates":[-122.346678485459,47.6203764837892]},"properties":{"OBJECTID":229695,"BUSLIC_ID":612390,"BUSLIC_LOCATION_ID":652092,"DEA_FACILITY_OWNER":null,"DEA_FACILITY_NAME":"DIAMOND PARKING  A360","DEA_BUSINESS_CONTACT":"JONATHAN DIAMOND","DEA_BUSINESS_PHONE":"2062843100           ","DEA_FACILITY_ADDRESS":"223 TAYLOR AVE N, SEATTLE, WA 98109","DEA_STALLS":50,"FAC_NAME":"DIAMOND PARKING  A360","HRS_MONFRI":null,"HRS_SAT":null,"HRS_SUN":null,"FAC_TYPE":null,"RTE_1HR":null,"RTE_2HR":null,"RTE_3HR":null,"RTE_ALLDAY":null,"DISABLED":null,"OP_NAME":null,"OP_PHONE":null,"OP_PHONE2":null,"OP_WEB":null,"PAYMENT_TYPE":null,"OTHER":"N","WEBNAME":null,"REGIONID":null,"OUTOFSERV":null,"VACANT":null,"STATUS":null,"DATETIME":null,"SE_ANNO_CAD_DATA":"","SIGNID":null,"GlobalID":"10c5610b-97fd-4f29-b519-60e6dbafceed"}},{"type":"Feature","id":229696,"geometry":{"type":"Point","coordinates":[-122.345877214076,47.6203646505767]},"properties":{"OBJECTID":229696,"BUSLIC_ID":604021,"BUSLIC_LOCATION_ID":646189,"DEA_FACILITY_OWNER":null,"DEA_FACILITY_NAME":"IMPARK  85","DEA_BUSINESS_CONTACT":"EDWARD DANYLUK","DEA_BUSINESS_PHONE":"2066848444           ","DEA_FACILITY_ADDRESS":"200 TAYLOR AVE N, SEATTLE, WA 98109","DEA_STALLS":102,"FAC_NAME":"IMPARK  85","HRS_MONFRI":null,"HRS_SAT":null,"HRS_SUN":null,"FAC_TYPE":null,"RTE_1HR":null,"RTE_2HR":null,"RTE_3HR":null,"RTE_ALLDAY":null,"DISABLED":null,"OP_NAME":null,"OP_PHONE":null,"OP_PHONE2":null,"OP_WEB":null,"PAYMENT_TYPE":null,"OTHER":"N","WEBNAME":null,"REGIONID":null,"OUTOFSERV":null,"VACANT":null,"STATUS":null,"DATETIME":null,"SE_ANNO_CAD_DATA":"","SIGNID":null,"GlobalID":"02fb1374-0caf-433d-b495-8a2f8375a27d"}},{"type":"Feature","id":229697,"geometry":{"type":"Point","coordinates":[-122.355738047741,47.6203264027863]},"properties":{"OBJECTID":229697,"BUSLIC_ID":533081,"BUSLIC_LOCATION_ID":594279,"DEA_FACILITY_OWNER":null,"DEA_FACILITY_NAME":"KEY PARK NORTHWEST  7","DEA_BUSINESS_CONTACT":"GERALD FISH","DEA_BUSINESS_PHONE":"2064438400           ","DEA_FACILITY_ADDRESS":"215 1ST AVE N, SEATTLE, WA 98109","DEA_STALLS":22,"FAC_NAME":"KEY PARK NORTHWEST  7","HRS_MONFRI":null,"HRS_SAT":null,"HRS_SUN":null,"FAC_TYPE":null,"RTE_1HR":null,"RTE_2HR":null,"RTE_3HR":null,"RTE_ALLDAY":null,"DISABLED":null,"OP_NAME":null,"OP_PHONE":null,"OP_PHONE2":null,"OP_WEB":null,"PAYMENT_TYPE":null,"OTHER":"N","WEBNAME":null,"REGIONID":null,"OUTOFSERV":null,"VACANT":null,"STATUS":null,"DATETIME":null,"SE_ANNO_CAD_DATA":"","SIGNID":null,"GlobalID":"779e40bc-2f49-4e38-b848-8b9f3749fd22"}},{"type":"Feature","id":229698,"geometry":{"type":"Point","coordinates":[-122.348572162879,47.6191533095516]},"properties":{"OBJECTID":229698,"BUSLIC_ID":727564,"BUSLIC_LOCATION_ID":735378,"DEA_FACILITY_OWNER":null,"DEA_FACILITY_NAME":"DIAMOND PARKING 0227","DEA_BUSINESS_CONTACT":"BOB TURLEY","DEA_BUSINESS_PHONE":"2064367204           ","DEA_FACILITY_ADDRESS":"140 4TH AVE N, SEATTLE, WA 98109","DEA_STALLS":504,"FAC_NAME":"DIAMOND PARKING 0227","HRS_MONFRI":null,"HRS_SAT":null,"HRS_SUN":null,"FAC_TYPE":null,"RTE_1HR":null,"RTE_2HR":null,"RTE_3HR":null,"RTE_ALLDAY":null,"DISABLED":null,"OP_NAME":null,"OP_PHONE":null,"OP_PHONE2":null,"OP_WEB":null,"PAYMENT_TYPE":null,"OTHER":"N","WEBNAME":null,"REGIONID":null,"OUTOFSERV":null,"VACANT":null,"STATUS":null,"DATETIME":null,"SE_ANNO_CAD_DATA":"","SIGNID":null,"GlobalID":"56908a7b-7e2c-44e7-ac63-0a20f0d96673"}},{"type":"Feature","id":229699,"geometry":{"type":"Point","coordinates":[-122.353911774597,47.618783811319]},"properties":{"OBJECTID":229699,"BUSLIC_ID":587466,"BUSLIC_LOCATION_ID":634485,"DEA_FACILITY_OWNER":null,"DEA_FACILITY_NAME":"IPM  26","DEA_BUSINESS_CONTACT":"JOAN SUNDBERG","DEA_BUSINESS_PHONE":"2062540811           ","DEA_FACILITY_ADDRESS":"150 DENNY WAY, SEATTLE, WA 98109","DEA_STALLS":143,"FAC_NAME":"IPM  26","HRS_MONFRI":null,"HRS_SAT":null,"HRS_SUN":null,"FAC_TYPE":null,"RTE_1HR":null,"RTE_2HR":null,"RTE_3HR":null,"RTE_ALLDAY":null,"DISABLED":null,"OP_NAME":null,"OP_PHONE":null,"OP_PHONE2":null,"OP_WEB":null,"PAYMENT_TYPE":null,"OTHER":"N","WEBNAME":null,"REGIONID":null,"OUTOFSERV":null,"VACANT":null,"STATUS":null,"DATETIME":null,"SE_ANNO_CAD_DATA":"","SIGNID":null,"GlobalID":"e498fe57-3ef4-4c1d-92c9-0347ac6f0f96"}},{"type":"Feature","id":229700,"geometry":{"type":"Point","coordinates":[-122.353910097865,47.6181368556561]},"properties":{"OBJECTID":229700,"BUSLIC_ID":510998,"BUSLIC_LOCATION_ID":577626,"DEA_FACILITY_OWNER":null,"DEA_FACILITY_NAME":"DIAMOND PARKING  A857","DEA_BUSINESS_CONTACT":"JONATHAN DIAMOND","DEA_BUSINESS_PHONE":"2069929442           ","DEA_FACILITY_ADDRESS":"3010 1ST AVE, SEATTLE, WA 98121","DEA_STALLS":7,"FAC_NAME":"DIAMOND PARKING  A857","HRS_MONFRI":null,"HRS_SAT":null,"HRS_SUN":null,"FAC_TYPE":null,"RTE_1HR":null,"RTE_2HR":null,"RTE_3HR":null,"RTE_ALLDAY":null,"DISABLED":null,"OP_NAME":null,"OP_PHONE":null,"OP_PHONE2":null,"OP_WEB":null,"PAYMENT_TYPE":null,"OTHER":"N","WEBNAME":null,"REGIONID":null,"OUTOFSERV":null,"VACANT":null,"STATUS":null,"DATETIME":null,"SE_ANNO_CAD_DATA":"","SIGNID":null,"GlobalID":"e58fe1cc-8d93-45ff-a047-076ead2d41ee"}},{"type":"Feature","id":229701,"geometry":{"type":"Point","coordinates":[-122.345238838853,47.6177862856868]},"properties":{"OBJECTID":229701,"BUSLIC_ID":410819,"BUSLIC_LOCATION_ID":507523,"DEA_FACILITY_OWNER":null,"DEA_FACILITY_NAME":"REPUBLIC  11","DEA_BUSINESS_CONTACT":"GARY BECK","DEA_BUSINESS_PHONE":"2067834144           ","DEA_FACILITY_ADDRESS":"500 WALL ST, SEATTLE, WA 98121","DEA_STALLS":205,"FAC_NAME":"REPUBLIC  11","HRS_MONFRI":null,"HRS_SAT":null,"HRS_SUN":null,"FAC_TYPE":null,"RTE_1HR":null,"RTE_2HR":null,"RTE_3HR":null,"RTE_ALLDAY":null,"DISABLED":null,"OP_NAME":null,"OP_PHONE":null,"OP_PHONE2":null,"OP_WEB":null,"PAYMENT_TYPE":null,"OTHER":"N","WEBNAME":null,"REGIONID":null,"OUTOFSERV":null,"VACANT":null,"STATUS":null,"DATETIME":null,"SE_ANNO_CAD_DATA":"","SIGNID":null,"GlobalID":"8f33e666-083e-4c40-9dbd-086f05f4eca1"}},{"type":"Feature","id":229702,"geometry":{"type":"Point","coordinates":[-122.353842465582,47.6179571777309]},"properties":{"OBJECTID":229702,"BUSLIC_ID":652779,"BUSLIC_LOCATION_ID":680535,"DEA_FACILITY_OWNER":null,"DEA_FACILITY_NAME":"DIAMOND PARKING  A456","DEA_BUSINESS_CONTACT":"JONATHAN DIAMOND","DEA_BUSINESS_PHONE":"2062843100           ","DEA_FACILITY_ADDRESS":"3000 1ST AVE, SEATTLE, WA 98121","DEA_STALLS":10,"FAC_NAME":"DIAMOND PARKING  A456","HRS_MONFRI":null,"HRS_SAT":null,"HRS_SUN":null,"FAC_TYPE":null,"RTE_1HR":null,"RTE_2HR":null,"RTE_3HR":null,"RTE_ALLDAY":null,"DISABLED":null,"OP_NAME":null,"OP_PHONE":null,"OP_PHONE2":null,"OP_WEB":null,"PAYMENT_TYPE":null,"OTHER":"N","WEBNAME":null,"REGIONID":null,"OUTOFSERV":null,"VACANT":null,"STATUS":null,"DATETIME":null,"SE_ANNO_CAD_DATA":"","SIGNID":null,"GlobalID":"868ae146-d751-4ea4-9328-1b92ab47e6c3"}},{"type":"Feature","id":229703,"geometry":{"type":"Point","coordinates":[-122.347201762028,47.6216789122117]},"properties":{"OBJECTID":229703,"BUSLIC_ID":534447,"BUSLIC_LOCATION_ID":593919,"DEA_FACILITY_OWNER":null,"DEA_FACILITY_NAME":"DIAMOND   A178","DEA_BUSINESS_CONTACT":"JONATHAN DIAMOND","DEA_BUSINESS_PHONE":"2062843100           ","DEA_FACILITY_ADDRESS":"318 5TH AVE N, SEATTLE, WA 98109","DEA_STALLS":53,"FAC_NAME":"DIAMOND   A178","HRS_MONFRI":null,"HRS_SAT":null,"HRS_SUN":null,"FAC_TYPE":null,"RTE_1HR":null,"RTE_2HR":null,"RTE_3HR":null,"RTE_ALLDAY":null,"DISABLED":null,"OP_NAME":null,"OP_PHONE":null,"OP_PHONE2":null,"OP_WEB":null,"PAYMENT_TYPE":null,"OTHER":"N","WEBNAME":null,"REGIONID":null,"OUTOFSERV":null,"VACANT":null,"STATUS":null,"DATETIME":null,"SE_ANNO_CAD_DATA":"","SIGNID":null,"GlobalID":"bec46eda-6087-4923-805a-cd41233c1d67"}},{"type":"Feature","id":229704,"geometry":{"type":"Point","coordinates":[-122.345389204795,47.6202437336381]},"properties":{"OBJECTID":229704,"BUSLIC_ID":469213,"BUSLIC_LOCATION_ID":548445,"DEA_FACILITY_OWNER":null,"DEA_FACILITY_NAME":"IMPARK  20","DEA_BUSINESS_CONTACT":"EDWARD DANYLUK","DEA_BUSINESS_PHONE":"2063811789           ","DEA_FACILITY_ADDRESS":"221 6TH AVE N, SEATTLE, WA 98109","DEA_STALLS":28,"FAC_NAME":"IMPARK  20","HRS_MONFRI":null,"HRS_SAT":null,"HRS_SUN":null,"FAC_TYPE":null,"RTE_1HR":null,"RTE_2HR":null,"RTE_3HR":null,"RTE_ALLDAY":null,"DISABLED":null,"OP_NAME":null,"OP_PHONE":null,"OP_PHONE2":null,"OP_WEB":null,"PAYMENT_TYPE":null,"OTHER":"N","WEBNAME":null,"REGIONID":null,"OUTOFSERV":null,"VACANT":null,"STATUS":null,"DATETIME":null,"SE_ANNO_CAD_DATA":"","SIGNID":null,"GlobalID":"3e663566-4095-4ccc-9250-672676c9971e"}},{"type":"Feature","id":229705,"geometry":{"type":"Point","coordinates":[-122.347206717298,47.6195757732983]},"properties":{"OBJECTID":229705,"BUSLIC_ID":426748,"BUSLIC_LOCATION_ID":519375,"DEA_FACILITY_OWNER":null,"DEA_FACILITY_NAME":"REPUBLIC PARKING  159 & 160","DEA_BUSINESS_CONTACT":"GARY BECK","DEA_BUSINESS_PHONE":"2067834144           ","DEA_FACILITY_ADDRESS":"130 5TH AVE N, SEATTLE, WA 98109","DEA_STALLS":37,"FAC_NAME":"REPUBLIC PARKING  159 & 160","HRS_MONFRI":null,"HRS_SAT":null,"HRS_SUN":null,"FAC_TYPE":null,"RTE_1HR":null,"RTE_2HR":null,"RTE_3HR":null,"RTE_ALLDAY":null,"DISABLED":null,"OP_NAME":null,"OP_PHONE":null,"OP_PHONE2":null,"OP_WEB":null,"PAYMENT_TYPE":null,"OTHER":"N","WEBNAME":null,"REGIONID":null,"OUTOFSERV":null,"VACANT":null,"STATUS":null,"DATETIME":null,"SE_ANNO_CAD_DATA":"","SIGNID":null,"GlobalID":"24239c44-6e10-4aa7-8dfd-e2b4f44c8297"}},{"type":"Feature","id":229706,"geometry":{"type":"Point","coordinates":[-122.346705751776,47.6188962163146]},"properties":{"OBJECTID":229706,"BUSLIC_ID":689718,"BUSLIC_LOCATION_ID":705408,"DEA_FACILITY_OWNER":null,"DEA_FACILITY_NAME":"DIAMOND PARKING  A621","DEA_BUSINESS_CONTACT":"JONATHAN DIAMOND","DEA_BUSINESS_PHONE":"2062843100           ","DEA_FACILITY_ADDRESS":"121 TAYLOR AVE N, SEATTLE, WA 98109","DEA_STALLS":28,"FAC_NAME":"DIAMOND PARKING  A621","HRS_MONFRI":null,"HRS_SAT":null,"HRS_SUN":null,"FAC_TYPE":null,"RTE_1HR":null,"RTE_2HR":null,"RTE_3HR":null,"RTE_ALLDAY":null,"DISABLED":null,"OP_NAME":null,"OP_PHONE":null,"OP_PHONE2":null,"OP_WEB":null,"PAYMENT_TYPE":null,"OTHER":"N","WEBNAME":null,"REGIONID":null,"OUTOFSERV":null,"VACANT":null,"STATUS":null,"DATETIME":null,"SE_ANNO_CAD_DATA":"","SIGNID":null,"GlobalID":"bd7d1182-36ef-4a4e-8daf-bd3721b72d9b"}},{"type":"Feature","id":229707,"geometry":{"type":"Point","coordinates":[-122.346705751776,47.6188962163146]},"properties":{"OBJECTID":229707,"BUSLIC_ID":662635,"BUSLIC_LOCATION_ID":687295,"DEA_FACILITY_OWNER":null,"DEA_FACILITY_NAME":"DIAMOND PARKING  A466","DEA_BUSINESS_CONTACT":"JONATHAN DIAMOND","DEA_BUSINESS_PHONE":"2062843100           ","DEA_FACILITY_ADDRESS":"101 TAYLOR AVE N, SEATTLE, WA 98109-5015","DEA_STALLS":14,"FAC_NAME":"DIAMOND PARKING  A466","HRS_MONFRI":null,"HRS_SAT":null,"HRS_SUN":null,"FAC_TYPE":null,"RTE_1HR":null,"RTE_2HR":null,"RTE_3HR":null,"RTE_ALLDAY":null,"DISABLED":null,"OP_NAME":null,"OP_PHONE":null,"OP_PHONE2":null,"OP_WEB":null,"PAYMENT_TYPE":null,"OTHER":"N","WEBNAME":null,"REGIONID":null,"OUTOFSERV":null,"VACANT":null,"STATUS":null,"DATETIME":null,"SE_ANNO_CAD_DATA":"","SIGNID":null,"GlobalID":"efabb265-bac2-4f04-8224-7059712bc9d8"}},{"type":"Feature","id":229708,"geometry":{"type":"Point","coordinates":[-122.346004430499,47.6183750461771]},"properties":{"OBJECTID":229708,"BUSLIC_ID":5503,"BUSLIC_LOCATION_ID":4594,"DEA_FACILITY_OWNER":null,"DEA_FACILITY_NAME":"U PARK 90","DEA_BUSINESS_CONTACT":"KEN JR PHILLIPS","DEA_BUSINESS_PHONE":"2062849797           ","DEA_FACILITY_ADDRESS":"551 DENNY WAY, SEATTLE, WA 98109","DEA_STALLS":33,"FAC_NAME":"U PARK 90","HRS_MONFRI":null,"HRS_SAT":null,"HRS_SUN":null,"FAC_TYPE":null,"RTE_1HR":null,"RTE_2HR":null,"RTE_3HR":null,"RTE_ALLDAY":null,"DISABLED":null,"OP_NAME":null,"OP_PHONE":null,"OP_PHONE2":null,"OP_WEB":null,"PAYMENT_TYPE":null,"OTHER":"N","WEBNAME":null,"REGIONID":null,"OUTOFSERV":null,"VACANT":null,"STATUS":null,"DATETIME":null,"SE_ANNO_CAD_DATA":"","SIGNID":null,"GlobalID":"a39130f5-525f-4426-aa93-dea54548c311"}},{"type":"Feature","id":229709,"geometry":{"type":"Point","coordinates":[-122.349782509342,47.6180555778245]},"properties":{"OBJECTID":229709,"BUSLIC_ID":534496,"BUSLIC_LOCATION_ID":593937,"DEA_FACILITY_OWNER":null,"DEA_FACILITY_NAME":"DIAMOND   A088","DEA_BUSINESS_CONTACT":"JONATHAN DIAMOND","DEA_BUSINESS_PHONE":"2062843100           ","DEA_FACILITY_ADDRESS":"2810 3RD AVE, SEATTLE, WA 98121","DEA_STALLS":40,"FAC_NAME":"DIAMOND   A088","HRS_MONFRI":null,"HRS_SAT":null,"HRS_SUN":null,"FAC_TYPE":null,"RTE_1HR":null,"RTE_2HR":null,"RTE_3HR":null,"RTE_ALLDAY":null,"DISABLED":null,"OP_NAME":null,"OP_PHONE":null,"OP_PHONE2":null,"OP_WEB":null,"PAYMENT_TYPE":null,"OTHER":"N","WEBNAME":null,"REGIONID":null,"OUTOFSERV":null,"VACANT":null,"STATUS":null,"DATETIME":null,"SE_ANNO_CAD_DATA":"","SIGNID":null,"GlobalID":"c4f55039-9e4a-474d-91da-8903bc58defa"}},{"type":"Feature","id":229710,"geometry":{"type":"Point","coordinates":[-122.349782509342,47.6180555778245]},"properties":{"OBJECTID":229710,"BUSLIC_ID":614820,"BUSLIC_LOCATION_ID":653862,"DEA_FACILITY_OWNER":null,"DEA_FACILITY_NAME":"DIAMOND PARKING  A107","DEA_BUSINESS_CONTACT":"JONATHAN DIAMOND","DEA_BUSINESS_PHONE":"2062843100           ","DEA_FACILITY_ADDRESS":"2800 3RD AVE, SEATTLE, WA 98121","DEA_STALLS":30,"FAC_NAME":"DIAMOND PARKING  A107","HRS_MONFRI":null,"HRS_SAT":null,"HRS_SUN":null,"FAC_TYPE":null,"RTE_1HR":null,"RTE_2HR":null,"RTE_3HR":null,"RTE_ALLDAY":null,"DISABLED":null,"OP_NAME":null,"OP_PHONE":null,"OP_PHONE2":null,"OP_WEB":null,"PAYMENT_TYPE":null,"OTHER":"N","WEBNAME":null,"REGIONID":null,"OUTOFSERV":null,"VACANT":null,"STATUS":null,"DATETIME":null,"SE_ANNO_CAD_DATA":"","SIGNID":null,"GlobalID":"15d784a3-f7db-4706-a33c-62f527b4be63"}},{"type":"Feature","id":229711,"geometry":{"type":"Point","coordinates":[-122.338830626213,47.6249749717512]},"properties":{"OBJECTID":229711,"BUSLIC_ID":685820,"BUSLIC_LOCATION_ID":704191,"DEA_FACILITY_OWNER":null,"DEA_FACILITY_NAME":"IMPARK  131","DEA_BUSINESS_CONTACT":"EDWARD DANYLUK","DEA_BUSINESS_PHONE":"2063811789           ","DEA_FACILITY_ADDRESS":"615 WESTLAKE AVE N, SEATTLE, WA 98109-4307","DEA_STALLS":240,"FAC_NAME":"IMPARK  131","HRS_MONFRI":null,"HRS_SAT":null,"HRS_SUN":null,"FAC_TYPE":null,"RTE_1HR":null,"RTE_2HR":null,"RTE_3HR":null,"RTE_ALLDAY":null,"DISABLED":null,"OP_NAME":null,"OP_PHONE":null,"OP_PHONE2":null,"OP_WEB":null,"PAYMENT_TYPE":null,"OTHER":"N","WEBNAME":null,"REGIONID":null,"OUTOFSERV":null,"VACANT":null,"STATUS":null,"DATETIME":null,"SE_ANNO_CAD_DATA":"","SIGNID":null,"GlobalID":"1ab2e672-ed79-47ec-a15e-6a66c1b93008"}},{"type":"Feature","id":229712,"geometry":{"type":"Point","coordinates":[-122.336456240543,47.6242397839061]},"properties":{"OBJECTID":229712,"BUSLIC_ID":599102,"BUSLIC_LOCATION_ID":642663,"DEA_FACILITY_OWNER":null,"DEA_FACILITY_NAME":"AMAZON 82172","DEA_BUSINESS_CONTACT":"BILL BEATTIE","DEA_BUSINESS_PHONE":"2066247040           ","DEA_FACILITY_ADDRESS":"551 BOREN AVE N, SEATTLE, WA 98109-5675","DEA_STALLS":371,"FAC_NAME":"AMAZON 82172","HRS_MONFRI":null,"HRS_SAT":null,"HRS_SUN":null,"FAC_TYPE":null,"RTE_1HR":null,"RTE_2HR":null,"RTE_3HR":null,"RTE_ALLDAY":null,"DISABLED":null,"OP_NAME":null,"OP_PHONE":null,"OP_PHONE2":null,"OP_WEB":null,"PAYMENT_TYPE":null,"OTHER":"N","WEBNAME":null,"REGIONID":null,"OUTOFSERV":null,"VACANT":null,"STATUS":null,"DATETIME":null,"SE_ANNO_CAD_DATA":"","SIGNID":null,"GlobalID":"f2f1de43-62a3-4382-96d2-de82f9864cad"}},{"type":"Feature","id":229713,"geometry":{"type":"Point","coordinates":[-122.342847045863,47.6238924773588]},"properties":{"OBJECTID":229713,"BUSLIC_ID":544518,"BUSLIC_LOCATION_ID":602987,"DEA_FACILITY_OWNER":null,"DEA_FACILITY_NAME":"523 DEXTER AV N 81092","DEA_BUSINESS_CONTACT":"BILL BEATTIE","DEA_BUSINESS_PHONE":"2066247040           ","DEA_FACILITY_ADDRESS":"525 DEXTER AVE N, SEATTLE, WA 98109-4711","DEA_STALLS":41,"FAC_NAME":"523 DEXTER AV N 81092","HRS_MONFRI":null,"HRS_SAT":null,"HRS_SUN":null,"FAC_TYPE":null,"RTE_1HR":null,"RTE_2HR":null,"RTE_3HR":null,"RTE_ALLDAY":null,"DISABLED":null,"OP_NAME":null,"OP_PHONE":null,"OP_PHONE2":null,"OP_WEB":null,"PAYMENT_TYPE":null,"OTHER":"N","WEBNAME":null,"REGIONID":null,"OUTOFSERV":null,"VACANT":null,"STATUS":null,"DATETIME":null,"SE_ANNO_CAD_DATA":"","SIGNID":null,"GlobalID":"4cadb58b-96a6-46db-9e6b-74f967409783"}},{"type":"Feature","id":229714,"geometry":{"type":"Point","coordinates":[-122.334570630886,47.6233355084269]},"properties":{"OBJECTID":229714,"BUSLIC_ID":698952,"BUSLIC_LOCATION_ID":713229,"DEA_FACILITY_OWNER":null,"DEA_FACILITY_NAME":"URBAN UNION 82596","DEA_BUSINESS_CONTACT":"BILL BEATTIE","DEA_BUSINESS_PHONE":"2066232727           ","DEA_FACILITY_ADDRESS":"501 FAIRVIEW AVE N, SEATTLE, WA 98109-5507","DEA_STALLS":352,"FAC_NAME":"URBAN UNION 82596","HRS_MONFRI":null,"HRS_SAT":null,"HRS_SUN":null,"FAC_TYPE":null,"RTE_1HR":null,"RTE_2HR":null,"RTE_3HR":null,"RTE_ALLDAY":null,"DISABLED":null,"OP_NAME":null,"OP_PHONE":null,"OP_PHONE2":null,"OP_WEB":null,"PAYMENT_TYPE":null,"OTHER":"N","WEBNAME":null,"REGIONID":null,"OUTOFSERV":null,"VACANT":null,"STATUS":null,"DATETIME":null,"SE_ANNO_CAD_DATA":"","SIGNID":null,"GlobalID":"1c093371-a6ef-4b66-8b63-6612bd1f4293"}},{"type":"Feature","id":229715,"geometry":{"type":"Point","coordinates":[-122.338047018337,47.6223740819168]},"properties":{"OBJECTID":229715,"BUSLIC_ID":722615,"BUSLIC_LOCATION_ID":731463,"DEA_FACILITY_OWNER":null,"DEA_FACILITY_NAME":"DIAMOND PARKING SERVICES A681","DEA_BUSINESS_CONTACT":"JONATHAN DIAMOND","DEA_BUSINESS_PHONE":"2062843100           ","DEA_FACILITY_ADDRESS":"400 WESTLAKE AVE N, SEATTLE, WA 98109","DEA_STALLS":50,"FAC_NAME":"DIAMOND PARKING SERVICES A681","HRS_MONFRI":null,"HRS_SAT":null,"HRS_SUN":null,"FAC_TYPE":null,"RTE_1HR":null,"RTE_2HR":null,"RTE_3HR":null,"RTE_ALLDAY":null,"DISABLED":null,"OP_NAME":null,"OP_PHONE":null,"OP_PHONE2":null,"OP_WEB":null,"PAYMENT_TYPE":null,"OTHER":"N","WEBNAME":null,"REGIONID":null,"OUTOFSERV":null,"VACANT":null,"STATUS":null,"DATETIME":null,"SE_ANNO_CAD_DATA":"","SIGNID":null,"GlobalID":"69baae50-9e51-403e-93b0-67181b9bf06a"}},{"type":"Feature","id":229716,"geometry":{"type":"Point","coordinates":[-122.336803046199,47.6222120192246]},"properties":{"OBJECTID":229716,"BUSLIC_ID":599100,"BUSLIC_LOCATION_ID":642660,"DEA_FACILITY_OWNER":null,"DEA_FACILITY_NAME":"AMAZON GARAGE 82168","DEA_BUSINESS_CONTACT":"BILL BEATTIE","DEA_BUSINESS_PHONE":"2066247040           ","DEA_FACILITY_ADDRESS":"410 TERRY AVE N, SEATTLE, WA 98109-5210","DEA_STALLS":409,"FAC_NAME":"AMAZON GARAGE 82168","HRS_MONFRI":null,"HRS_SAT":null,"HRS_SUN":null,"FAC_TYPE":null,"RTE_1HR":null,"RTE_2HR":null,"RTE_3HR":null,"RTE_ALLDAY":null,"DISABLED":null,"OP_NAME":null,"OP_PHONE":null,"OP_PHONE2":null,"OP_WEB":null,"PAYMENT_TYPE":null,"OTHER":"N","WEBNAME":null,"REGIONID":null,"OUTOFSERV":null,"VACANT":null,"STATUS":null,"DATETIME":null,"SE_ANNO_CAD_DATA":"","SIGNID":null,"GlobalID":"7aaa9dc3-9168-47ef-8a89-fe117943f136"}},{"type":"Feature","id":229717,"geometry":{"type":"Point","coordinates":[-122.335584615068,47.6222059200428]},"properties":{"OBJECTID":229717,"BUSLIC_ID":686470,"BUSLIC_LOCATION_ID":704683,"DEA_FACILITY_OWNER":null,"DEA_FACILITY_NAME":"IMPARK  134 RADIUS APARTMENT","DEA_BUSINESS_CONTACT":"EDWARD DANYLUK","DEA_BUSINESS_PHONE":"2063811789           ","DEA_FACILITY_ADDRESS":"400 BOREN AVE N, SEATTLE, WA 98109","DEA_STALLS":165,"FAC_NAME":"IMPARK  134 RADIUS APARTMENT","HRS_MONFRI":null,"HRS_SAT":null,"HRS_SUN":null,"FAC_TYPE":null,"RTE_1HR":null,"RTE_2HR":null,"RTE_3HR":null,"RTE_ALLDAY":null,"DISABLED":null,"OP_NAME":null,"OP_PHONE":null,"OP_PHONE2":null,"OP_WEB":null,"PAYMENT_TYPE":null,"OTHER":"N","WEBNAME":null,"REGIONID":null,"OUTOFSERV":null,"VACANT":null,"STATUS":null,"DATETIME":null,"SE_ANNO_CAD_DATA":"","SIGNID":null,"GlobalID":"6cea4180-3b6d-41a7-afb0-0d932587c94c"}},{"type":"Feature","id":229718,"geometry":{"type":"Point","coordinates":[-122.340710477429,47.6200981481842]},"properties":{"OBJECTID":229718,"BUSLIC_ID":525335,"BUSLIC_LOCATION_ID":588180,"DEA_FACILITY_OWNER":null,"DEA_FACILITY_NAME":"DIAMOND PARKING  A 872","DEA_BUSINESS_CONTACT":"JONATHAN DIAMOND","DEA_BUSINESS_PHONE":"2062846303           ","DEA_FACILITY_ADDRESS":"200 8TH AVE N, SEATTLE, WA 98109","DEA_STALLS":42,"FAC_NAME":"DIAMOND PARKING  A 872","HRS_MONFRI":null,"HRS_SAT":null,"HRS_SUN":null,"FAC_TYPE":null,"RTE_1HR":null,"RTE_2HR":null,"RTE_3HR":null,"RTE_ALLDAY":null,"DISABLED":null,"OP_NAME":null,"OP_PHONE":null,"OP_PHONE2":null,"OP_WEB":null,"PAYMENT_TYPE":null,"OTHER":"N","WEBNAME":null,"REGIONID":null,"OUTOFSERV":null,"VACANT":null,"STATUS":null,"DATETIME":null,"SE_ANNO_CAD_DATA":"","SIGNID":null,"GlobalID":"3dca4b61-3fdf-4d75-a934-18289f2d308a"}},{"type":"Feature","id":229719,"geometry":{"type":"Point","coordinates":[-122.342945984076,47.6187324916443]},"properties":{"OBJECTID":229719,"BUSLIC_ID":535849,"BUSLIC_LOCATION_ID":596049,"DEA_FACILITY_OWNER":null,"DEA_FACILITY_NAME":"DEJAVU LOT MURATA LOT 81077","DEA_BUSINESS_CONTACT":"BILL BEATTIE","DEA_BUSINESS_PHONE":"2063818552           ","DEA_FACILITY_ADDRESS":"714 DENNY WAY, SEATTLE, WA 98109-5101","DEA_STALLS":77,"FAC_NAME":"DEJAVU LOT MURATA LOT 81077","HRS_MONFRI":null,"HRS_SAT":null,"HRS_SUN":null,"FAC_TYPE":null,"RTE_1HR":null,"RTE_2HR":null,"RTE_3HR":null,"RTE_ALLDAY":null,"DISABLED":null,"OP_NAME":null,"OP_PHONE":null,"OP_PHONE2":null,"OP_WEB":null,"PAYMENT_TYPE":null,"OTHER":"N","WEBNAME":null,"REGIONID":null,"OUTOFSERV":null,"VACANT":null,"STATUS":null,"DATETIME":null,"SE_ANNO_CAD_DATA":"","SIGNID":null,"GlobalID":"17550e18-a886-4324-9fe8-d4c3d74974e0"}},{"type":"Feature","id":229720,"geometry":{"type":"Point","coordinates":[-122.340455422834,47.6183387725066]},"properties":{"OBJECTID":229720,"BUSLIC_ID":690585,"BUSLIC_LOCATION_ID":596092,"DEA_FACILITY_OWNER":null,"DEA_FACILITY_NAME":"DIAMOND PARKING  A625","DEA_BUSINESS_CONTACT":"JONATHAN DIAMOND","DEA_BUSINESS_PHONE":"2062843100           ","DEA_FACILITY_ADDRESS":"2300 8TH AVE, SEATTLE, WA 98121","DEA_STALLS":23,"FAC_NAME":"DIAMOND PARKING  A625","HRS_MONFRI":null,"HRS_SAT":null,"HRS_SUN":null,"FAC_TYPE":null,"RTE_1HR":null,"RTE_2HR":null,"RTE_3HR":null,"RTE_ALLDAY":null,"DISABLED":null,"OP_NAME":null,"OP_PHONE":null,"OP_PHONE2":null,"OP_WEB":null,"PAYMENT_TYPE":null,"OTHER":"N","WEBNAME":null,"REGIONID":null,"OUTOFSERV":null,"VACANT":null,"STATUS":null,"DATETIME":null,"SE_ANNO_CAD_DATA":"","SIGNID":null,"GlobalID":"5650ebfc-e1ea-4515-83de-56ebcfdaf97e"}},{"type":"Feature","id":229721,"geometry":{"type":"Point","coordinates":[-122.342707133697,47.6184031984951]},"properties":{"OBJECTID":229721,"BUSLIC_ID":574703,"BUSLIC_LOCATION_ID":593911,"DEA_FACILITY_OWNER":null,"DEA_FACILITY_NAME":"DIAMOND  PARKING  A953","DEA_BUSINESS_CONTACT":"JONATHAN DIAMOND","DEA_BUSINESS_PHONE":"2062843100           ","DEA_FACILITY_ADDRESS":"2404 7TH AVE, SEATTLE, WA 98121","DEA_STALLS":26,"FAC_NAME":"DIAMOND  PARKING  A953","HRS_MONFRI":null,"HRS_SAT":null,"HRS_SUN":null,"FAC_TYPE":null,"RTE_1HR":null,"RTE_2HR":null,"RTE_3HR":null,"RTE_ALLDAY":null,"DISABLED":null,"OP_NAME":null,"OP_PHONE":null,"OP_PHONE2":null,"OP_WEB":null,"PAYMENT_TYPE":null,"OTHER":"N","WEBNAME":null,"REGIONID":null,"OUTOFSERV":null,"VACANT":null,"STATUS":null,"DATETIME":null,"SE_ANNO_CAD_DATA":"","SIGNID":null,"GlobalID":"6dabead7-aa41-4b46-8f6f-d7e10b27fd82"}},{"type":"Feature","id":229722,"geometry":{"type":"Point","coordinates":[-122.341323605186,47.6182245447597]},"properties":{"OBJECTID":229722,"BUSLIC_ID":725042,"BUSLIC_LOCATION_ID":733395,"DEA_FACILITY_OWNER":null,"DEA_FACILITY_NAME":"IMPARK 62","DEA_BUSINESS_CONTACT":"EDWARD DANYLUK","DEA_BUSINESS_PHONE":"2063811789           ","DEA_FACILITY_ADDRESS":"2301 8TH AVE, SEATTLE, WA 98121","DEA_STALLS":10,"FAC_NAME":"IMPARK 62","HRS_MONFRI":null,"HRS_SAT":null,"HRS_SUN":null,"FAC_TYPE":null,"RTE_1HR":null,"RTE_2HR":null,"RTE_3HR":null,"RTE_ALLDAY":null,"DISABLED":null,"OP_NAME":null,"OP_PHONE":null,"OP_PHONE2":null,"OP_WEB":null,"PAYMENT_TYPE":null,"OTHER":"N","WEBNAME":null,"REGIONID":null,"OUTOFSERV":null,"VACANT":null,"STATUS":null,"DATETIME":null,"SE_ANNO_CAD_DATA":"","SIGNID":null,"GlobalID":"5bc46a73-9901-4660-b872-c60217f74380"}},{"type":"Feature","id":229723,"geometry":{"type":"Point","coordinates":[-122.339406666133,47.6238353051637]},"properties":{"OBJECTID":229723,"BUSLIC_ID":659666,"BUSLIC_LOCATION_ID":685247,"DEA_FACILITY_OWNER":null,"DEA_FACILITY_NAME":"STANDARD PARKING 82371 500 9TH AVE N","DEA_BUSINESS_CONTACT":"BILL BEATTIE","DEA_BUSINESS_PHONE":"2063818552           ","DEA_FACILITY_ADDRESS":"500 9TH AVE N, SEATTLE, WA 98109-4720","DEA_STALLS":545,"FAC_NAME":"STANDARD PARKING 82371 500 9TH AVE N","HRS_MONFRI":null,"HRS_SAT":null,"HRS_SUN":null,"FAC_TYPE":null,"RTE_1HR":null,"RTE_2HR":null,"RTE_3HR":null,"RTE_ALLDAY":null,"DISABLED":null,"OP_NAME":null,"OP_PHONE":null,"OP_PHONE2":null,"OP_WEB":null,"PAYMENT_TYPE":null,"OTHER":"N","WEBNAME":null,"REGIONID":null,"OUTOFSERV":null,"VACANT":null,"STATUS":null,"DATETIME":null,"SE_ANNO_CAD_DATA":"","SIGNID":null,"GlobalID":"5341feb8-2b36-4343-b125-47c061c62b9c"}},{"type":"Feature","id":229724,"geometry":{"type":"Point","coordinates":[-122.341438242816,47.6226277586738]},"properties":{"OBJECTID":229724,"BUSLIC_ID":556289,"BUSLIC_LOCATION_ID":611421,"DEA_FACILITY_OWNER":null,"DEA_FACILITY_NAME":"REXLAND LOT 81322","DEA_BUSINESS_CONTACT":"BILL BEATTIE","DEA_BUSINESS_PHONE":"2066247040           ","DEA_FACILITY_ADDRESS":"421 8TH AVE N, SEATTLE, WA 98109-4706","DEA_STALLS":52,"FAC_NAME":"REXLAND LOT 81322","HRS_MONFRI":null,"HRS_SAT":null,"HRS_SUN":null,"FAC_TYPE":null,"RTE_1HR":null,"RTE_2HR":null,"RTE_3HR":null,"RTE_ALLDAY":null,"DISABLED":null,"OP_NAME":null,"OP_PHONE":null,"OP_PHONE2":null,"OP_WEB":null,"PAYMENT_TYPE":null,"OTHER":"N","WEBNAME":null,"REGIONID":null,"OUTOFSERV":null,"VACANT":null,"STATUS":null,"DATETIME":null,"SE_ANNO_CAD_DATA":"","SIGNID":null,"GlobalID":"d855b5da-3318-476c-9eb9-05781b033447"}},{"type":"Feature","id":229725,"geometry":{"type":"Point","coordinates":[-122.336242877266,47.6218021306726]},"properties":{"OBJECTID":229725,"BUSLIC_ID":618406,"BUSLIC_LOCATION_ID":656126,"DEA_FACILITY_OWNER":null,"DEA_FACILITY_NAME":"AMAZON.COM PHASE 4 LOT 82173","DEA_BUSINESS_CONTACT":"BILL BEATTIE","DEA_BUSINESS_PHONE":"2063818552           ","DEA_FACILITY_ADDRESS":"345 BOREN AVE N, SEATTLE, WA 98109-5306","DEA_STALLS":784,"FAC_NAME":"AMAZON.COM PHASE 4 LOT 82173","HRS_MONFRI":null,"HRS_SAT":null,"HRS_SUN":null,"FAC_TYPE":null,"RTE_1HR":null,"RTE_2HR":null,"RTE_3HR":null,"RTE_ALLDAY":null,"DISABLED":null,"OP_NAME":null,"OP_PHONE":null,"OP_PHONE2":null,"OP_WEB":null,"PAYMENT_TYPE":null,"OTHER":"N","WEBNAME":null,"REGIONID":null,"OUTOFSERV":null,"VACANT":null,"STATUS":null,"DATETIME":null,"SE_ANNO_CAD_DATA":"","SIGNID":null,"GlobalID":"a3e5cb52-0be0-4f31-83a7-5562c93bf9dc"}},{"type":"Feature","id":229726,"geometry":{"type":"Point","coordinates":[-122.340149850943,47.6215411201252]},"properties":{"OBJECTID":229726,"BUSLIC_ID":675142,"BUSLIC_LOCATION_ID":165553,"DEA_FACILITY_OWNER":null,"DEA_FACILITY_NAME":"325 9TH AVE N LOT 82497","DEA_BUSINESS_CONTACT":"BILL BEATTIE","DEA_BUSINESS_PHONE":"2066247040           ","DEA_FACILITY_ADDRESS":"325 9TH AVE N, SEATTLE, WA 98109","DEA_STALLS":1200,"FAC_NAME":"325 9TH AVE N LOT 82497","HRS_MONFRI":null,"HRS_SAT":null,"HRS_SUN":null,"FAC_TYPE":null,"RTE_1HR":null,"RTE_2HR":null,"RTE_3HR":null,"RTE_ALLDAY":null,"DISABLED":null,"OP_NAME":null,"OP_PHONE":null,"OP_PHONE2":null,"OP_WEB":null,"PAYMENT_TYPE":null,"OTHER":"N","WEBNAME":null,"REGIONID":null,"OUTOFSERV":null,"VACANT":null,"STATUS":null,"DATETIME":null,"SE_ANNO_CAD_DATA":"","SIGNID":null,"GlobalID":"e3bf169e-7162-499e-ab9a-cf172696ed6f"}},{"type":"Feature","id":229727,"geometry":{"type":"Point","coordinates":[-122.344597212904,47.6205563612849]},"properties":{"OBJECTID":229727,"BUSLIC_ID":531566,"BUSLIC_LOCATION_ID":593008,"DEA_FACILITY_OWNER":null,"DEA_FACILITY_NAME":"IMPARK  18","DEA_BUSINESS_CONTACT":"EDWARD DANYLUK","DEA_BUSINESS_PHONE":"2063811789           ","DEA_FACILITY_ADDRESS":"220 6TH AVE N, SEATTLE, WA 98109","DEA_STALLS":28,"FAC_NAME":"IMPARK  18","HRS_MONFRI":null,"HRS_SAT":null,"HRS_SUN":null,"FAC_TYPE":null,"RTE_1HR":null,"RTE_2HR":null,"RTE_3HR":null,"RTE_ALLDAY":null,"DISABLED":null,"OP_NAME":null,"OP_PHONE":null,"OP_PHONE2":null,"OP_WEB":null,"PAYMENT_TYPE":null,"OTHER":"N","WEBNAME":null,"REGIONID":null,"OUTOFSERV":null,"VACANT":null,"STATUS":null,"DATETIME":null,"SE_ANNO_CAD_DATA":"","SIGNID":null,"GlobalID":"05896b1d-7d33-4d1b-ad00-246fa8668c02"}},{"type":"Feature","id":229728,"geometry":{"type":"Point","coordinates":[-122.338073366351,47.6200386804818]},"properties":{"OBJECTID":229728,"BUSLIC_ID":648329,"BUSLIC_LOCATION_ID":677114,"DEA_FACILITY_OWNER":null,"DEA_FACILITY_NAME":"202 WESTLAKE AVE 82220","DEA_BUSINESS_CONTACT":"BILL BEATTIE","DEA_BUSINESS_PHONE":"2063818552           ","DEA_FACILITY_ADDRESS":"202 WESTLAKE AVE N, SEATTLE, WA 98109-5264","DEA_STALLS":218,"FAC_NAME":"202 WESTLAKE AVE 82220","HRS_MONFRI":null,"HRS_SAT":null,"HRS_SUN":null,"FAC_TYPE":null,"RTE_1HR":null,"RTE_2HR":null,"RTE_3HR":null,"RTE_ALLDAY":null,"DISABLED":null,"OP_NAME":null,"OP_PHONE":null,"OP_PHONE2":null,"OP_WEB":null,"PAYMENT_TYPE":null,"OTHER":"N","WEBNAME":null,"REGIONID":null,"OUTOFSERV":null,"VACANT":null,"STATUS":null,"DATETIME":null,"SE_ANNO_CAD_DATA":"","SIGNID":null,"GlobalID":"bf8ee237-e4a8-4ba2-8774-798860d15ba9"}},{"type":"Feature","id":229729,"geometry":{"type":"Point","coordinates":[-122.338068922396,47.619208154743]},"properties":{"OBJECTID":229729,"BUSLIC_ID":585870,"BUSLIC_LOCATION_ID":633166,"DEA_FACILITY_OWNER":null,"DEA_FACILITY_NAME":"ROLLIN ST LOT 82033","DEA_BUSINESS_CONTACT":"BILL BEATTIE","DEA_BUSINESS_PHONE":"2066247040           ","DEA_FACILITY_ADDRESS":"120 WESTLAKE AVE N, SEATTLE, WA 98109-5241","DEA_STALLS":19,"FAC_NAME":"ROLLIN ST LOT 82033","HRS_MONFRI":null,"HRS_SAT":null,"HRS_SUN":null,"FAC_TYPE":null,"RTE_1HR":null,"RTE_2HR":null,"RTE_3HR":null,"RTE_ALLDAY":null,"DISABLED":null,"OP_NAME":null,"OP_PHONE":null,"OP_PHONE2":null,"OP_WEB":null,"PAYMENT_TYPE":null,"OTHER":"N","WEBNAME":null,"REGIONID":null,"OUTOFSERV":null,"VACANT":null,"STATUS":null,"DATETIME":null,"SE_ANNO_CAD_DATA":"","SIGNID":null,"GlobalID":"7ab03c72-755b-4cea-abca-a95cd32284ee"}},{"type":"Feature","id":229730,"geometry":{"type":"Point","coordinates":[-122.338068922396,47.619208154743]},"properties":{"OBJECTID":229730,"BUSLIC_ID":618407,"BUSLIC_LOCATION_ID":656128,"DEA_FACILITY_OWNER":null,"DEA_FACILITY_NAME":" ROLLIN STREET AMAZON LOT 81777","DEA_BUSINESS_CONTACT":"BILL BEATTIE","DEA_BUSINESS_PHONE":"2063818552           ","DEA_FACILITY_ADDRESS":"120 WESTLAKE AVE N, SEATTLE, WA 98109-5241","DEA_STALLS":261,"FAC_NAME":" ROLLIN STREET AMAZON LOT 81777","HRS_MONFRI":null,"HRS_SAT":null,"HRS_SUN":null,"FAC_TYPE":null,"RTE_1HR":null,"RTE_2HR":null,"RTE_3HR":null,"RTE_ALLDAY":null,"DISABLED":null,"OP_NAME":null,"OP_PHONE":null,"OP_PHONE2":null,"OP_WEB":null,"PAYMENT_TYPE":null,"OTHER":"N","WEBNAME":null,"REGIONID":null,"OUTOFSERV":null,"VACANT":null,"STATUS":null,"DATETIME":null,"SE_ANNO_CAD_DATA":"","SIGNID":null,"GlobalID":"019048fb-37d9-4ca1-a2c5-586163f06d51"}},{"type":"Feature","id":229731,"geometry":{"type":"Point","coordinates":[-122.343884465703,47.6179991570681]},"properties":{"OBJECTID":229731,"BUSLIC_ID":493720,"BUSLIC_LOCATION_ID":565731,"DEA_FACILITY_OWNER":null,"DEA_FACILITY_NAME":"IMPARK  34","DEA_BUSINESS_CONTACT":"EDWARD DANYLUK","DEA_BUSINESS_PHONE":"2063811789           ","DEA_FACILITY_ADDRESS":"601 WALL ST, SEATTLE, WA 98121","DEA_STALLS":17,"FAC_NAME":"IMPARK  34","HRS_MONFRI":null,"HRS_SAT":null,"HRS_SUN":null,"FAC_TYPE":null,"RTE_1HR":null,"RTE_2HR":null,"RTE_3HR":null,"RTE_ALLDAY":null,"DISABLED":null,"OP_NAME":null,"OP_PHONE":null,"OP_PHONE2":null,"OP_WEB":null,"PAYMENT_TYPE":null,"OTHER":"N","WEBNAME":null,"REGIONID":null,"OUTOFSERV":null,"VACANT":null,"STATUS":null,"DATETIME":null,"SE_ANNO_CAD_DATA":"","SIGNID":null,"GlobalID":"db973b43-2288-4cdf-81bd-6e0c021736de"}},{"type":"Feature","id":229732,"geometry":{"type":"Point","coordinates":[-122.339083596885,47.618105135016]},"properties":{"OBJECTID":229732,"BUSLIC_ID":585869,"BUSLIC_LOCATION_ID":633165,"DEA_FACILITY_OWNER":null,"DEA_FACILITY_NAME":"2201 9TH AVENUE LOT 81771","DEA_BUSINESS_CONTACT":"BILL BEATTIE","DEA_BUSINESS_PHONE":"2066247040           ","DEA_FACILITY_ADDRESS":"2201 9TH AVE, SEATTLE, WA 98121-2710","DEA_STALLS":327,"FAC_NAME":"2201 9TH AVENUE LOT 81771","HRS_MONFRI":null,"HRS_SAT":null,"HRS_SUN":null,"FAC_TYPE":null,"RTE_1HR":null,"RTE_2HR":null,"RTE_3HR":null,"RTE_ALLDAY":null,"DISABLED":null,"OP_NAME":null,"OP_PHONE":null,"OP_PHONE2":null,"OP_WEB":null,"PAYMENT_TYPE":null,"OTHER":"N","WEBNAME":null,"REGIONID":null,"OUTOFSERV":null,"VACANT":null,"STATUS":null,"DATETIME":null,"SE_ANNO_CAD_DATA":"","SIGNID":null,"GlobalID":"627540f3-1f63-40ae-9e56-061f6ba09995"}},{"type":"Feature","id":229733,"geometry":{"type":"Point","coordinates":[-122.337285099489,47.6178259199299]},"properties":{"OBJECTID":229733,"BUSLIC_ID":544499,"BUSLIC_LOCATION_ID":602971,"DEA_FACILITY_OWNER":null,"DEA_FACILITY_NAME":"2200 WESTLAKE GARAGE 81236","DEA_BUSINESS_CONTACT":"BILL BEATTIE","DEA_BUSINESS_PHONE":"2066247040           ","DEA_FACILITY_ADDRESS":"2200 WESTLAKE AVE, SEATTLE, WA 98121-2713","DEA_STALLS":412,"FAC_NAME":"2200 WESTLAKE GARAGE 81236","HRS_MONFRI":null,"HRS_SAT":null,"HRS_SUN":null,"FAC_TYPE":null,"RTE_1HR":null,"RTE_2HR":null,"RTE_3HR":null,"RTE_ALLDAY":null,"DISABLED":null,"OP_NAME":null,"OP_PHONE":null,"OP_PHONE2":null,"OP_WEB":null,"PAYMENT_TYPE":null,"OTHER":"N","WEBNAME":null,"REGIONID":null,"OUTOFSERV":null,"VACANT":null,"STATUS":null,"DATETIME":null,"SE_ANNO_CAD_DATA":"","SIGNID":null,"GlobalID":"ecce6d78-c508-4d8b-b1d1-513e90ab558c"}},{"type":"Feature","id":229734,"geometry":{"type":"Point","coordinates":[-122.300020167944,47.666527338951]},"properties":{"OBJECTID":229734,"BUSLIC_ID":704399,"BUSLIC_LOCATION_ID":717118,"DEA_FACILITY_OWNER":null,"DEA_FACILITY_NAME":"DIAMOND PARKING  WX16","DEA_BUSINESS_CONTACT":"JONATHAN DIAMOND","DEA_BUSINESS_PHONE":"2062843100           ","DEA_FACILITY_ADDRESS":"2510 NE BLAKELY ST, SEATTLE, WA 98105","DEA_STALLS":26,"FAC_NAME":"DIAMOND PARKING  WX16","HRS_MONFRI":null,"HRS_SAT":null,"HRS_SUN":null,"FAC_TYPE":null,"RTE_1HR":null,"RTE_2HR":null,"RTE_3HR":null,"RTE_ALLDAY":null,"DISABLED":null,"OP_NAME":null,"OP_PHONE":null,"OP_PHONE2":null,"OP_WEB":null,"PAYMENT_TYPE":null,"OTHER":"N","WEBNAME":null,"REGIONID":null,"OUTOFSERV":null,"VACANT":null,"STATUS":null,"DATETIME":null,"SE_ANNO_CAD_DATA":"","SIGNID":null,"GlobalID":"a73cc833-84b4-4301-8725-ac0d7f21ab75"}},{"type":"Feature","id":229735,"geometry":{"type":"Point","coordinates":[-122.295447795054,47.6620492416684]},"properties":{"OBJECTID":229735,"BUSLIC_ID":591248,"BUSLIC_LOCATION_ID":637243,"DEA_FACILITY_OWNER":null,"DEA_FACILITY_NAME":"DIAMOND PARKING  WU25","DEA_BUSINESS_CONTACT":"JONATHAN DIAMOND","DEA_BUSINESS_PHONE":"2062843100           ","DEA_FACILITY_ADDRESS":"3020 NE 45TH ST, SEATTLE, WA 98105","DEA_STALLS":15,"FAC_NAME":"DIAMOND PARKING  WU25","HRS_MONFRI":null,"HRS_SAT":null,"HRS_SUN":null,"FAC_TYPE":null,"RTE_1HR":null,"RTE_2HR":null,"RTE_3HR":null,"RTE_ALLDAY":null,"DISABLED":null,"OP_NAME":null,"OP_PHONE":null,"OP_PHONE2":null,"OP_WEB":null,"PAYMENT_TYPE":null,"OTHER":"N","WEBNAME":null,"REGIONID":null,"OUTOFSERV":null,"VACANT":null,"STATUS":null,"DATETIME":null,"SE_ANNO_CAD_DATA":"","SIGNID":null,"GlobalID":"6843ca2d-1e0c-4885-abe1-57b78a2849ef"}},{"type":"Feature","id":229736,"geometry":{"type":"Point","coordinates":[-122.29301576679,47.6620977700967]},"properties":{"OBJECTID":229736,"BUSLIC_ID":519707,"BUSLIC_LOCATION_ID":584055,"DEA_FACILITY_OWNER":null,"DEA_FACILITY_NAME":"DIAMOND PARKING  WU80","DEA_BUSINESS_CONTACT":"JONATHAN DIAMOND","DEA_BUSINESS_PHONE":"2062846303           ","DEA_FACILITY_ADDRESS":"4518 UNION BAY PL NE, SEATTLE, WA 98115","DEA_STALLS":34,"FAC_NAME":"DIAMOND PARKING  WU80","HRS_MONFRI":null,"HRS_SAT":null,"HRS_SUN":null,"FAC_TYPE":null,"RTE_1HR":null,"RTE_2HR":null,"RTE_3HR":null,"RTE_ALLDAY":null,"DISABLED":null,"OP_NAME":null,"OP_PHONE":null,"OP_PHONE2":null,"OP_WEB":null,"PAYMENT_TYPE":null,"OTHER":"N","WEBNAME":null,"REGIONID":null,"OUTOFSERV":null,"VACANT":null,"STATUS":null,"DATETIME":null,"SE_ANNO_CAD_DATA":"","SIGNID":null,"GlobalID":"93ad53b8-2031-47b3-a18e-94eae79e5122"}},{"type":"Feature","id":229737,"geometry":{"type":"Point","coordinates":[-122.291246717319,47.6613883057332]},"properties":{"OBJECTID":229737,"BUSLIC_ID":574713,"BUSLIC_LOCATION_ID":625172,"DEA_FACILITY_OWNER":null,"DEA_FACILITY_NAME":"DIAMOND PARKING  WU83","DEA_BUSINESS_CONTACT":"JONATHAN DIAMOND","DEA_BUSINESS_PHONE":"2062843100           ","DEA_FACILITY_ADDRESS":"3216 NE 45TH ST, SEATTLE, WA 98105","DEA_STALLS":50,"FAC_NAME":"DIAMOND PARKING  WU83","HRS_MONFRI":null,"HRS_SAT":null,"HRS_SUN":null,"FAC_TYPE":null,"RTE_1HR":null,"RTE_2HR":null,"RTE_3HR":null,"RTE_ALLDAY":null,"DISABLED":null,"OP_NAME":null,"OP_PHONE":null,"OP_PHONE2":null,"OP_WEB":null,"PAYMENT_TYPE":null,"OTHER":"N","WEBNAME":null,"REGIONID":null,"OUTOFSERV":null,"VACANT":null,"STATUS":null,"DATETIME":null,"SE_ANNO_CAD_DATA":"","SIGNID":null,"GlobalID":"a636d6d7-19a1-465c-9fde-ad4ae78059c5"}},{"type":"Feature","id":229738,"geometry":{"type":"Point","coordinates":[-122.356651276205,47.6398074392102]},"properties":{"OBJECTID":229738,"BUSLIC_ID":574687,"BUSLIC_LOCATION_ID":577229,"DEA_FACILITY_OWNER":null,"DEA_FACILITY_NAME":"DIAMOND PARKING  A917","DEA_BUSINESS_CONTACT":"JONATHAN DIAMOND","DEA_BUSINESS_PHONE":"2062846303           ","DEA_FACILITY_ADDRESS":"2402 QUEEN ANNE AVE N, SEATTLE, WA 98109","DEA_STALLS":95,"FAC_NAME":"DIAMOND PARKING  A917","HRS_MONFRI":null,"HRS_SAT":null,"HRS_SUN":null,"FAC_TYPE":null,"RTE_1HR":null,"RTE_2HR":null,"RTE_3HR":null,"RTE_ALLDAY":null,"DISABLED":null,"OP_NAME":null,"OP_PHONE":null,"OP_PHONE2":null,"OP_WEB":null,"PAYMENT_TYPE":null,"OTHER":"N","WEBNAME":null,"REGIONID":null,"OUTOFSERV":null,"VACANT":null,"STATUS":null,"DATETIME":null,"SE_ANNO_CAD_DATA":"","SIGNID":null,"GlobalID":"3758662c-3dbb-48fe-a280-4d40590e4906"}},{"type":"Feature","id":229739,"geometry":{"type":"Point","coordinates":[-122.326257294142,47.6421935589463]},"properties":{"OBJECTID":229739,"BUSLIC_ID":649556,"BUSLIC_LOCATION_ID":678058,"DEA_FACILITY_OWNER":null,"DEA_FACILITY_NAME":"DIAMOND PARKING  A444","DEA_BUSINESS_CONTACT":"JONATHAN DIAMOND","DEA_BUSINESS_PHONE":"2062843100           ","DEA_FACILITY_ADDRESS":"2501 EASTLAKE AVE E, SEATTLE, WA 98102","DEA_STALLS":30,"FAC_NAME":"DIAMOND PARKING  A444","HRS_MONFRI":null,"HRS_SAT":null,"HRS_SUN":null,"FAC_TYPE":null,"RTE_1HR":null,"RTE_2HR":null,"RTE_3HR":null,"RTE_ALLDAY":null,"DISABLED":null,"OP_NAME":null,"OP_PHONE":null,"OP_PHONE2":null,"OP_WEB":null,"PAYMENT_TYPE":null,"OTHER":"N","WEBNAME":null,"REGIONID":null,"OUTOFSERV":null,"VACANT":null,"STATUS":null,"DATETIME":null,"SE_ANNO_CAD_DATA":"","SIGNID":null,"GlobalID":"22f4243e-24ed-488f-a4d0-cc9992155876"}},{"type":"Feature","id":229740,"geometry":{"type":"Point","coordinates":[-122.325531379904,47.6395994950726]},"properties":{"OBJECTID":229740,"BUSLIC_ID":5372,"BUSLIC_LOCATION_ID":4528,"DEA_FACILITY_OWNER":null,"DEA_FACILITY_NAME":"U PARK 23","DEA_BUSINESS_CONTACT":"KEN JR PHILLIPS","DEA_BUSINESS_PHONE":"2062849797           ","DEA_FACILITY_ADDRESS":"2238 EASTLAKE AVE E, SEATTLE, WA 98102","DEA_STALLS":20,"FAC_NAME":"U PARK 23","HRS_MONFRI":null,"HRS_SAT":null,"HRS_SUN":null,"FAC_TYPE":null,"RTE_1HR":null,"RTE_2HR":null,"RTE_3HR":null,"RTE_ALLDAY":null,"DISABLED":null,"OP_NAME":null,"OP_PHONE":null,"OP_PHONE2":null,"OP_WEB":null,"PAYMENT_TYPE":null,"OTHER":"N","WEBNAME":null,"REGIONID":null,"OUTOFSERV":null,"VACANT":null,"STATUS":null,"DATETIME":null,"SE_ANNO_CAD_DATA":"","SIGNID":null,"GlobalID":"4ee4cc97-af95-4016-baf5-ca68f114ea94"}},{"type":"Feature","id":229741,"geometry":{"type":"Point","coordinates":[-122.356800620818,47.6338323482705]},"properties":{"OBJECTID":229741,"BUSLIC_ID":574596,"BUSLIC_LOCATION_ID":625137,"DEA_FACILITY_OWNER":null,"DEA_FACILITY_NAME":"DIAMOND PARKING  A826","DEA_BUSINESS_CONTACT":"JONATHAN DIAMOND","DEA_BUSINESS_PHONE":"2062843100           ","DEA_FACILITY_ADDRESS":"1600 QUEEN ANNE AVE N, SEATTLE, WA 98109","DEA_STALLS":13,"FAC_NAME":"DIAMOND PARKING  A826","HRS_MONFRI":null,"HRS_SAT":null,"HRS_SUN":null,"FAC_TYPE":null,"RTE_1HR":null,"RTE_2HR":null,"RTE_3HR":null,"RTE_ALLDAY":null,"DISABLED":null,"OP_NAME":null,"OP_PHONE":null,"OP_PHONE2":null,"OP_WEB":null,"PAYMENT_TYPE":null,"OTHER":"N","WEBNAME":null,"REGIONID":null,"OUTOFSERV":null,"VACANT":null,"STATUS":null,"DATETIME":null,"SE_ANNO_CAD_DATA":"","SIGNID":null,"GlobalID":"3cc28488-4566-4085-98d7-baac7766ac99"}},{"type":"Feature","id":229742,"geometry":{"type":"Point","coordinates":[-122.342177815627,47.636441258817]},"properties":{"OBJECTID":229742,"BUSLIC_ID":702011,"BUSLIC_LOCATION_ID":715307,"DEA_FACILITY_OWNER":null,"DEA_FACILITY_NAME":"DIAMOND PARKING  A648","DEA_BUSINESS_CONTACT":"JONATHAN DIAMOND","DEA_BUSINESS_PHONE":"2062843100           ","DEA_FACILITY_ADDRESS":"1920 DEXTER AVE N, SEATTLE, WA 98109","DEA_STALLS":15,"FAC_NAME":"DIAMOND PARKING  A648","HRS_MONFRI":null,"HRS_SAT":null,"HRS_SUN":null,"FAC_TYPE":null,"RTE_1HR":null,"RTE_2HR":null,"RTE_3HR":null,"RTE_ALLDAY":null,"DISABLED":null,"OP_NAME":null,"OP_PHONE":null,"OP_PHONE2":null,"OP_WEB":null,"PAYMENT_TYPE":null,"OTHER":"N","WEBNAME":null,"REGIONID":null,"OUTOFSERV":null,"VACANT":null,"STATUS":null,"DATETIME":null,"SE_ANNO_CAD_DATA":"","SIGNID":null,"GlobalID":"a9a90f12-7fee-4d93-b070-2469882fe872"}},{"type":"Feature","id":229743,"geometry":{"type":"Point","coordinates":[-122.325063854909,47.6193972762034]},"properties":{"OBJECTID":229743,"BUSLIC_ID":603360,"BUSLIC_LOCATION_ID":645755,"DEA_FACILITY_OWNER":null,"DEA_FACILITY_NAME":"DIAMOND PARKING  A329","DEA_BUSINESS_CONTACT":"JONATHAN DIAMOND","DEA_BUSINESS_PHONE":"2062846303           ","DEA_FACILITY_ADDRESS":"1600 E OLIVE WAY, SEATTLE, WA 98122","DEA_STALLS":21,"FAC_NAME":"DIAMOND PARKING  A329","HRS_MONFRI":null,"HRS_SAT":null,"HRS_SUN":null,"FAC_TYPE":null,"RTE_1HR":null,"RTE_2HR":null,"RTE_3HR":null,"RTE_ALLDAY":null,"DISABLED":null,"OP_NAME":null,"OP_PHONE":null,"OP_PHONE2":null,"OP_WEB":null,"PAYMENT_TYPE":null,"OTHER":"N","WEBNAME":null,"REGIONID":null,"OUTOFSERV":null,"VACANT":null,"STATUS":null,"DATETIME":null,"SE_ANNO_CAD_DATA":"","SIGNID":null,"GlobalID":"2d879aa5-d5b3-4a39-a6da-3f9557e616db"}},{"type":"Feature","id":229744,"geometry":{"type":"Point","coordinates":[-122.324324382362,47.6190028472151]},"properties":{"OBJECTID":229744,"BUSLIC_ID":652002,"BUSLIC_LOCATION_ID":679932,"DEA_FACILITY_OWNER":null,"DEA_FACILITY_NAME":"DIAMOND PARKING  A450","DEA_BUSINESS_CONTACT":"JONATHAN DIAMOND","DEA_BUSINESS_PHONE":"2062843100           ","DEA_FACILITY_ADDRESS":"117 BELMONT AVE E, SEATTLE, WA 98102","DEA_STALLS":17,"FAC_NAME":"DIAMOND PARKING  A450","HRS_MONFRI":null,"HRS_SAT":null,"HRS_SUN":null,"FAC_TYPE":null,"RTE_1HR":null,"RTE_2HR":null,"RTE_3HR":null,"RTE_ALLDAY":null,"DISABLED":null,"OP_NAME":null,"OP_PHONE":null,"OP_PHONE2":null,"OP_WEB":null,"PAYMENT_TYPE":null,"OTHER":"N","WEBNAME":null,"REGIONID":null,"OUTOFSERV":null,"VACANT":null,"STATUS":null,"DATETIME":null,"SE_ANNO_CAD_DATA":"","SIGNID":null,"GlobalID":"bfd4c210-e941-4934-bfdd-46b035b11e56"}},{"type":"Feature","id":229745,"geometry":{"type":"Point","coordinates":[-122.325121024832,47.6188346435675]},"properties":{"OBJECTID":229745,"BUSLIC_ID":667410,"BUSLIC_LOCATION_ID":690978,"DEA_FACILITY_OWNER":null,"DEA_FACILITY_NAME":"DIAMOND PARKING  A472","DEA_BUSINESS_CONTACT":"JONATHAN DIAMOND","DEA_BUSINESS_PHONE":"2062843100           ","DEA_FACILITY_ADDRESS":"110 SUMMIT AVE E, SEATTLE, WA 98102","DEA_STALLS":10,"FAC_NAME":"DIAMOND PARKING  A472","HRS_MONFRI":null,"HRS_SAT":null,"HRS_SUN":null,"FAC_TYPE":null,"RTE_1HR":null,"RTE_2HR":null,"RTE_3HR":null,"RTE_ALLDAY":null,"DISABLED":null,"OP_NAME":null,"OP_PHONE":null,"OP_PHONE2":null,"OP_WEB":null,"PAYMENT_TYPE":null,"OTHER":"N","WEBNAME":null,"REGIONID":null,"OUTOFSERV":null,"VACANT":null,"STATUS":null,"DATETIME":null,"SE_ANNO_CAD_DATA":"","SIGNID":null,"GlobalID":"bb39c312-9b2c-4cdf-8a5a-088f45d0a07c"}},{"type":"Feature","id":229746,"geometry":{"type":"Point","coordinates":[-122.329942021612,47.6186899940768]},"properties":{"OBJECTID":229746,"BUSLIC_ID":683648,"BUSLIC_LOCATION_ID":625103,"DEA_FACILITY_OWNER":null,"DEA_FACILITY_NAME":"DIAMOND PARKING  A615","DEA_BUSINESS_CONTACT":"JONATHAN DIAMOND","DEA_BUSINESS_PHONE":"2062843100           ","DEA_FACILITY_ADDRESS":"1305 STEWART ST, SEATTLE, WA 98109","DEA_STALLS":204,"FAC_NAME":"DIAMOND PARKING  A615","HRS_MONFRI":null,"HRS_SAT":null,"HRS_SUN":null,"FAC_TYPE":null,"RTE_1HR":null,"RTE_2HR":null,"RTE_3HR":null,"RTE_ALLDAY":null,"DISABLED":null,"OP_NAME":null,"OP_PHONE":null,"OP_PHONE2":null,"OP_WEB":null,"PAYMENT_TYPE":null,"OTHER":"N","WEBNAME":null,"REGIONID":null,"OUTOFSERV":null,"VACANT":null,"STATUS":null,"DATETIME":null,"SE_ANNO_CAD_DATA":"","SIGNID":null,"GlobalID":"306d2463-1618-48c3-8164-3268860fd873"}},{"type":"Feature","id":229747,"geometry":{"type":"Point","coordinates":[-122.32949205934,47.6182377563787]},"properties":{"OBJECTID":229747,"BUSLIC_ID":717268,"BUSLIC_LOCATION_ID":727115,"DEA_FACILITY_OWNER":null,"DEA_FACILITY_NAME":"DIAMOND PARKING SERVICES A664","DEA_BUSINESS_CONTACT":"JONATHAN DIAMOND","DEA_BUSINESS_PHONE":"2062843100           ","DEA_FACILITY_ADDRESS":"1810 COURT PL, SEATTLE, WA 98101","DEA_STALLS":6,"FAC_NAME":"DIAMOND PARKING SERVICES A664","HRS_MONFRI":null,"HRS_SAT":null,"HRS_SUN":null,"FAC_TYPE":null,"RTE_1HR":null,"RTE_2HR":null,"RTE_3HR":null,"RTE_ALLDAY":null,"DISABLED":null,"OP_NAME":null,"OP_PHONE":null,"OP_PHONE2":null,"OP_WEB":null,"PAYMENT_TYPE":null,"OTHER":"N","WEBNAME":null,"REGIONID":null,"OUTOFSERV":null,"VACANT":null,"STATUS":null,"DATETIME":null,"SE_ANNO_CAD_DATA":"","SIGNID":null,"GlobalID":"91aca424-3d13-45e4-b4bb-f54435e4e30e"}},{"type":"Feature","id":229748,"geometry":{"type":"Point","coordinates":[-122.332080254198,47.6238090232862]},"properties":{"OBJECTID":229748,"BUSLIC_ID":633752,"BUSLIC_LOCATION_ID":667095,"DEA_FACILITY_OWNER":null,"DEA_FACILITY_NAME":"DIAMOND PARKING  A 939","DEA_BUSINESS_CONTACT":"JONATHAN DIAMOND","DEA_BUSINESS_PHONE":"2064367266           ","DEA_FACILITY_ADDRESS":"535 PONTIUS AVE N, SEATTLE, WA 98109","DEA_STALLS":33,"FAC_NAME":"DIAMOND PARKING  A 939","HRS_MONFRI":null,"HRS_SAT":null,"HRS_SUN":null,"FAC_TYPE":null,"RTE_1HR":null,"RTE_2HR":null,"RTE_3HR":null,"RTE_ALLDAY":null,"DISABLED":null,"OP_NAME":null,"OP_PHONE":null,"OP_PHONE2":null,"OP_WEB":null,"PAYMENT_TYPE":null,"OTHER":"N","WEBNAME":null,"REGIONID":null,"OUTOFSERV":null,"VACANT":null,"STATUS":null,"DATETIME":null,"SE_ANNO_CAD_DATA":"","SIGNID":null,"GlobalID":"b41cc40f-8f57-42e0-9bca-38d3c0b1d669"}},{"type":"Feature","id":229749,"geometry":{"type":"Point","coordinates":[-122.330852296681,47.6233648050092]},"properties":{"OBJECTID":229749,"BUSLIC_ID":657553,"BUSLIC_LOCATION_ID":683879,"DEA_FACILITY_OWNER":null,"DEA_FACILITY_NAME":"DIAMOND PARKING  A462","DEA_BUSINESS_CONTACT":"JONATHAN DIAMOND","DEA_BUSINESS_PHONE":"2062843100           ","DEA_FACILITY_ADDRESS":"1260 REPUBLICAN ST, SEATTLE, WA 98102","DEA_STALLS":10,"FAC_NAME":"DIAMOND PARKING  A462","HRS_MONFRI":null,"HRS_SAT":null,"HRS_SUN":null,"FAC_TYPE":null,"RTE_1HR":null,"RTE_2HR":null,"RTE_3HR":null,"RTE_ALLDAY":null,"DISABLED":null,"OP_NAME":null,"OP_PHONE":null,"OP_PHONE2":null,"OP_WEB":null,"PAYMENT_TYPE":null,"OTHER":"N","WEBNAME":null,"REGIONID":null,"OUTOFSERV":null,"VACANT":null,"STATUS":null,"DATETIME":null,"SE_ANNO_CAD_DATA":"","SIGNID":null,"GlobalID":"bf57b8fd-c760-4c74-a37a-02cff738c5b2"}},{"type":"Feature","id":229750,"geometry":{"type":"Point","coordinates":[-122.329415137169,47.6221507022926]},"properties":{"OBJECTID":229750,"BUSLIC_ID":574586,"BUSLIC_LOCATION_ID":625123,"DEA_FACILITY_OWNER":null,"DEA_FACILITY_NAME":"DIAMOND PARKING  A268","DEA_BUSINESS_CONTACT":"JONATHAN DIAMOND","DEA_BUSINESS_PHONE":"2062843100           ","DEA_FACILITY_ADDRESS":"401 EASTLAKE AVE E, SEATTLE, WA 98102","DEA_STALLS":28,"FAC_NAME":"DIAMOND PARKING  A268","HRS_MONFRI":null,"HRS_SAT":null,"HRS_SUN":null,"FAC_TYPE":null,"RTE_1HR":null,"RTE_2HR":null,"RTE_3HR":null,"RTE_ALLDAY":null,"DISABLED":null,"OP_NAME":null,"OP_PHONE":null,"OP_PHONE2":null,"OP_WEB":null,"PAYMENT_TYPE":null,"OTHER":"N","WEBNAME":null,"REGIONID":null,"OUTOFSERV":null,"VACANT":null,"STATUS":null,"DATETIME":null,"SE_ANNO_CAD_DATA":"","SIGNID":null,"GlobalID":"4ea79577-84dc-4660-bd5c-72e0d0958eb8"}},{"type":"Feature","id":229751,"geometry":{"type":"Point","coordinates":[-122.330070944734,47.6193281036644]},"properties":{"OBJECTID":229751,"BUSLIC_ID":541987,"BUSLIC_LOCATION_ID":600950,"DEA_FACILITY_OWNER":null,"DEA_FACILITY_NAME":"UNITED PARKING  4517","DEA_BUSINESS_CONTACT":"JONATHAN DIAMOND","DEA_BUSINESS_PHONE":"2062843100           ","DEA_FACILITY_ADDRESS":"110 YALE AVE N, SEATTLE, WA 98109","DEA_STALLS":19,"FAC_NAME":"UNITED PARKING  4517","HRS_MONFRI":null,"HRS_SAT":null,"HRS_SUN":null,"FAC_TYPE":null,"RTE_1HR":null,"RTE_2HR":null,"RTE_3HR":null,"RTE_ALLDAY":null,"DISABLED":null,"OP_NAME":null,"OP_PHONE":null,"OP_PHONE2":null,"OP_WEB":null,"PAYMENT_TYPE":null,"OTHER":"N","WEBNAME":null,"REGIONID":null,"OUTOFSERV":null,"VACANT":null,"STATUS":null,"DATETIME":null,"SE_ANNO_CAD_DATA":"","SIGNID":null,"GlobalID":"1c43f3bd-9797-477a-999e-1aa5b54d66da"}},{"type":"Feature","id":229752,"geometry":{"type":"Point","coordinates":[-122.330184755427,47.6191815887444]},"properties":{"OBJECTID":229752,"BUSLIC_ID":699057,"BUSLIC_LOCATION_ID":713285,"DEA_FACILITY_OWNER":null,"DEA_FACILITY_NAME":"DIAMOND PARKING A640","DEA_BUSINESS_CONTACT":"JONATHAN DIAMOND","DEA_BUSINESS_PHONE":"2062843100           ","DEA_FACILITY_ADDRESS":"108 YALE AVE N, SEATTLE, WA 98103","DEA_STALLS":18,"FAC_NAME":"DIAMOND PARKING A640","HRS_MONFRI":null,"HRS_SAT":null,"HRS_SUN":null,"FAC_TYPE":null,"RTE_1HR":null,"RTE_2HR":null,"RTE_3HR":null,"RTE_ALLDAY":null,"DISABLED":null,"OP_NAME":null,"OP_PHONE":null,"OP_PHONE2":null,"OP_WEB":null,"PAYMENT_TYPE":null,"OTHER":"N","WEBNAME":null,"REGIONID":null,"OUTOFSERV":null,"VACANT":null,"STATUS":null,"DATETIME":null,"SE_ANNO_CAD_DATA":"","SIGNID":null,"GlobalID":"3b89acac-d8f4-4ca7-84a9-d1468c0b0e29"}},{"type":"Feature","id":229753,"geometry":{"type":"Point","coordinates":[-122.330226691504,47.6181230296314]},"properties":{"OBJECTID":229753,"BUSLIC_ID":534511,"BUSLIC_LOCATION_ID":593946,"DEA_FACILITY_OWNER":null,"DEA_FACILITY_NAME":"DIAMOND  A176","DEA_BUSINESS_CONTACT":"JONATHAN DIAMOND","DEA_BUSINESS_PHONE":"2062843100           ","DEA_FACILITY_ADDRESS":"1818 YALE AVE, SEATTLE, WA 98122","DEA_STALLS":28,"FAC_NAME":"DIAMOND  A176","HRS_MONFRI":null,"HRS_SAT":null,"HRS_SUN":null,"FAC_TYPE":null,"RTE_1HR":null,"RTE_2HR":null,"RTE_3HR":null,"RTE_ALLDAY":null,"DISABLED":null,"OP_NAME":null,"OP_PHONE":null,"OP_PHONE2":null,"OP_WEB":null,"PAYMENT_TYPE":null,"OTHER":"N","WEBNAME":null,"REGIONID":null,"OUTOFSERV":null,"VACANT":null,"STATUS":null,"DATETIME":null,"SE_ANNO_CAD_DATA":"","SIGNID":null,"GlobalID":"4f53d03b-a45d-4656-8e00-fc7ec7efed6f"}},{"type":"Feature","id":229754,"geometry":{"type":"Point","coordinates":[-122.318378903781,47.6244234352759]},"properties":{"OBJECTID":229754,"BUSLIC_ID":588405,"BUSLIC_LOCATION_ID":635173,"DEA_FACILITY_OWNER":null,"DEA_FACILITY_NAME":"DIAMOND PARKING  A145","DEA_BUSINESS_CONTACT":"JONATHAN DIAMOND","DEA_BUSINESS_PHONE":"2062846303           ","DEA_FACILITY_ADDRESS":"1058 E MERCER ST, SEATTLE, WA 98102","DEA_STALLS":57,"FAC_NAME":"DIAMOND PARKING  A145","HRS_MONFRI":null,"HRS_SAT":null,"HRS_SUN":null,"FAC_TYPE":null,"RTE_1HR":null,"RTE_2HR":null,"RTE_3HR":null,"RTE_ALLDAY":null,"DISABLED":null,"OP_NAME":null,"OP_PHONE":null,"OP_PHONE2":null,"OP_WEB":null,"PAYMENT_TYPE":null,"OTHER":"N","WEBNAME":null,"REGIONID":null,"OUTOFSERV":null,"VACANT":null,"STATUS":null,"DATETIME":null,"SE_ANNO_CAD_DATA":"","SIGNID":null,"GlobalID":"2490ed6a-4d18-47d5-b192-7bf625a67b0b"}},{"type":"Feature","id":229755,"geometry":{"type":"Point","coordinates":[-122.320693256463,47.6247597550245]},"properties":{"OBJECTID":229755,"BUSLIC_ID":534752,"BUSLIC_LOCATION_ID":593899,"DEA_FACILITY_OWNER":null,"DEA_FACILITY_NAME":"DIAMOND PARKING A034","DEA_BUSINESS_CONTACT":"JONATHAN DIAMOND","DEA_BUSINESS_PHONE":"2062843100           ","DEA_FACILITY_ADDRESS":"614 BROADWAY E, SEATTLE, WA 98102","DEA_STALLS":22,"FAC_NAME":"DIAMOND PARKING A034","HRS_MONFRI":null,"HRS_SAT":null,"HRS_SUN":null,"FAC_TYPE":null,"RTE_1HR":null,"RTE_2HR":null,"RTE_3HR":null,"RTE_ALLDAY":null,"DISABLED":null,"OP_NAME":null,"OP_PHONE":null,"OP_PHONE2":null,"OP_WEB":null,"PAYMENT_TYPE":null,"OTHER":"N","WEBNAME":null,"REGIONID":null,"OUTOFSERV":null,"VACANT":null,"STATUS":null,"DATETIME":null,"SE_ANNO_CAD_DATA":"","SIGNID":null,"GlobalID":"c6853bde-59a7-4e98-85e4-d90676d80555"}},{"type":"Feature","id":229756,"geometry":{"type":"Point","coordinates":[-122.322292353432,47.6236582685278]},"properties":{"OBJECTID":229756,"BUSLIC_ID":731032,"BUSLIC_LOCATION_ID":738082,"DEA_FACILITY_OWNER":null,"DEA_FACILITY_NAME":"4514","DEA_BUSINESS_CONTACT":"JONATHAN DIAMOND","DEA_BUSINESS_PHONE":"2062843100           ","DEA_FACILITY_ADDRESS":"515 HARVARD AVE E, SEATTLE, WA 98102","DEA_STALLS":12,"FAC_NAME":"4514","HRS_MONFRI":null,"HRS_SAT":null,"HRS_SUN":null,"FAC_TYPE":null,"RTE_1HR":null,"RTE_2HR":null,"RTE_3HR":null,"RTE_ALLDAY":null,"DISABLED":null,"OP_NAME":null,"OP_PHONE":null,"OP_PHONE2":null,"OP_WEB":null,"PAYMENT_TYPE":null,"OTHER":"N","WEBNAME":null,"REGIONID":null,"OUTOFSERV":null,"VACANT":null,"STATUS":null,"DATETIME":null,"SE_ANNO_CAD_DATA":"","SIGNID":null,"GlobalID":"aa92b2ed-94a8-493e-8e9c-d4a257eace0b"}},{"type":"Feature","id":229757,"geometry":{"type":"Point","coordinates":[-122.320518673158,47.6218499714302]},"properties":{"OBJECTID":229757,"BUSLIC_ID":729852,"BUSLIC_LOCATION_ID":737196,"DEA_FACILITY_OWNER":null,"DEA_FACILITY_NAME":"DIAMOND PARKING A861","DEA_BUSINESS_CONTACT":"JONATHAN DIAMOND","DEA_BUSINESS_PHONE":"2062843100           ","DEA_FACILITY_ADDRESS":"324 BROADWAY E, SEATTLE, WA 98102","DEA_STALLS":12,"FAC_NAME":"DIAMOND PARKING A861","HRS_MONFRI":null,"HRS_SAT":null,"HRS_SUN":null,"FAC_TYPE":null,"RTE_1HR":null,"RTE_2HR":null,"RTE_3HR":null,"RTE_ALLDAY":null,"DISABLED":null,"OP_NAME":null,"OP_PHONE":null,"OP_PHONE2":null,"OP_WEB":null,"PAYMENT_TYPE":null,"OTHER":"N","WEBNAME":null,"REGIONID":null,"OUTOFSERV":null,"VACANT":null,"STATUS":null,"DATETIME":null,"SE_ANNO_CAD_DATA":"","SIGNID":null,"GlobalID":"a3a4a723-10c1-4c3c-bca4-b7cb280bb2b8"}},{"type":"Feature","id":229758,"geometry":{"type":"Point","coordinates":[-122.3131525589,47.6212915447162]},"properties":{"OBJECTID":229758,"BUSLIC_ID":614819,"BUSLIC_LOCATION_ID":653859,"DEA_FACILITY_OWNER":null,"DEA_FACILITY_NAME":"DIAMOND PARKING  A092","DEA_BUSINESS_CONTACT":"JONATHAN DIAMOND","DEA_BUSINESS_PHONE":"2062843100           ","DEA_FACILITY_ADDRESS":"321 15TH AVE E, SEATTLE, WA 98112","DEA_STALLS":37,"FAC_NAME":"DIAMOND PARKING  A092","HRS_MONFRI":null,"HRS_SAT":null,"HRS_SUN":null,"FAC_TYPE":null,"RTE_1HR":null,"RTE_2HR":null,"RTE_3HR":null,"RTE_ALLDAY":null,"DISABLED":null,"OP_NAME":null,"OP_PHONE":null,"OP_PHONE2":null,"OP_WEB":null,"PAYMENT_TYPE":null,"OTHER":"N","WEBNAME":null,"REGIONID":null,"OUTOFSERV":null,"VACANT":null,"STATUS":null,"DATETIME":null,"SE_ANNO_CAD_DATA":"","SIGNID":null,"GlobalID":"fc873237-028c-4538-ad5c-a34622f45197"}},{"type":"Feature","id":229759,"geometry":{"type":"Point","coordinates":[-122.320541375487,47.6208402344581]},"properties":{"OBJECTID":229759,"BUSLIC_ID":628772,"BUSLIC_LOCATION_ID":663733,"DEA_FACILITY_OWNER":null,"DEA_FACILITY_NAME":"DIAMOND PARKING  A383","DEA_BUSINESS_CONTACT":"JONATHAN DIAMOND","DEA_BUSINESS_PHONE":"2062843100           ","DEA_FACILITY_ADDRESS":"230 BROADWAY E, SEATTLE, WA 98102","DEA_STALLS":72,"FAC_NAME":"DIAMOND PARKING  A383","HRS_MONFRI":null,"HRS_SAT":null,"HRS_SUN":null,"FAC_TYPE":null,"RTE_1HR":null,"RTE_2HR":null,"RTE_3HR":null,"RTE_ALLDAY":null,"DISABLED":null,"OP_NAME":null,"OP_PHONE":null,"OP_PHONE2":null,"OP_WEB":null,"PAYMENT_TYPE":null,"OTHER":"N","WEBNAME":null,"REGIONID":null,"OUTOFSERV":null,"VACANT":null,"STATUS":null,"DATETIME":null,"SE_ANNO_CAD_DATA":"","SIGNID":null,"GlobalID":"cf45c576-0a0b-4676-997c-b0686b07bd76"}},{"type":"Feature","id":229760,"geometry":{"type":"Point","coordinates":[-122.319912883987,47.6208959121756]},"properties":{"OBJECTID":229760,"BUSLIC_ID":678275,"BUSLIC_LOCATION_ID":595346,"DEA_FACILITY_OWNER":null,"DEA_FACILITY_NAME":"DIAMOND PARKING  A497","DEA_BUSINESS_CONTACT":"JONATHAN DIAMOND","DEA_BUSINESS_PHONE":"2062843100           ","DEA_FACILITY_ADDRESS":"909 E THOMAS ST, SEATTLE, WA 98102","DEA_STALLS":98,"FAC_NAME":"DIAMOND PARKING  A497","HRS_MONFRI":null,"HRS_SAT":null,"HRS_SUN":null,"FAC_TYPE":null,"RTE_1HR":null,"RTE_2HR":null,"RTE_3HR":null,"RTE_ALLDAY":null,"DISABLED":null,"OP_NAME":null,"OP_PHONE":null,"OP_PHONE2":null,"OP_WEB":null,"PAYMENT_TYPE":null,"OTHER":"N","WEBNAME":null,"REGIONID":null,"OUTOFSERV":null,"VACANT":null,"STATUS":null,"DATETIME":null,"SE_ANNO_CAD_DATA":"","SIGNID":null,"GlobalID":"5773f02a-480d-41f5-a126-1378f32a5bd1"}},{"type":"Feature","id":229761,"geometry":{"type":"Point","coordinates":[-122.313158180271,47.618981381175]},"properties":{"OBJECTID":229761,"BUSLIC_ID":726632,"BUSLIC_LOCATION_ID":734661,"DEA_FACILITY_OWNER":null,"DEA_FACILITY_NAME":"REPUBLIC PARKING 30 210","DEA_BUSINESS_CONTACT":"GARY BECK","DEA_BUSINESS_PHONE":"2067834144           ","DEA_FACILITY_ADDRESS":"115 15TH AVE E, SEATTLE, WA 98112","DEA_STALLS":24,"FAC_NAME":"REPUBLIC PARKING 30 210","HRS_MONFRI":null,"HRS_SAT":null,"HRS_SUN":null,"FAC_TYPE":null,"RTE_1HR":null,"RTE_2HR":null,"RTE_3HR":null,"RTE_ALLDAY":null,"DISABLED":null,"OP_NAME":null,"OP_PHONE":null,"OP_PHONE2":null,"OP_WEB":null,"PAYMENT_TYPE":null,"OTHER":"N","WEBNAME":null,"REGIONID":null,"OUTOFSERV":null,"VACANT":null,"STATUS":null,"DATETIME":null,"SE_ANNO_CAD_DATA":"","SIGNID":null,"GlobalID":"35d27c52-c528-4871-b3d6-cdb328ed7468"}},{"type":"Feature","id":229762,"geometry":{"type":"Point","coordinates":[-122.322501017305,47.617897945759]},"properties":{"OBJECTID":229762,"BUSLIC_ID":587469,"BUSLIC_LOCATION_ID":634486,"DEA_FACILITY_OWNER":null,"DEA_FACILITY_NAME":"DIAMOND PARKING  A980  A","DEA_BUSINESS_CONTACT":"JONATHAN DIAMOND","DEA_BUSINESS_PHONE":"2062843100           ","DEA_FACILITY_ADDRESS":"1807 HARVARD AVE, SEATTLE, WA 98122","DEA_STALLS":62,"FAC_NAME":"DIAMOND PARKING  A980  A","HRS_MONFRI":null,"HRS_SAT":null,"HRS_SUN":null,"FAC_TYPE":null,"RTE_1HR":null,"RTE_2HR":null,"RTE_3HR":null,"RTE_ALLDAY":null,"DISABLED":null,"OP_NAME":null,"OP_PHONE":null,"OP_PHONE2":null,"OP_WEB":null,"PAYMENT_TYPE":null,"OTHER":"N","WEBNAME":null,"REGIONID":null,"OUTOFSERV":null,"VACANT":null,"STATUS":null,"DATETIME":null,"SE_ANNO_CAD_DATA":"","SIGNID":null,"GlobalID":"b9171b99-577b-458a-9622-1bb253f6e493"}},{"type":"Feature","id":229763,"geometry":{"type":"Point","coordinates":[-122.312530764411,47.6213314493412]},"properties":{"OBJECTID":229763,"BUSLIC_ID":679163,"BUSLIC_LOCATION_ID":576757,"DEA_FACILITY_OWNER":null,"DEA_FACILITY_NAME":"DIAMOND PARKING  A600","DEA_BUSINESS_CONTACT":"JONATHAN DIAMOND","DEA_BUSINESS_PHONE":"2062846303           ","DEA_FACILITY_ADDRESS":"324 15TH AVE E, SEATTLE, WA 98112","DEA_STALLS":300,"FAC_NAME":"DIAMOND PARKING  A600","HRS_MONFRI":null,"HRS_SAT":null,"HRS_SUN":null,"FAC_TYPE":null,"RTE_1HR":null,"RTE_2HR":null,"RTE_3HR":null,"RTE_ALLDAY":null,"DISABLED":null,"OP_NAME":null,"OP_PHONE":null,"OP_PHONE2":null,"OP_WEB":null,"PAYMENT_TYPE":null,"OTHER":"N","WEBNAME":null,"REGIONID":null,"OUTOFSERV":null,"VACANT":null,"STATUS":null,"DATETIME":null,"SE_ANNO_CAD_DATA":"","SIGNID":null,"GlobalID":"6fe02f1e-0d6e-4471-bba5-2369fc4a089c"}},{"type":"Feature","id":229764,"geometry":{"type":"Point","coordinates":[-122.302915746519,47.618029262055]},"properties":{"OBJECTID":229764,"BUSLIC_ID":725018,"BUSLIC_LOCATION_ID":733376,"DEA_FACILITY_OWNER":null,"DEA_FACILITY_NAME":"IMPARK 149","DEA_BUSINESS_CONTACT":"EDWARD DANYLUK","DEA_BUSINESS_PHONE":"2063811789           ","DEA_FACILITY_ADDRESS":"1819 23RD AVE, SEATTLE, WA 98122","DEA_STALLS":8,"FAC_NAME":"IMPARK 149","HRS_MONFRI":null,"HRS_SAT":null,"HRS_SUN":null,"FAC_TYPE":null,"RTE_1HR":null,"RTE_2HR":null,"RTE_3HR":null,"RTE_ALLDAY":null,"DISABLED":null,"OP_NAME":null,"OP_PHONE":null,"OP_PHONE2":null,"OP_WEB":null,"PAYMENT_TYPE":null,"OTHER":"N","WEBNAME":null,"REGIONID":null,"OUTOFSERV":null,"VACANT":null,"STATUS":null,"DATETIME":null,"SE_ANNO_CAD_DATA":"","SIGNID":null,"GlobalID":"89e22cd0-1a07-41e9-aaa3-70d384c93ef1"}},{"type":"Feature","id":229765,"geometry":{"type":"Point","coordinates":[-122.295561316555,47.6236425322184]},"properties":{"OBJECTID":229765,"BUSLIC_ID":603353,"BUSLIC_LOCATION_ID":645751,"DEA_FACILITY_OWNER":null,"DEA_FACILITY_NAME":"DIAMOND PARKING  A324","DEA_BUSINESS_CONTACT":"JONATHAN DIAMOND","DEA_BUSINESS_PHONE":"2062846303           ","DEA_FACILITY_ADDRESS":"2811 E MADISON ST, SEATTLE, WA 98112","DEA_STALLS":10,"FAC_NAME":"DIAMOND PARKING  A324","HRS_MONFRI":null,"HRS_SAT":null,"HRS_SUN":null,"FAC_TYPE":null,"RTE_1HR":null,"RTE_2HR":null,"RTE_3HR":null,"RTE_ALLDAY":null,"DISABLED":null,"OP_NAME":null,"OP_PHONE":null,"OP_PHONE2":null,"OP_WEB":null,"PAYMENT_TYPE":null,"OTHER":"N","WEBNAME":null,"REGIONID":null,"OUTOFSERV":null,"VACANT":null,"STATUS":null,"DATETIME":null,"SE_ANNO_CAD_DATA":"","SIGNID":null,"GlobalID":"bf0e78b0-246a-4076-8d6b-d6448f92de45"}},{"type":"Feature","id":229766,"geometry":{"type":"Point","coordinates":[-122.355662101741,47.614722940002]},"properties":{"OBJECTID":229766,"BUSLIC_ID":519470,"BUSLIC_LOCATION_ID":583927,"DEA_FACILITY_OWNER":null,"DEA_FACILITY_NAME":"UNITED PARKING  4570","DEA_BUSINESS_CONTACT":"JONATHAN DIAMOND","DEA_BUSINESS_PHONE":"2062846303           ","DEA_FACILITY_ADDRESS":"2801 ALASKAN WAY, SEATTLE, WA 98121","DEA_STALLS":112,"FAC_NAME":"UNITED PARKING  4570","HRS_MONFRI":null,"HRS_SAT":null,"HRS_SUN":null,"FAC_TYPE":null,"RTE_1HR":null,"RTE_2HR":null,"RTE_3HR":null,"RTE_ALLDAY":null,"DISABLED":null,"OP_NAME":null,"OP_PHONE":null,"OP_PHONE2":null,"OP_WEB":null,"PAYMENT_TYPE":null,"OTHER":"N","WEBNAME":null,"REGIONID":null,"OUTOFSERV":null,"VACANT":null,"STATUS":null,"DATETIME":null,"SE_ANNO_CAD_DATA":"","SIGNID":null,"GlobalID":"7af8614e-810d-48f8-aaac-ca16f861b4be"}},{"type":"Feature","id":229767,"geometry":{"type":"Point","coordinates":[-122.355662101741,47.614722940002]},"properties":{"OBJECTID":229767,"BUSLIC_ID":710714,"BUSLIC_LOCATION_ID":721829,"DEA_FACILITY_OWNER":null,"DEA_FACILITY_NAME":"TRIAD PIER 70 LLC","DEA_BUSINESS_CONTACT":"JOHN GOODMAN","DEA_BUSINESS_PHONE":"2064480259           ","DEA_FACILITY_ADDRESS":"2801 ALASKAN WAY # 310, SEATTLE, WA 98121-1135","DEA_STALLS":0,"FAC_NAME":"TRIAD PIER 70 LLC","HRS_MONFRI":null,"HRS_SAT":null,"HRS_SUN":null,"FAC_TYPE":null,"RTE_1HR":null,"RTE_2HR":null,"RTE_3HR":null,"RTE_ALLDAY":null,"DISABLED":null,"OP_NAME":null,"OP_PHONE":null,"OP_PHONE2":null,"OP_WEB":null,"PAYMENT_TYPE":null,"OTHER":"N","WEBNAME":null,"REGIONID":null,"OUTOFSERV":null,"VACANT":null,"STATUS":null,"DATETIME":null,"SE_ANNO_CAD_DATA":"","SIGNID":null,"GlobalID":"2c87e114-9fed-45ca-9936-be6fcbbcc16b"}},{"type":"Feature","id":229768,"geometry":{"type":"Point","coordinates":[-122.353851568518,47.6163448636699]},"properties":{"OBJECTID":229768,"BUSLIC_ID":553015,"BUSLIC_LOCATION_ID":608878,"DEA_FACILITY_OWNER":null,"DEA_FACILITY_NAME":"REPUBLIC PARKING 137 OLYMPIC SCULPTURE PARK","DEA_BUSINESS_CONTACT":"GARY BECK","DEA_BUSINESS_PHONE":"2067834144           ","DEA_FACILITY_ADDRESS":"2901 WESTERN AVE, SEATTLE, WA 98121","DEA_STALLS":51,"FAC_NAME":"REPUBLIC PARKING 137 OLYMPIC SCULPTURE PARK","HRS_MONFRI":null,"HRS_SAT":null,"HRS_SUN":null,"FAC_TYPE":null,"RTE_1HR":null,"RTE_2HR":null,"RTE_3HR":null,"RTE_ALLDAY":null,"DISABLED":null,"OP_NAME":null,"OP_PHONE":null,"OP_PHONE2":null,"OP_WEB":null,"PAYMENT_TYPE":null,"OTHER":"N","WEBNAME":null,"REGIONID":null,"OUTOFSERV":null,"VACANT":null,"STATUS":null,"DATETIME":null,"SE_ANNO_CAD_DATA":"","SIGNID":null,"GlobalID":"a713bf68-3618-4bf7-a8da-b0c4f7210352"}},{"type":"Feature","id":229769,"geometry":{"type":"Point","coordinates":[-122.351257698207,47.615804311579]},"properties":{"OBJECTID":229769,"BUSLIC_ID":634858,"BUSLIC_LOCATION_ID":667845,"DEA_FACILITY_OWNER":null,"DEA_FACILITY_NAME":"DIAMOND PARKING  A422","DEA_BUSINESS_CONTACT":"JONATHAN DIAMOND","DEA_BUSINESS_PHONE":"2062843100           ","DEA_FACILITY_ADDRESS":"2701 1ST AVE, SEATTLE, WA 98121","DEA_STALLS":11,"FAC_NAME":"DIAMOND PARKING  A422","HRS_MONFRI":null,"HRS_SAT":null,"HRS_SUN":null,"FAC_TYPE":null,"RTE_1HR":null,"RTE_2HR":null,"RTE_3HR":null,"RTE_ALLDAY":null,"DISABLED":null,"OP_NAME":null,"OP_PHONE":null,"OP_PHONE2":null,"OP_WEB":null,"PAYMENT_TYPE":null,"OTHER":"N","WEBNAME":null,"REGIONID":null,"OUTOFSERV":null,"VACANT":null,"STATUS":null,"DATETIME":null,"SE_ANNO_CAD_DATA":"","SIGNID":null,"GlobalID":"1475d0e5-434c-4acb-9873-c980fa4e3bad"}},{"type":"Feature","id":229770,"geometry":{"type":"Point","coordinates":[-122.345145786546,47.6153369636545]},"properties":{"OBJECTID":229770,"BUSLIC_ID":724928,"BUSLIC_LOCATION_ID":733309,"DEA_FACILITY_OWNER":null,"DEA_FACILITY_NAME":"IMPARK 137","DEA_BUSINESS_CONTACT":"EDWARD DANYLUK","DEA_BUSINESS_PHONE":"2063811789           ","DEA_FACILITY_ADDRESS":"2312 3RD AVE, SEATTLE, WA 98121-1700","DEA_STALLS":120,"FAC_NAME":"IMPARK 137","HRS_MONFRI":null,"HRS_SAT":null,"HRS_SUN":null,"FAC_TYPE":null,"RTE_1HR":null,"RTE_2HR":null,"RTE_3HR":null,"RTE_ALLDAY":null,"DISABLED":null,"OP_NAME":null,"OP_PHONE":null,"OP_PHONE2":null,"OP_WEB":null,"PAYMENT_TYPE":null,"OTHER":"N","WEBNAME":null,"REGIONID":null,"OUTOFSERV":null,"VACANT":null,"STATUS":null,"DATETIME":null,"SE_ANNO_CAD_DATA":"","SIGNID":null,"GlobalID":"15910840-45d6-49a8-9299-baf825643e75"}},{"type":"Feature","id":229771,"geometry":{"type":"Point","coordinates":[-122.346237389787,47.6151275454421]},"properties":{"OBJECTID":229771,"BUSLIC_ID":630441,"BUSLIC_LOCATION_ID":664859,"DEA_FACILITY_OWNER":null,"DEA_FACILITY_NAME":"DIAMOND PARKING  A411","DEA_BUSINESS_CONTACT":"JONATHAN DIAMOND","DEA_BUSINESS_PHONE":"2062843100           ","DEA_FACILITY_ADDRESS":"2333 3RD AVE, SEATTLE, WA 98121","DEA_STALLS":21,"FAC_NAME":"DIAMOND PARKING  A411","HRS_MONFRI":null,"HRS_SAT":null,"HRS_SUN":null,"FAC_TYPE":null,"RTE_1HR":null,"RTE_2HR":null,"RTE_3HR":null,"RTE_ALLDAY":null,"DISABLED":null,"OP_NAME":null,"OP_PHONE":null,"OP_PHONE2":null,"OP_WEB":null,"PAYMENT_TYPE":null,"OTHER":"N","WEBNAME":null,"REGIONID":null,"OUTOFSERV":null,"VACANT":null,"STATUS":null,"DATETIME":null,"SE_ANNO_CAD_DATA":"","SIGNID":null,"GlobalID":"73d1910c-7210-4f01-9052-58996c3eacff"}},{"type":"Feature","id":229772,"geometry":{"type":"Point","coordinates":[-122.346301267113,47.6140760639062]},"properties":{"OBJECTID":229772,"BUSLIC_ID":479052,"BUSLIC_LOCATION_ID":555353,"DEA_FACILITY_OWNER":null,"DEA_FACILITY_NAME":"REPUBLIC PARKING  27","DEA_BUSINESS_CONTACT":"GARY BECK","DEA_BUSINESS_PHONE":"2067834144           ","DEA_FACILITY_ADDRESS":"2311 2ND AVE, SEATTLE, WA 98121","DEA_STALLS":20,"FAC_NAME":"REPUBLIC PARKING  27","HRS_MONFRI":null,"HRS_SAT":null,"HRS_SUN":null,"FAC_TYPE":null,"RTE_1HR":null,"RTE_2HR":null,"RTE_3HR":null,"RTE_ALLDAY":null,"DISABLED":null,"OP_NAME":null,"OP_PHONE":null,"OP_PHONE2":null,"OP_WEB":null,"PAYMENT_TYPE":null,"OTHER":"N","WEBNAME":null,"REGIONID":null,"OUTOFSERV":null,"VACANT":null,"STATUS":null,"DATETIME":null,"SE_ANNO_CAD_DATA":"","SIGNID":null,"GlobalID":"effe5f9d-f9e0-45a4-b284-4075b423a94e"}},{"type":"Feature","id":229773,"geometry":{"type":"Point","coordinates":[-122.350481771549,47.6136050819609]},"properties":{"OBJECTID":229773,"BUSLIC_ID":587817,"BUSLIC_LOCATION_ID":634724,"DEA_FACILITY_OWNER":null,"DEA_FACILITY_NAME":"IMPARK   4984","DEA_BUSINESS_CONTACT":"EDWARD DANYLUK","DEA_BUSINESS_PHONE":"2063811789           ","DEA_FACILITY_ADDRESS":"2500 ELLIOTT AVE, SEATTLE, WA 98121","DEA_STALLS":23,"FAC_NAME":"IMPARK   4984","HRS_MONFRI":null,"HRS_SAT":null,"HRS_SUN":null,"FAC_TYPE":null,"RTE_1HR":null,"RTE_2HR":null,"RTE_3HR":null,"RTE_ALLDAY":null,"DISABLED":null,"OP_NAME":null,"OP_PHONE":null,"OP_PHONE2":null,"OP_WEB":null,"PAYMENT_TYPE":null,"OTHER":"N","WEBNAME":null,"REGIONID":null,"OUTOFSERV":null,"VACANT":null,"STATUS":null,"DATETIME":null,"SE_ANNO_CAD_DATA":"","SIGNID":null,"GlobalID":"12581bd7-aa02-4661-ab9c-562acb99be3f"}},{"type":"Feature","id":229774,"geometry":{"type":"Point","coordinates":[-122.347695313696,47.6121764509374]},"properties":{"OBJECTID":229774,"BUSLIC_ID":585887,"BUSLIC_LOCATION_ID":633195,"DEA_FACILITY_OWNER":null,"DEA_FACILITY_NAME":"DIAMOND PARKING  A977","DEA_BUSINESS_CONTACT":"JONATHAN DIAMOND","DEA_BUSINESS_PHONE":"2062843100           ","DEA_FACILITY_ADDRESS":"55 BELL ST, SEATTLE, WA 98121","DEA_STALLS":23,"FAC_NAME":"DIAMOND PARKING  A977","HRS_MONFRI":null,"HRS_SAT":null,"HRS_SUN":null,"FAC_TYPE":null,"RTE_1HR":null,"RTE_2HR":null,"RTE_3HR":null,"RTE_ALLDAY":null,"DISABLED":null,"OP_NAME":null,"OP_PHONE":null,"OP_PHONE2":null,"OP_WEB":null,"PAYMENT_TYPE":null,"OTHER":"N","WEBNAME":null,"REGIONID":null,"OUTOFSERV":null,"VACANT":null,"STATUS":null,"DATETIME":null,"SE_ANNO_CAD_DATA":"","SIGNID":null,"GlobalID":"3819b368-ed4d-4c7e-aede-5ae5f615a2ff"}},{"type":"Feature","id":229775,"geometry":{"type":"Point","coordinates":[-122.349472341949,47.6113733658093]},"properties":{"OBJECTID":229775,"BUSLIC_ID":547841,"BUSLIC_LOCATION_ID":605509,"DEA_FACILITY_OWNER":null,"DEA_FACILITY_NAME":"REPUBLIC PARKING 29 PIER 66","DEA_BUSINESS_CONTACT":"GARY BECK","DEA_BUSINESS_PHONE":"2067834144           ","DEA_FACILITY_ADDRESS":"2225 ALASKAN WAY, SEATTLE, WA 98121","DEA_STALLS":29,"FAC_NAME":"REPUBLIC PARKING 29 PIER 66","HRS_MONFRI":null,"HRS_SAT":null,"HRS_SUN":null,"FAC_TYPE":null,"RTE_1HR":null,"RTE_2HR":null,"RTE_3HR":null,"RTE_ALLDAY":null,"DISABLED":null,"OP_NAME":null,"OP_PHONE":null,"OP_PHONE2":null,"OP_WEB":null,"PAYMENT_TYPE":null,"OTHER":"N","WEBNAME":null,"REGIONID":null,"OUTOFSERV":null,"VACANT":null,"STATUS":null,"DATETIME":null,"SE_ANNO_CAD_DATA":"","SIGNID":null,"GlobalID":"a88af4c2-f073-4b0c-acb8-74065ae5bc1a"}},{"type":"Feature","id":229776,"geometry":{"type":"Point","coordinates":[-122.353350818555,47.6156574920884]},"properties":{"OBJECTID":229776,"BUSLIC_ID":621994,"BUSLIC_LOCATION_ID":658824,"DEA_FACILITY_OWNER":null,"DEA_FACILITY_NAME":"UNITED PARKING  4592","DEA_BUSINESS_CONTACT":"JONATHAN DIAMOND","DEA_BUSINESS_PHONE":"2062843100           ","DEA_FACILITY_ADDRESS":"2801 WESTERN AVE, SEATTLE, WA 98121","DEA_STALLS":327,"FAC_NAME":"UNITED PARKING  4592","HRS_MONFRI":null,"HRS_SAT":null,"HRS_SUN":null,"FAC_TYPE":null,"RTE_1HR":null,"RTE_2HR":null,"RTE_3HR":null,"RTE_ALLDAY":null,"DISABLED":null,"OP_NAME":null,"OP_PHONE":null,"OP_PHONE2":null,"OP_WEB":null,"PAYMENT_TYPE":null,"OTHER":"N","WEBNAME":null,"REGIONID":null,"OUTOFSERV":null,"VACANT":null,"STATUS":null,"DATETIME":null,"SE_ANNO_CAD_DATA":"","SIGNID":null,"GlobalID":"e3269662-7a8f-4351-9dd9-dc9b7480f439"}},{"type":"Feature","id":229777,"geometry":{"type":"Point","coordinates":[-122.349886935837,47.6157360206253]},"properties":{"OBJECTID":229777,"BUSLIC_ID":83098,"BUSLIC_LOCATION_ID":76123,"DEA_FACILITY_OWNER":null,"DEA_FACILITY_NAME":"REPUBLIC PARKING  515B","DEA_BUSINESS_CONTACT":"GARY BECK","DEA_BUSINESS_PHONE":"2067834144           ","DEA_FACILITY_ADDRESS":"2610 1ST AVE, SEATTLE, WA 98121","DEA_STALLS":56,"FAC_NAME":"REPUBLIC PARKING  515B","HRS_MONFRI":null,"HRS_SAT":null,"HRS_SUN":null,"FAC_TYPE":null,"RTE_1HR":null,"RTE_2HR":null,"RTE_3HR":null,"RTE_ALLDAY":null,"DISABLED":null,"OP_NAME":null,"OP_PHONE":null,"OP_PHONE2":null,"OP_WEB":null,"PAYMENT_TYPE":null,"OTHER":"N","WEBNAME":null,"REGIONID":null,"OUTOFSERV":null,"VACANT":null,"STATUS":null,"DATETIME":null,"SE_ANNO_CAD_DATA":"","SIGNID":null,"GlobalID":"30c2c751-22e1-4ff3-a3e8-7b449d8ee571"}},{"type":"Feature","id":229778,"geometry":{"type":"Point","coordinates":[-122.345311064794,47.6158165340571]},"properties":{"OBJECTID":229778,"BUSLIC_ID":418159,"BUSLIC_LOCATION_ID":4601,"DEA_FACILITY_OWNER":null,"DEA_FACILITY_NAME":"U PARK 97","DEA_BUSINESS_CONTACT":"KEN JR PHILLIPS","DEA_BUSINESS_PHONE":"2066245353           ","DEA_FACILITY_ADDRESS":"2335 4TH AVE, SEATTLE, WA 98121","DEA_STALLS":30,"FAC_NAME":"U PARK 97","HRS_MONFRI":null,"HRS_SAT":null,"HRS_SUN":null,"FAC_TYPE":null,"RTE_1HR":null,"RTE_2HR":null,"RTE_3HR":null,"RTE_ALLDAY":null,"DISABLED":null,"OP_NAME":null,"OP_PHONE":null,"OP_PHONE2":null,"OP_WEB":null,"PAYMENT_TYPE":null,"OTHER":"N","WEBNAME":null,"REGIONID":null,"OUTOFSERV":null,"VACANT":null,"STATUS":null,"DATETIME":null,"SE_ANNO_CAD_DATA":"","SIGNID":null,"GlobalID":"b26ec9ca-4249-4edf-8fde-387a3e1bdc24"}},{"type":"Feature","id":229779,"geometry":{"type":"Point","coordinates":[-122.347036806014,47.6157032579642]},"properties":{"OBJECTID":229779,"BUSLIC_ID":588430,"BUSLIC_LOCATION_ID":635168,"DEA_FACILITY_OWNER":null,"DEA_FACILITY_NAME":"DIAMOND PARKING  A801","DEA_BUSINESS_CONTACT":"JONATHAN DIAMOND","DEA_BUSINESS_PHONE":"2062846303           ","DEA_FACILITY_ADDRESS":"2413 3RD AVE, SEATTLE, WA 98121","DEA_STALLS":56,"FAC_NAME":"DIAMOND PARKING  A801","HRS_MONFRI":null,"HRS_SAT":null,"HRS_SUN":null,"FAC_TYPE":null,"RTE_1HR":null,"RTE_2HR":null,"RTE_3HR":null,"RTE_ALLDAY":null,"DISABLED":null,"OP_NAME":null,"OP_PHONE":null,"OP_PHONE2":null,"OP_WEB":null,"PAYMENT_TYPE":null,"OTHER":"N","WEBNAME":null,"REGIONID":null,"OUTOFSERV":null,"VACANT":null,"STATUS":null,"DATETIME":null,"SE_ANNO_CAD_DATA":"","SIGNID":null,"GlobalID":"fad4ae55-c973-46d3-8cc0-deef4e26f8d3"}},{"type":"Feature","id":229780,"geometry":{"type":"Point","coordinates":[-122.346702813697,47.6138430867818]},"properties":{"OBJECTID":229780,"BUSLIC_ID":83108,"BUSLIC_LOCATION_ID":76128,"DEA_FACILITY_OWNER":null,"DEA_FACILITY_NAME":"REPUBLIC PARKING  515A","DEA_BUSINESS_CONTACT":"GARY BECK","DEA_BUSINESS_PHONE":"2067834144           ","DEA_FACILITY_ADDRESS":"2312 1ST AVE, SEATTLE, WA 98121","DEA_STALLS":56,"FAC_NAME":"REPUBLIC PARKING  515A","HRS_MONFRI":null,"HRS_SAT":null,"HRS_SUN":null,"FAC_TYPE":null,"RTE_1HR":null,"RTE_2HR":null,"RTE_3HR":null,"RTE_ALLDAY":null,"DISABLED":null,"OP_NAME":null,"OP_PHONE":null,"OP_PHONE2":null,"OP_WEB":null,"PAYMENT_TYPE":null,"OTHER":"N","WEBNAME":null,"REGIONID":null,"OUTOFSERV":null,"VACANT":null,"STATUS":null,"DATETIME":null,"SE_ANNO_CAD_DATA":"","SIGNID":null,"GlobalID":"905b85c9-b53d-46e0-abd3-9f607f42c78e"}},{"type":"Feature","id":229781,"geometry":{"type":"Point","coordinates":[-122.348252822397,47.6135201491187]},"properties":{"OBJECTID":229781,"BUSLIC_ID":591553,"BUSLIC_LOCATION_ID":4596,"DEA_FACILITY_OWNER":null,"DEA_FACILITY_NAME":"U PARK 92","DEA_BUSINESS_CONTACT":"KEN JR PHILLIPS","DEA_BUSINESS_PHONE":"2066245353           ","DEA_FACILITY_ADDRESS":"2330 WESTERN AVE, SEATTLE, WA 98121","DEA_STALLS":17,"FAC_NAME":"U PARK 92","HRS_MONFRI":null,"HRS_SAT":null,"HRS_SUN":null,"FAC_TYPE":null,"RTE_1HR":null,"RTE_2HR":null,"RTE_3HR":null,"RTE_ALLDAY":null,"DISABLED":null,"OP_NAME":null,"OP_PHONE":null,"OP_PHONE2":null,"OP_WEB":null,"PAYMENT_TYPE":null,"OTHER":"N","WEBNAME":null,"REGIONID":null,"OUTOFSERV":null,"VACANT":null,"STATUS":null,"DATETIME":null,"SE_ANNO_CAD_DATA":"","SIGNID":null,"GlobalID":"702b2fbb-5e9a-47a1-b98d-350e87608ccc"}},{"type":"Feature","id":229782,"geometry":{"type":"Point","coordinates":[-122.345342757653,47.6130226247586]},"properties":{"OBJECTID":229782,"BUSLIC_ID":575056,"BUSLIC_LOCATION_ID":4586,"DEA_FACILITY_OWNER":null,"DEA_FACILITY_NAME":"U PARK 82","DEA_BUSINESS_CONTACT":"KEN JR PHILLIPS","DEA_BUSINESS_PHONE":"2062849797           ","DEA_FACILITY_ADDRESS":"2210 1ST AVE AV, SEATTLE, WA 98121","DEA_STALLS":29,"FAC_NAME":"U PARK 82","HRS_MONFRI":null,"HRS_SAT":null,"HRS_SUN":null,"FAC_TYPE":null,"RTE_1HR":null,"RTE_2HR":null,"RTE_3HR":null,"RTE_ALLDAY":null,"DISABLED":null,"OP_NAME":null,"OP_PHONE":null,"OP_PHONE2":null,"OP_WEB":null,"PAYMENT_TYPE":null,"OTHER":"N","WEBNAME":null,"REGIONID":null,"OUTOFSERV":null,"VACANT":null,"STATUS":null,"DATETIME":null,"SE_ANNO_CAD_DATA":"","SIGNID":null,"GlobalID":"e1079dd7-50e2-4d62-aa28-6d900869aa4c"}},{"type":"Feature","id":229783,"geometry":{"type":"Point","coordinates":[-122.345431566254,47.6119172771466]},"properties":{"OBJECTID":229783,"BUSLIC_ID":733597,"BUSLIC_LOCATION_ID":740036,"DEA_FACILITY_OWNER":null,"DEA_FACILITY_NAME":"DIAMOND PARKING A698","DEA_BUSINESS_CONTACT":"JONATHAN DIAMOND","DEA_BUSINESS_PHONE":"2062843100           ","DEA_FACILITY_ADDRESS":"2134 WESTERN AVE, SEATTLE, WA 98121","DEA_STALLS":48,"FAC_NAME":"DIAMOND PARKING A698","HRS_MONFRI":null,"HRS_SAT":null,"HRS_SUN":null,"FAC_TYPE":null,"RTE_1HR":null,"RTE_2HR":null,"RTE_3HR":null,"RTE_ALLDAY":null,"DISABLED":null,"OP_NAME":null,"OP_PHONE":null,"OP_PHONE2":null,"OP_WEB":null,"PAYMENT_TYPE":null,"OTHER":"N","WEBNAME":null,"REGIONID":null,"OUTOFSERV":null,"VACANT":null,"STATUS":null,"DATETIME":null,"SE_ANNO_CAD_DATA":"","SIGNID":null,"GlobalID":"1112d684-105c-49ba-8c62-196c18c5cf69"}},{"type":"Feature","id":229784,"geometry":{"type":"Point","coordinates":[-122.347479441561,47.6111639523577]},"properties":{"OBJECTID":229784,"BUSLIC_ID":509678,"BUSLIC_LOCATION_ID":576659,"DEA_FACILITY_OWNER":null,"DEA_FACILITY_NAME":"REPUBLIC  221","DEA_BUSINESS_CONTACT":"GARY BECK","DEA_BUSINESS_PHONE":"2067834144           ","DEA_FACILITY_ADDRESS":"2200 ALASKAN WAY, SEATTLE, WA 98121","DEA_STALLS":37,"FAC_NAME":"REPUBLIC  221","HRS_MONFRI":null,"HRS_SAT":null,"HRS_SUN":null,"FAC_TYPE":null,"RTE_1HR":null,"RTE_2HR":null,"RTE_3HR":null,"RTE_ALLDAY":null,"DISABLED":null,"OP_NAME":null,"OP_PHONE":null,"OP_PHONE2":null,"OP_WEB":null,"PAYMENT_TYPE":null,"OTHER":"N","WEBNAME":null,"REGIONID":null,"OUTOFSERV":null,"VACANT":null,"STATUS":null,"DATETIME":null,"SE_ANNO_CAD_DATA":"","SIGNID":null,"GlobalID":"7857c77e-fce1-40a5-bbe2-8b396f6bae90"}},{"type":"Feature","id":229785,"geometry":{"type":"Point","coordinates":[-122.341809738641,47.6173154883664]},"properties":{"OBJECTID":229785,"BUSLIC_ID":465614,"BUSLIC_LOCATION_ID":545710,"DEA_FACILITY_OWNER":null,"DEA_FACILITY_NAME":"IMPARK  8","DEA_BUSINESS_CONTACT":"EDWARD DANYLUK","DEA_BUSINESS_PHONE":"2063811789           ","DEA_FACILITY_ADDRESS":"2301 7TH AVE, SEATTLE, WA 98101","DEA_STALLS":97,"FAC_NAME":"IMPARK  8","HRS_MONFRI":null,"HRS_SAT":null,"HRS_SUN":null,"FAC_TYPE":null,"RTE_1HR":null,"RTE_2HR":null,"RTE_3HR":null,"RTE_ALLDAY":null,"DISABLED":null,"OP_NAME":null,"OP_PHONE":null,"OP_PHONE2":null,"OP_WEB":null,"PAYMENT_TYPE":null,"OTHER":"N","WEBNAME":null,"REGIONID":null,"OUTOFSERV":null,"VACANT":null,"STATUS":null,"DATETIME":null,"SE_ANNO_CAD_DATA":"","SIGNID":null,"GlobalID":"5720c69c-294c-402e-9419-3082bdb1423a"}},{"type":"Feature","id":229786,"geometry":{"type":"Point","coordinates":[-122.33654449888,47.6171770336038]},"properties":{"OBJECTID":229786,"BUSLIC_ID":535841,"BUSLIC_LOCATION_ID":596043,"DEA_FACILITY_OWNER":null,"DEA_FACILITY_NAME":"901 LENORA LOT 41119","DEA_BUSINESS_CONTACT":"BILL BEATTIE","DEA_BUSINESS_PHONE":"2063818552           ","DEA_FACILITY_ADDRESS":"2030 9TH AVE, SEATTLE, WA 98121-2743","DEA_STALLS":43,"FAC_NAME":"901 LENORA LOT 41119","HRS_MONFRI":null,"HRS_SAT":null,"HRS_SUN":null,"FAC_TYPE":null,"RTE_1HR":null,"RTE_2HR":null,"RTE_3HR":null,"RTE_ALLDAY":null,"DISABLED":null,"OP_NAME":null,"OP_PHONE":null,"OP_PHONE2":null,"OP_WEB":null,"PAYMENT_TYPE":null,"OTHER":"N","WEBNAME":null,"REGIONID":null,"OUTOFSERV":null,"VACANT":null,"STATUS":null,"DATETIME":null,"SE_ANNO_CAD_DATA":"","SIGNID":null,"GlobalID":"821c521d-12db-4a5b-bc2e-9ace22b3c8e1"}},{"type":"Feature","id":229787,"geometry":{"type":"Point","coordinates":[-122.356359929236,47.6214389417447]},"properties":{"OBJECTID":229787,"BUSLIC_ID":534515,"BUSLIC_LOCATION_ID":593947,"DEA_FACILITY_OWNER":null,"DEA_FACILITY_NAME":"DIAMOND   A184","DEA_BUSINESS_CONTACT":"JONATHAN DIAMOND","DEA_BUSINESS_PHONE":"2062843100           ","DEA_FACILITY_ADDRESS":"314 QUEEN ANNE AVE N, SEATTLE, WA 98109","DEA_STALLS":28,"FAC_NAME":"DIAMOND   A184","HRS_MONFRI":null,"HRS_SAT":null,"HRS_SUN":null,"FAC_TYPE":null,"RTE_1HR":null,"RTE_2HR":null,"RTE_3HR":null,"RTE_ALLDAY":null,"DISABLED":null,"OP_NAME":null,"OP_PHONE":null,"OP_PHONE2":null,"OP_WEB":null,"PAYMENT_TYPE":null,"OTHER":"N","WEBNAME":null,"REGIONID":null,"OUTOFSERV":null,"VACANT":null,"STATUS":null,"DATETIME":null,"SE_ANNO_CAD_DATA":"","SIGNID":null,"GlobalID":"cfac5677-9b31-4e3c-acec-21abf239b1ab"}},{"type":"Feature","id":229788,"geometry":{"type":"Point","coordinates":[-122.355892599132,47.6207632818922]},"properties":{"OBJECTID":229788,"BUSLIC_ID":83120,"BUSLIC_LOCATION_ID":76134,"DEA_FACILITY_OWNER":null,"DEA_FACILITY_NAME":"REPUBLIC PARKING  515D","DEA_BUSINESS_CONTACT":"GARY BECK","DEA_BUSINESS_PHONE":"2067834144           ","DEA_FACILITY_ADDRESS":"233 1ST AVE N, SEATTLE, WA 98109","DEA_STALLS":30,"FAC_NAME":"REPUBLIC PARKING  515D","HRS_MONFRI":null,"HRS_SAT":null,"HRS_SUN":null,"FAC_TYPE":null,"RTE_1HR":null,"RTE_2HR":null,"RTE_3HR":null,"RTE_ALLDAY":null,"DISABLED":null,"OP_NAME":null,"OP_PHONE":null,"OP_PHONE2":null,"OP_WEB":null,"PAYMENT_TYPE":null,"OTHER":"N","WEBNAME":null,"REGIONID":null,"OUTOFSERV":null,"VACANT":null,"STATUS":null,"DATETIME":null,"SE_ANNO_CAD_DATA":"","SIGNID":null,"GlobalID":"f291df1a-8293-4607-819a-dd9f29c1417c"}},{"type":"Feature","id":229789,"geometry":{"type":"Point","coordinates":[-122.355884136207,47.6192736228152]},"properties":{"OBJECTID":229789,"BUSLIC_ID":83112,"BUSLIC_LOCATION_ID":76130,"DEA_FACILITY_OWNER":null,"DEA_FACILITY_NAME":"REPUBLIC PARKING  515C","DEA_BUSINESS_CONTACT":"GARY BECK","DEA_BUSINESS_PHONE":"2067834144           ","DEA_FACILITY_ADDRESS":"121 1ST AVE N, SEATTLE, WA 98109","DEA_STALLS":30,"FAC_NAME":"REPUBLIC PARKING  515C","HRS_MONFRI":null,"HRS_SAT":null,"HRS_SUN":null,"FAC_TYPE":null,"RTE_1HR":null,"RTE_2HR":null,"RTE_3HR":null,"RTE_ALLDAY":null,"DISABLED":null,"OP_NAME":null,"OP_PHONE":null,"OP_PHONE2":null,"OP_WEB":null,"PAYMENT_TYPE":null,"OTHER":"N","WEBNAME":null,"REGIONID":null,"OUTOFSERV":null,"VACANT":null,"STATUS":null,"DATETIME":null,"SE_ANNO_CAD_DATA":"","SIGNID":null,"GlobalID":"a262816b-ed9d-47ee-a8e4-9b0055c30c33"}},{"type":"Feature","id":229790,"geometry":{"type":"Point","coordinates":[-122.357670568239,47.6190978403352]},"properties":{"OBJECTID":229790,"BUSLIC_ID":5397,"BUSLIC_LOCATION_ID":4541,"DEA_FACILITY_OWNER":null,"DEA_FACILITY_NAME":"U PARK 36","DEA_BUSINESS_CONTACT":"KEN JR PHILLIPS","DEA_BUSINESS_PHONE":"2066245353           ","DEA_FACILITY_ADDRESS":"110 1ST AVE W, SEATTLE, WA 98119","DEA_STALLS":36,"FAC_NAME":"U PARK 36","HRS_MONFRI":null,"HRS_SAT":null,"HRS_SUN":null,"FAC_TYPE":null,"RTE_1HR":null,"RTE_2HR":null,"RTE_3HR":null,"RTE_ALLDAY":null,"DISABLED":null,"OP_NAME":null,"OP_PHONE":null,"OP_PHONE2":null,"OP_WEB":null,"PAYMENT_TYPE":null,"OTHER":"N","WEBNAME":null,"REGIONID":null,"OUTOFSERV":null,"VACANT":null,"STATUS":null,"DATETIME":null,"SE_ANNO_CAD_DATA":"","SIGNID":null,"GlobalID":"5adcea74-9cd4-4da6-8e86-203fc26c6309"}},{"type":"Feature","id":229791,"geometry":{"type":"Point","coordinates":[-122.345932702297,47.6251588426829]},"properties":{"OBJECTID":229791,"BUSLIC_ID":534486,"BUSLIC_LOCATION_ID":593932,"DEA_FACILITY_OWNER":null,"DEA_FACILITY_NAME":"DIAMOND   A288","DEA_BUSINESS_CONTACT":"JONATHAN DIAMOND","DEA_BUSINESS_PHONE":"2062843100           ","DEA_FACILITY_ADDRESS":"557 ROY ST, SEATTLE, WA 98109","DEA_STALLS":32,"FAC_NAME":"DIAMOND   A288","HRS_MONFRI":null,"HRS_SAT":null,"HRS_SUN":null,"FAC_TYPE":null,"RTE_1HR":null,"RTE_2HR":null,"RTE_3HR":null,"RTE_ALLDAY":null,"DISABLED":null,"OP_NAME":null,"OP_PHONE":null,"OP_PHONE2":null,"OP_WEB":null,"PAYMENT_TYPE":null,"OTHER":"N","WEBNAME":null,"REGIONID":null,"OUTOFSERV":null,"VACANT":null,"STATUS":null,"DATETIME":null,"SE_ANNO_CAD_DATA":"","SIGNID":null,"GlobalID":"86e2dfce-6c97-4512-b1e5-1ae50fe8d5c1"}},{"type":"Feature","id":229792,"geometry":{"type":"Point","coordinates":[-122.3544148467,47.6248336063207]},"properties":{"OBJECTID":229792,"BUSLIC_ID":726616,"BUSLIC_LOCATION_ID":734648,"DEA_FACILITY_OWNER":null,"DEA_FACILITY_NAME":"REPUBLIC PARKING 30 508","DEA_BUSINESS_CONTACT":"GARY BECK","DEA_BUSINESS_PHONE":"2067834144           ","DEA_FACILITY_ADDRESS":"100 MERCER ST, SEATTLE, WA 98109","DEA_STALLS":60,"FAC_NAME":"REPUBLIC PARKING 30 508","HRS_MONFRI":null,"HRS_SAT":null,"HRS_SUN":null,"FAC_TYPE":null,"RTE_1HR":null,"RTE_2HR":null,"RTE_3HR":null,"RTE_ALLDAY":null,"DISABLED":null,"OP_NAME":null,"OP_PHONE":null,"OP_PHONE2":null,"OP_WEB":null,"PAYMENT_TYPE":null,"OTHER":"N","WEBNAME":null,"REGIONID":null,"OUTOFSERV":null,"VACANT":null,"STATUS":null,"DATETIME":null,"SE_ANNO_CAD_DATA":"","SIGNID":null,"GlobalID":"b264b133-d6de-4e1a-8ea7-0804c97bf1a8"}},{"type":"Feature","id":229793,"geometry":{"type":"Point","coordinates":[-122.353013411961,47.6248307855849]},"properties":{"OBJECTID":229793,"BUSLIC_ID":5334,"BUSLIC_LOCATION_ID":4509,"DEA_FACILITY_OWNER":null,"DEA_FACILITY_NAME":"U PARK 4","DEA_BUSINESS_CONTACT":"KEN JR PHILLIPS","DEA_BUSINESS_PHONE":"2062849797           ","DEA_FACILITY_ADDRESS":"170 MERCER ST, SEATTLE, WA 98109","DEA_STALLS":24,"FAC_NAME":"U PARK 4","HRS_MONFRI":null,"HRS_SAT":null,"HRS_SUN":null,"FAC_TYPE":null,"RTE_1HR":null,"RTE_2HR":null,"RTE_3HR":null,"RTE_ALLDAY":null,"DISABLED":null,"OP_NAME":null,"OP_PHONE":null,"OP_PHONE2":null,"OP_WEB":null,"PAYMENT_TYPE":null,"OTHER":"N","WEBNAME":null,"REGIONID":null,"OUTOFSERV":null,"VACANT":null,"STATUS":null,"DATETIME":null,"SE_ANNO_CAD_DATA":"","SIGNID":null,"GlobalID":"410b7a18-a570-4d24-8996-8676cdec4e8b"}},{"type":"Feature","id":229794,"geometry":{"type":"Point","coordinates":[-122.353826761435,47.6248738088433]},"properties":{"OBJECTID":229794,"BUSLIC_ID":5378,"BUSLIC_LOCATION_ID":4531,"DEA_FACILITY_OWNER":null,"DEA_FACILITY_NAME":"U PARK 26","DEA_BUSINESS_CONTACT":"KEN JR PHILLIPS","DEA_BUSINESS_PHONE":"2062849797           ","DEA_FACILITY_ADDRESS":"600 WARREN AVE N, SEATTLE, WA 98109","DEA_STALLS":58,"FAC_NAME":"U PARK 26","HRS_MONFRI":null,"HRS_SAT":null,"HRS_SUN":null,"FAC_TYPE":null,"RTE_1HR":null,"RTE_2HR":null,"RTE_3HR":null,"RTE_ALLDAY":null,"DISABLED":null,"OP_NAME":null,"OP_PHONE":null,"OP_PHONE2":null,"OP_WEB":null,"PAYMENT_TYPE":null,"OTHER":"N","WEBNAME":null,"REGIONID":null,"OUTOFSERV":null,"VACANT":null,"STATUS":null,"DATETIME":null,"SE_ANNO_CAD_DATA":"","SIGNID":null,"GlobalID":"05d94cfb-edbb-4a7d-be33-150701fa0ddd"}},{"type":"Feature","id":229795,"geometry":{"type":"Point","coordinates":[-122.354361553811,47.6243121409263]},"properties":{"OBJECTID":229795,"BUSLIC_ID":5344,"BUSLIC_LOCATION_ID":4514,"DEA_FACILITY_OWNER":null,"DEA_FACILITY_NAME":"U PARK 9","DEA_BUSINESS_CONTACT":"KEN JR PHILLIPS","DEA_BUSINESS_PHONE":"2062849797           ","DEA_FACILITY_ADDRESS":"115 MERCER ST, SEATTLE, WA 98109","DEA_STALLS":23,"FAC_NAME":"U PARK 9","HRS_MONFRI":null,"HRS_SAT":null,"HRS_SUN":null,"FAC_TYPE":null,"RTE_1HR":null,"RTE_2HR":null,"RTE_3HR":null,"RTE_ALLDAY":null,"DISABLED":null,"OP_NAME":null,"OP_PHONE":null,"OP_PHONE2":null,"OP_WEB":null,"PAYMENT_TYPE":null,"OTHER":"N","WEBNAME":null,"REGIONID":null,"OUTOFSERV":null,"VACANT":null,"STATUS":null,"DATETIME":null,"SE_ANNO_CAD_DATA":"","SIGNID":null,"GlobalID":"c8814512-0647-45da-b6a0-f86d952e6cf1"}},{"type":"Feature","id":229796,"geometry":{"type":"Point","coordinates":[-122.354551479964,47.6236140420287]},"properties":{"OBJECTID":229796,"BUSLIC_ID":725394,"BUSLIC_LOCATION_ID":733682,"DEA_FACILITY_OWNER":null,"DEA_FACILITY_NAME":"UNITED PARKING INC 4495","DEA_BUSINESS_CONTACT":"JONATHAN DIAMOND","DEA_BUSINESS_PHONE":"2062843100           ","DEA_FACILITY_ADDRESS":"100 REPUBLICAN ST, SEATTLE, WA 98109-4534","DEA_STALLS":274,"FAC_NAME":"UNITED PARKING INC 4495","HRS_MONFRI":null,"HRS_SAT":null,"HRS_SUN":null,"FAC_TYPE":null,"RTE_1HR":null,"RTE_2HR":null,"RTE_3HR":null,"RTE_ALLDAY":null,"DISABLED":null,"OP_NAME":null,"OP_PHONE":null,"OP_PHONE2":null,"OP_WEB":null,"PAYMENT_TYPE":null,"OTHER":"N","WEBNAME":null,"REGIONID":null,"OUTOFSERV":null,"VACANT":null,"STATUS":null,"DATETIME":null,"SE_ANNO_CAD_DATA":"","SIGNID":null,"GlobalID":"463046cd-5a0e-4ef0-ae2c-9c86eb565c59"}},{"type":"Feature","id":229797,"geometry":{"type":"Point","coordinates":[-122.338098286614,47.613931633548]},"properties":{"OBJECTID":229797,"BUSLIC_ID":462186,"BUSLIC_LOCATION_ID":543241,"DEA_FACILITY_OWNER":null,"DEA_FACILITY_NAME":"ACE PARKING  0674 WESTIN PRKG GARAGE","DEA_BUSINESS_CONTACT":"KEITH JONES","DEA_BUSINESS_PHONE":"2066289042           ","DEA_FACILITY_ADDRESS":"1900 5TH AVE, SEATTLE, WA 98101","DEA_STALLS":235,"FAC_NAME":"ACE PARKING  0674 WESTIN PRKG GARAGE","HRS_MONFRI":null,"HRS_SAT":null,"HRS_SUN":null,"FAC_TYPE":null,"RTE_1HR":null,"RTE_2HR":null,"RTE_3HR":null,"RTE_ALLDAY":null,"DISABLED":null,"OP_NAME":null,"OP_PHONE":null,"OP_PHONE2":null,"OP_WEB":null,"PAYMENT_TYPE":null,"OTHER":"N","WEBNAME":null,"REGIONID":null,"OUTOFSERV":null,"VACANT":null,"STATUS":null,"DATETIME":null,"SE_ANNO_CAD_DATA":"","SIGNID":null,"GlobalID":"2484fac6-4b23-4a07-8353-86c83427166b"}},{"type":"Feature","id":229798,"geometry":{"type":"Point","coordinates":[-122.337124926622,47.6140187309378]},"properties":{"OBJECTID":229798,"BUSLIC_ID":531568,"BUSLIC_LOCATION_ID":593012,"DEA_FACILITY_OWNER":null,"DEA_FACILITY_NAME":"IMPARK  33","DEA_BUSINESS_CONTACT":"EDWARD DANYLUK","DEA_BUSINESS_PHONE":"2063811789           ","DEA_FACILITY_ADDRESS":"600 STEWART ST, SEATTLE, WA 98101","DEA_STALLS":6,"FAC_NAME":"IMPARK  33","HRS_MONFRI":null,"HRS_SAT":null,"HRS_SUN":null,"FAC_TYPE":null,"RTE_1HR":null,"RTE_2HR":null,"RTE_3HR":null,"RTE_ALLDAY":null,"DISABLED":null,"OP_NAME":null,"OP_PHONE":null,"OP_PHONE2":null,"OP_WEB":null,"PAYMENT_TYPE":null,"OTHER":"N","WEBNAME":null,"REGIONID":null,"OUTOFSERV":null,"VACANT":null,"STATUS":null,"DATETIME":null,"SE_ANNO_CAD_DATA":"","SIGNID":null,"GlobalID":"bcba36cd-fec0-4566-a098-8f4287921e67"}},{"type":"Feature","id":229799,"geometry":{"type":"Point","coordinates":[-122.344417649616,47.6134893669856]},"properties":{"OBJECTID":229799,"BUSLIC_ID":725035,"BUSLIC_LOCATION_ID":733391,"DEA_FACILITY_OWNER":null,"DEA_FACILITY_NAME":"IIMPARK 160","DEA_BUSINESS_CONTACT":"EDWARD DANYLUK","DEA_BUSINESS_PHONE":"2063811789           ","DEA_FACILITY_ADDRESS":"2200 2ND AVE, SEATTLE, WA","DEA_STALLS":35,"FAC_NAME":"IIMPARK 160","HRS_MONFRI":null,"HRS_SAT":null,"HRS_SUN":null,"FAC_TYPE":null,"RTE_1HR":null,"RTE_2HR":null,"RTE_3HR":null,"RTE_ALLDAY":null,"DISABLED":null,"OP_NAME":null,"OP_PHONE":null,"OP_PHONE2":null,"OP_WEB":null,"PAYMENT_TYPE":null,"OTHER":"N","WEBNAME":null,"REGIONID":null,"OUTOFSERV":null,"VACANT":null,"STATUS":null,"DATETIME":null,"SE_ANNO_CAD_DATA":"","SIGNID":null,"GlobalID":"ab031467-10ea-411c-afe5-7a14409aa03d"}},{"type":"Feature","id":229800,"geometry":{"type":"Point","coordinates":[-122.339947386301,47.6133693074159]},"properties":{"OBJECTID":229800,"BUSLIC_ID":587862,"BUSLIC_LOCATION_ID":634756,"DEA_FACILITY_OWNER":null,"DEA_FACILITY_NAME":"UNITED PARKING  4504","DEA_BUSINESS_CONTACT":"JONATHAN DIAMOND","DEA_BUSINESS_PHONE":"2062846303           ","DEA_FACILITY_ADDRESS":"2024 4TH AVE, SEATTLE, WA 98121","DEA_STALLS":204,"FAC_NAME":"UNITED PARKING  4504","HRS_MONFRI":null,"HRS_SAT":null,"HRS_SUN":null,"FAC_TYPE":null,"RTE_1HR":null,"RTE_2HR":null,"RTE_3HR":null,"RTE_ALLDAY":null,"DISABLED":null,"OP_NAME":null,"OP_PHONE":null,"OP_PHONE2":null,"OP_WEB":null,"PAYMENT_TYPE":null,"OTHER":"N","WEBNAME":null,"REGIONID":null,"OUTOFSERV":null,"VACANT":null,"STATUS":null,"DATETIME":null,"SE_ANNO_CAD_DATA":"","SIGNID":null,"GlobalID":"384c631e-b71f-4a92-893f-f6d226982393"}},{"type":"Feature","id":229801,"geometry":{"type":"Point","coordinates":[-122.334302653536,47.6131642692394]},"properties":{"OBJECTID":229801,"BUSLIC_ID":726390,"BUSLIC_LOCATION_ID":734481,"DEA_FACILITY_OWNER":null,"DEA_FACILITY_NAME":"0221","DEA_BUSINESS_CONTACT":"BOB TURLEY","DEA_BUSINESS_PHONE":"2062843100           ","DEA_FACILITY_ADDRESS":"1600 7TH AVE, SEATTLE, WA 98101","DEA_STALLS":164,"FAC_NAME":"0221","HRS_MONFRI":null,"HRS_SAT":null,"HRS_SUN":null,"FAC_TYPE":null,"RTE_1HR":null,"RTE_2HR":null,"RTE_3HR":null,"RTE_ALLDAY":null,"DISABLED":null,"OP_NAME":null,"OP_PHONE":null,"OP_PHONE2":null,"OP_WEB":null,"PAYMENT_TYPE":null,"OTHER":"N","WEBNAME":null,"REGIONID":null,"OUTOFSERV":null,"VACANT":null,"STATUS":null,"DATETIME":null,"SE_ANNO_CAD_DATA":"","SIGNID":null,"GlobalID":"8b834d61-70d9-4e35-aaa6-8e787f3f31b7"}},{"type":"Feature","id":229802,"geometry":{"type":"Point","coordinates":[-122.336951301527,47.6131943430319]},"properties":{"OBJECTID":229802,"BUSLIC_ID":548232,"BUSLIC_LOCATION_ID":605781,"DEA_FACILITY_OWNER":null,"DEA_FACILITY_NAME":"IMPARK  60","DEA_BUSINESS_CONTACT":"EDWARD DANYLUK","DEA_BUSINESS_PHONE":"2063811789           ","DEA_FACILITY_ADDRESS":"1801 6TH AVE, SEATTLE, WA 98101","DEA_STALLS":34,"FAC_NAME":"IMPARK  60","HRS_MONFRI":null,"HRS_SAT":null,"HRS_SUN":null,"FAC_TYPE":null,"RTE_1HR":null,"RTE_2HR":null,"RTE_3HR":null,"RTE_ALLDAY":null,"DISABLED":null,"OP_NAME":null,"OP_PHONE":null,"OP_PHONE2":null,"OP_WEB":null,"PAYMENT_TYPE":null,"OTHER":"N","WEBNAME":null,"REGIONID":null,"OUTOFSERV":null,"VACANT":null,"STATUS":null,"DATETIME":null,"SE_ANNO_CAD_DATA":"","SIGNID":null,"GlobalID":"d60ee347-fdd6-42ec-8b9d-746c20dc27b3"}},{"type":"Feature","id":229803,"geometry":{"type":"Point","coordinates":[-122.342010254678,47.6122970348015]},"properties":{"OBJECTID":229803,"BUSLIC_ID":457654,"BUSLIC_LOCATION_ID":76129,"DEA_FACILITY_OWNER":null,"DEA_FACILITY_NAME":"REPUBLIC PARKING  176","DEA_BUSINESS_CONTACT":"GARY BECK","DEA_BUSINESS_PHONE":"2067284457           ","DEA_FACILITY_ADDRESS":"2012 2ND AVE, SEATTLE, WA 98101","DEA_STALLS":45,"FAC_NAME":"REPUBLIC PARKING  176","HRS_MONFRI":null,"HRS_SAT":null,"HRS_SUN":null,"FAC_TYPE":null,"RTE_1HR":null,"RTE_2HR":null,"RTE_3HR":null,"RTE_ALLDAY":null,"DISABLED":null,"OP_NAME":null,"OP_PHONE":null,"OP_PHONE2":null,"OP_WEB":null,"PAYMENT_TYPE":null,"OTHER":"N","WEBNAME":null,"REGIONID":null,"OUTOFSERV":null,"VACANT":null,"STATUS":null,"DATETIME":null,"SE_ANNO_CAD_DATA":"","SIGNID":null,"GlobalID":"135b453e-82d1-4027-ba9a-202a0ba87c5b"}},{"type":"Feature","id":229804,"geometry":{"type":"Point","coordinates":[-122.33903353009,47.6122948634395]},"properties":{"OBJECTID":229804,"BUSLIC_ID":445065,"BUSLIC_LOCATION_ID":530468,"DEA_FACILITY_OWNER":null,"DEA_FACILITY_NAME":"IMPARK  1","DEA_BUSINESS_CONTACT":"EDWARD DANYLUK","DEA_BUSINESS_PHONE":"2063811789           ","DEA_FACILITY_ADDRESS":"1918 3RD AVE, SEATTLE, WA 98101","DEA_STALLS":328,"FAC_NAME":"IMPARK  1","HRS_MONFRI":null,"HRS_SAT":null,"HRS_SUN":null,"FAC_TYPE":null,"RTE_1HR":null,"RTE_2HR":null,"RTE_3HR":null,"RTE_ALLDAY":null,"DISABLED":null,"OP_NAME":null,"OP_PHONE":null,"OP_PHONE2":null,"OP_WEB":null,"PAYMENT_TYPE":null,"OTHER":"N","WEBNAME":null,"REGIONID":null,"OUTOFSERV":null,"VACANT":null,"STATUS":null,"DATETIME":null,"SE_ANNO_CAD_DATA":"","SIGNID":null,"GlobalID":"c48743ec-941b-4623-9ef4-722e9388feff"}},{"type":"Feature","id":229805,"geometry":{"type":"Point","coordinates":[-122.33903353009,47.6122948634395]},"properties":{"OBJECTID":229805,"BUSLIC_ID":445066,"BUSLIC_LOCATION_ID":530469,"DEA_FACILITY_OWNER":null,"DEA_FACILITY_NAME":"IMPARK  2","DEA_BUSINESS_CONTACT":"EDWARD DANYLUK","DEA_BUSINESS_PHONE":"2063811789           ","DEA_FACILITY_ADDRESS":"1913 4TH AVE, SEATTLE, WA 98101","DEA_STALLS":178,"FAC_NAME":"IMPARK  2","HRS_MONFRI":null,"HRS_SAT":null,"HRS_SUN":null,"FAC_TYPE":null,"RTE_1HR":null,"RTE_2HR":null,"RTE_3HR":null,"RTE_ALLDAY":null,"DISABLED":null,"OP_NAME":null,"OP_PHONE":null,"OP_PHONE2":null,"OP_WEB":null,"PAYMENT_TYPE":null,"OTHER":"N","WEBNAME":null,"REGIONID":null,"OUTOFSERV":null,"VACANT":null,"STATUS":null,"DATETIME":null,"SE_ANNO_CAD_DATA":"","SIGNID":null,"GlobalID":"56466b63-e601-4484-bdda-d6ab01cbc0e6"}},{"type":"Feature","id":229806,"geometry":{"type":"Point","coordinates":[-122.334207375879,47.6118525278862]},"properties":{"OBJECTID":229806,"BUSLIC_ID":652820,"BUSLIC_LOCATION_ID":680571,"DEA_FACILITY_OWNER":null,"DEA_FACILITY_NAME":"ACE PARKING  3265 MERIDIAN GARAGE EAST","DEA_BUSINESS_CONTACT":"KEITH JONES","DEA_BUSINESS_PHONE":"6192336624           ","DEA_FACILITY_ADDRESS":"1501 7TH AVE, SEATTLE, WA 98101","DEA_STALLS":410,"FAC_NAME":"ACE PARKING  3265 MERIDIAN GARAGE EAST","HRS_MONFRI":null,"HRS_SAT":null,"HRS_SUN":null,"FAC_TYPE":null,"RTE_1HR":null,"RTE_2HR":null,"RTE_3HR":null,"RTE_ALLDAY":null,"DISABLED":null,"OP_NAME":null,"OP_PHONE":null,"OP_PHONE2":null,"OP_WEB":null,"PAYMENT_TYPE":null,"OTHER":"N","WEBNAME":null,"REGIONID":null,"OUTOFSERV":null,"VACANT":null,"STATUS":null,"DATETIME":null,"SE_ANNO_CAD_DATA":"","SIGNID":null,"GlobalID":"8ea7d5a9-f957-4565-9a13-3d7a72f6e846"}},{"type":"Feature","id":229807,"geometry":{"type":"Point","coordinates":[-122.340402834425,47.6117903659102]},"properties":{"OBJECTID":229807,"BUSLIC_ID":501954,"BUSLIC_LOCATION_ID":4554,"DEA_FACILITY_OWNER":null,"DEA_FACILITY_NAME":"U PARK 49","DEA_BUSINESS_CONTACT":"KEN JR PHILLIPS","DEA_BUSINESS_PHONE":"2062849797           ","DEA_FACILITY_ADDRESS":"1913 3RD AVE, SEATTLE, WA 98101","DEA_STALLS":288,"FAC_NAME":"U PARK 49","HRS_MONFRI":null,"HRS_SAT":null,"HRS_SUN":null,"FAC_TYPE":null,"RTE_1HR":null,"RTE_2HR":null,"RTE_3HR":null,"RTE_ALLDAY":null,"DISABLED":null,"OP_NAME":null,"OP_PHONE":null,"OP_PHONE2":null,"OP_WEB":null,"PAYMENT_TYPE":null,"OTHER":"N","WEBNAME":null,"REGIONID":null,"OUTOFSERV":null,"VACANT":null,"STATUS":null,"DATETIME":null,"SE_ANNO_CAD_DATA":"","SIGNID":null,"GlobalID":"3a832164-cdf0-4143-9b43-a9a2934fd673"}},{"type":"Feature","id":229808,"geometry":{"type":"Point","coordinates":[-122.344014988985,47.6115586707217]},"properties":{"OBJECTID":229808,"BUSLIC_ID":680595,"BUSLIC_LOCATION_ID":700433,"DEA_FACILITY_OWNER":null,"DEA_FACILITY_NAME":"MARKET PLACE TOWER 30 512","DEA_BUSINESS_CONTACT":"GARY BECK","DEA_BUSINESS_PHONE":"2067834144           ","DEA_FACILITY_ADDRESS":"2025 1ST AVE, SEATTLE, WA 98121","DEA_STALLS":186,"FAC_NAME":"MARKET PLACE TOWER 30 512","HRS_MONFRI":null,"HRS_SAT":null,"HRS_SUN":null,"FAC_TYPE":null,"RTE_1HR":null,"RTE_2HR":null,"RTE_3HR":null,"RTE_ALLDAY":null,"DISABLED":null,"OP_NAME":null,"OP_PHONE":null,"OP_PHONE2":null,"OP_WEB":null,"PAYMENT_TYPE":null,"OTHER":"N","WEBNAME":null,"REGIONID":null,"OUTOFSERV":null,"VACANT":null,"STATUS":null,"DATETIME":null,"SE_ANNO_CAD_DATA":"","SIGNID":null,"GlobalID":"cbdfd6b2-d91a-4d84-9320-000f2bac5458"}},{"type":"Feature","id":229809,"geometry":{"type":"Point","coordinates":[-122.341389458107,47.6176778150083]},"properties":{"OBJECTID":229809,"BUSLIC_ID":666806,"BUSLIC_LOCATION_ID":690523,"DEA_FACILITY_OWNER":null,"DEA_FACILITY_NAME":"IMPARK  117","DEA_BUSINESS_CONTACT":"EDWARD DANYLUK","DEA_BUSINESS_PHONE":"2063811789           ","DEA_FACILITY_ADDRESS":"2300 7TH AVE, SEATTLE, WA 98121","DEA_STALLS":32,"FAC_NAME":"IMPARK  117","HRS_MONFRI":null,"HRS_SAT":null,"HRS_SUN":null,"FAC_TYPE":null,"RTE_1HR":null,"RTE_2HR":null,"RTE_3HR":null,"RTE_ALLDAY":null,"DISABLED":null,"OP_NAME":null,"OP_PHONE":null,"OP_PHONE2":null,"OP_WEB":null,"PAYMENT_TYPE":null,"OTHER":"N","WEBNAME":null,"REGIONID":null,"OUTOFSERV":null,"VACANT":null,"STATUS":null,"DATETIME":null,"SE_ANNO_CAD_DATA":"","SIGNID":null,"GlobalID":"fe3f9b80-e38f-4173-821f-8fec8e6a6251"}},{"type":"Feature","id":229810,"geometry":{"type":"Point","coordinates":[-122.342115304511,47.617037129296]},"properties":{"OBJECTID":229810,"BUSLIC_ID":629055,"BUSLIC_LOCATION_ID":663917,"DEA_FACILITY_OWNER":null,"DEA_FACILITY_NAME":"DIAMOND PARKING  A407","DEA_BUSINESS_CONTACT":"JONATHAN DIAMOND","DEA_BUSINESS_PHONE":"2062843100           ","DEA_FACILITY_ADDRESS":"2300 6TH AVE, SEATTLE, WA 98121","DEA_STALLS":28,"FAC_NAME":"DIAMOND PARKING  A407","HRS_MONFRI":null,"HRS_SAT":null,"HRS_SUN":null,"FAC_TYPE":null,"RTE_1HR":null,"RTE_2HR":null,"RTE_3HR":null,"RTE_ALLDAY":null,"DISABLED":null,"OP_NAME":null,"OP_PHONE":null,"OP_PHONE2":null,"OP_WEB":null,"PAYMENT_TYPE":null,"OTHER":"N","WEBNAME":null,"REGIONID":null,"OUTOFSERV":null,"VACANT":null,"STATUS":null,"DATETIME":null,"SE_ANNO_CAD_DATA":"","SIGNID":null,"GlobalID":"4f947a17-6aa5-414b-aa52-4acd73f4d1ea"}},{"type":"Feature","id":229811,"geometry":{"type":"Point","coordinates":[-122.339733355979,47.6160806323387]},"properties":{"OBJECTID":229811,"BUSLIC_ID":698954,"BUSLIC_LOCATION_ID":713231,"DEA_FACILITY_OWNER":null,"DEA_FACILITY_NAME":"2121 7TH AVE 82627","DEA_BUSINESS_CONTACT":"BILL BEATTIE","DEA_BUSINESS_PHONE":"2063818552           ","DEA_FACILITY_ADDRESS":"2121 7TH AVE, SEATTLE, WA 98121-5114","DEA_STALLS":1147,"FAC_NAME":"2121 7TH AVE 82627","HRS_MONFRI":null,"HRS_SAT":null,"HRS_SUN":null,"FAC_TYPE":null,"RTE_1HR":null,"RTE_2HR":null,"RTE_3HR":null,"RTE_ALLDAY":null,"DISABLED":null,"OP_NAME":null,"OP_PHONE":null,"OP_PHONE2":null,"OP_WEB":null,"PAYMENT_TYPE":null,"OTHER":"N","WEBNAME":null,"REGIONID":null,"OUTOFSERV":null,"VACANT":null,"STATUS":null,"DATETIME":null,"SE_ANNO_CAD_DATA":"","SIGNID":null,"GlobalID":"79751bbb-b2e8-4dd3-98d3-cd533e505d97"}},{"type":"Feature","id":229812,"geometry":{"type":"Point","coordinates":[-122.334480200152,47.615976595495]},"properties":{"OBJECTID":229812,"BUSLIC_ID":519681,"BUSLIC_LOCATION_ID":584041,"DEA_FACILITY_OWNER":null,"DEA_FACILITY_NAME":"DIAMOND PARKING  A187","DEA_BUSINESS_CONTACT":"JONATHAN DIAMOND","DEA_BUSINESS_PHONE":"2062846303           ","DEA_FACILITY_ADDRESS":"1900 9TH AVE, SEATTLE, WA 98101","DEA_STALLS":183,"FAC_NAME":"DIAMOND PARKING  A187","HRS_MONFRI":null,"HRS_SAT":null,"HRS_SUN":null,"FAC_TYPE":null,"RTE_1HR":null,"RTE_2HR":null,"RTE_3HR":null,"RTE_ALLDAY":null,"DISABLED":null,"OP_NAME":null,"OP_PHONE":null,"OP_PHONE2":null,"OP_WEB":null,"PAYMENT_TYPE":null,"OTHER":"N","WEBNAME":null,"REGIONID":null,"OUTOFSERV":null,"VACANT":null,"STATUS":null,"DATETIME":null,"SE_ANNO_CAD_DATA":"","SIGNID":null,"GlobalID":"a0a8c302-1021-4fce-9120-a0c3e172f8e7"}},{"type":"Feature","id":229813,"geometry":{"type":"Point","coordinates":[-122.335031282609,47.6156687588964]},"properties":{"OBJECTID":229813,"BUSLIC_ID":738491,"BUSLIC_LOCATION_ID":743667,"DEA_FACILITY_OWNER":null,"DEA_FACILITY_NAME":"ABM INDUSTRY GROUP LLC","DEA_BUSINESS_CONTACT":null,"DEA_BUSINESS_PHONE":"2062670446           ","DEA_FACILITY_ADDRESS":"818 STEWART AVE, SEATTLE, WA 98101","DEA_STALLS":235,"FAC_NAME":"ABM INDUSTRY GROUP LLC","HRS_MONFRI":null,"HRS_SAT":null,"HRS_SUN":null,"FAC_TYPE":null,"RTE_1HR":null,"RTE_2HR":null,"RTE_3HR":null,"RTE_ALLDAY":null,"DISABLED":null,"OP_NAME":null,"OP_PHONE":null,"OP_PHONE2":null,"OP_WEB":null,"PAYMENT_TYPE":null,"OTHER":"N","WEBNAME":null,"REGIONID":null,"OUTOFSERV":null,"VACANT":null,"STATUS":null,"DATETIME":null,"SE_ANNO_CAD_DATA":"","SIGNID":null,"GlobalID":"ad60c014-0d3d-4364-9796-d181b8d768ca"}},{"type":"Feature","id":229814,"geometry":{"type":"Point","coordinates":[-122.343760901385,47.6144912934956]},"properties":{"OBJECTID":229814,"BUSLIC_ID":418670,"BUSLIC_LOCATION_ID":513281,"DEA_FACILITY_OWNER":null,"DEA_FACILITY_NAME":"KEY PARK NORTHWEST  4","DEA_BUSINESS_CONTACT":"GERALD FISH","DEA_BUSINESS_PHONE":"2064438400           ","DEA_FACILITY_ADDRESS":"2216 3RD AVE, SEATTLE, WA 98121","DEA_STALLS":97,"FAC_NAME":"KEY PARK NORTHWEST  4","HRS_MONFRI":null,"HRS_SAT":null,"HRS_SUN":null,"FAC_TYPE":null,"RTE_1HR":null,"RTE_2HR":null,"RTE_3HR":null,"RTE_ALLDAY":null,"DISABLED":null,"OP_NAME":null,"OP_PHONE":null,"OP_PHONE2":null,"OP_WEB":null,"PAYMENT_TYPE":null,"OTHER":"N","WEBNAME":null,"REGIONID":null,"OUTOFSERV":null,"VACANT":null,"STATUS":null,"DATETIME":null,"SE_ANNO_CAD_DATA":"","SIGNID":null,"GlobalID":"48f8f972-27ce-4c37-bc3e-34a712474d02"}},{"type":"Feature","id":229815,"geometry":{"type":"Point","coordinates":[-122.340982964541,47.6151278853723]},"properties":{"OBJECTID":229815,"BUSLIC_ID":469208,"BUSLIC_LOCATION_ID":548440,"DEA_FACILITY_OWNER":null,"DEA_FACILITY_NAME":"IMPARK  13","DEA_BUSINESS_CONTACT":"EDWARD DANYLUK","DEA_BUSINESS_PHONE":"2063811789           ","DEA_FACILITY_ADDRESS":"2120 5TH AVE, SEATTLE, WA 98121","DEA_STALLS":28,"FAC_NAME":"IMPARK  13","HRS_MONFRI":null,"HRS_SAT":null,"HRS_SUN":null,"FAC_TYPE":null,"RTE_1HR":null,"RTE_2HR":null,"RTE_3HR":null,"RTE_ALLDAY":null,"DISABLED":null,"OP_NAME":null,"OP_PHONE":null,"OP_PHONE2":null,"OP_WEB":null,"PAYMENT_TYPE":null,"OTHER":"N","WEBNAME":null,"REGIONID":null,"OUTOFSERV":null,"VACANT":null,"STATUS":null,"DATETIME":null,"SE_ANNO_CAD_DATA":"","SIGNID":null,"GlobalID":"3cb5fa00-53c5-47a6-ba6b-88b60641cc0e"}},{"type":"Feature","id":229816,"geometry":{"type":"Point","coordinates":[-122.343686940295,47.615975123791]},"properties":{"OBJECTID":229816,"BUSLIC_ID":588524,"BUSLIC_LOCATION_ID":635176,"DEA_FACILITY_OWNER":null,"DEA_FACILITY_NAME":"DIAMOND PARKING  A287","DEA_BUSINESS_CONTACT":"JONATHAN DIAMOND","DEA_BUSINESS_PHONE":"2062846303           ","DEA_FACILITY_ADDRESS":"2301 5TH AVE, SEATTLE, WA 98121","DEA_STALLS":213,"FAC_NAME":"DIAMOND PARKING  A287","HRS_MONFRI":null,"HRS_SAT":null,"HRS_SUN":null,"FAC_TYPE":null,"RTE_1HR":null,"RTE_2HR":null,"RTE_3HR":null,"RTE_ALLDAY":null,"DISABLED":null,"OP_NAME":null,"OP_PHONE":null,"OP_PHONE2":null,"OP_WEB":null,"PAYMENT_TYPE":null,"OTHER":"N","WEBNAME":null,"REGIONID":null,"OUTOFSERV":null,"VACANT":null,"STATUS":null,"DATETIME":null,"SE_ANNO_CAD_DATA":"","SIGNID":null,"GlobalID":"846beedc-11d6-4260-ab6a-dba5cbc5e161"}},{"type":"Feature","id":229817,"geometry":{"type":"Point","coordinates":[-122.335819651758,47.6155472550747]},"properties":{"OBJECTID":229817,"BUSLIC_ID":598646,"BUSLIC_LOCATION_ID":642344,"DEA_FACILITY_OWNER":null,"DEA_FACILITY_NAME":"REPUBLIC 30 136","DEA_BUSINESS_CONTACT":"GARY BECK","DEA_BUSINESS_PHONE":"2067834144           ","DEA_FACILITY_ADDRESS":"1918 8TH AVE, SEATTLE, WA 98101","DEA_STALLS":402,"FAC_NAME":"REPUBLIC 30 136","HRS_MONFRI":null,"HRS_SAT":null,"HRS_SUN":null,"FAC_TYPE":null,"RTE_1HR":null,"RTE_2HR":null,"RTE_3HR":null,"RTE_ALLDAY":null,"DISABLED":null,"OP_NAME":null,"OP_PHONE":null,"OP_PHONE2":null,"OP_WEB":null,"PAYMENT_TYPE":null,"OTHER":"N","WEBNAME":null,"REGIONID":null,"OUTOFSERV":null,"VACANT":null,"STATUS":null,"DATETIME":null,"SE_ANNO_CAD_DATA":"","SIGNID":null,"GlobalID":"dbc07c51-bf68-410c-acad-44becec3aedf"}},{"type":"Feature","id":229818,"geometry":{"type":"Point","coordinates":[-122.340473242825,47.6142304682517]},"properties":{"OBJECTID":229818,"BUSLIC_ID":704435,"BUSLIC_LOCATION_ID":717151,"DEA_FACILITY_OWNER":null,"DEA_FACILITY_NAME":"DIAMOND PARKING  A649","DEA_BUSINESS_CONTACT":"JONATHAN DIAMOND","DEA_BUSINESS_PHONE":"2062843100           ","DEA_FACILITY_ADDRESS":"421 LENORA ST, SEATTLE, WA 98121","DEA_STALLS":22,"FAC_NAME":"DIAMOND PARKING  A649","HRS_MONFRI":null,"HRS_SAT":null,"HRS_SUN":null,"FAC_TYPE":null,"RTE_1HR":null,"RTE_2HR":null,"RTE_3HR":null,"RTE_ALLDAY":null,"DISABLED":null,"OP_NAME":null,"OP_PHONE":null,"OP_PHONE2":null,"OP_WEB":null,"PAYMENT_TYPE":null,"OTHER":"N","WEBNAME":null,"REGIONID":null,"OUTOFSERV":null,"VACANT":null,"STATUS":null,"DATETIME":null,"SE_ANNO_CAD_DATA":"","SIGNID":null,"GlobalID":"9fabc0c7-efbe-4f90-9343-e48bd4710824"}},{"type":"Feature","id":229819,"geometry":{"type":"Point","coordinates":[-122.33523202805,47.6139870783368]},"properties":{"OBJECTID":229819,"BUSLIC_ID":445064,"BUSLIC_LOCATION_ID":530466,"DEA_FACILITY_OWNER":null,"DEA_FACILITY_NAME":"IMPARK","DEA_BUSINESS_CONTACT":"EDWARD DANYLUK","DEA_BUSINESS_PHONE":"2063811789           ","DEA_FACILITY_ADDRESS":"1700 7TH AVE, SEATTLE, WA 98101","DEA_STALLS":0,"FAC_NAME":"IMPARK","HRS_MONFRI":null,"HRS_SAT":null,"HRS_SUN":null,"FAC_TYPE":null,"RTE_1HR":null,"RTE_2HR":null,"RTE_3HR":null,"RTE_ALLDAY":null,"DISABLED":null,"OP_NAME":null,"OP_PHONE":null,"OP_PHONE2":null,"OP_WEB":null,"PAYMENT_TYPE":null,"OTHER":"N","WEBNAME":null,"REGIONID":null,"OUTOFSERV":null,"VACANT":null,"STATUS":null,"DATETIME":null,"SE_ANNO_CAD_DATA":"","SIGNID":null,"GlobalID":"c2d6a8c0-f372-4a2b-b93c-71382cac3759"}},{"type":"Feature","id":229820,"geometry":{"type":"Point","coordinates":[-122.33523202805,47.6139870783368]},"properties":{"OBJECTID":229820,"BUSLIC_ID":470595,"BUSLIC_LOCATION_ID":549410,"DEA_FACILITY_OWNER":null,"DEA_FACILITY_NAME":"IMPARK  10","DEA_BUSINESS_CONTACT":"EDWARD DANYLUK","DEA_BUSINESS_PHONE":"2063811789           ","DEA_FACILITY_ADDRESS":"1700 7TH AVE, SEATTLE, WA 98101","DEA_STALLS":591,"FAC_NAME":"IMPARK  10","HRS_MONFRI":null,"HRS_SAT":null,"HRS_SUN":null,"FAC_TYPE":null,"RTE_1HR":null,"RTE_2HR":null,"RTE_3HR":null,"RTE_ALLDAY":null,"DISABLED":null,"OP_NAME":null,"OP_PHONE":null,"OP_PHONE2":null,"OP_WEB":null,"PAYMENT_TYPE":null,"OTHER":"N","WEBNAME":null,"REGIONID":null,"OUTOFSERV":null,"VACANT":null,"STATUS":null,"DATETIME":null,"SE_ANNO_CAD_DATA":"","SIGNID":null,"GlobalID":"7a10b092-052f-422f-9788-d05e3c6639c4"}},{"type":"Feature","id":229821,"geometry":{"type":"Point","coordinates":[-122.33523202805,47.6139870783368]},"properties":{"OBJECTID":229821,"BUSLIC_ID":35792,"BUSLIC_LOCATION_ID":32230,"DEA_FACILITY_OWNER":null,"DEA_FACILITY_NAME":"CLISE INC & HAMMER CO","DEA_BUSINESS_CONTACT":null,"DEA_BUSINESS_PHONE":"2066237500           ","DEA_FACILITY_ADDRESS":"1700 7TH AVE #1800, SEATTLE, WA 98101","DEA_STALLS":0,"FAC_NAME":"CLISE INC & HAMMER CO","HRS_MONFRI":null,"HRS_SAT":null,"HRS_SUN":null,"FAC_TYPE":null,"RTE_1HR":null,"RTE_2HR":null,"RTE_3HR":null,"RTE_ALLDAY":null,"DISABLED":null,"OP_NAME":null,"OP_PHONE":null,"OP_PHONE2":null,"OP_WEB":null,"PAYMENT_TYPE":null,"OTHER":"N","WEBNAME":null,"REGIONID":null,"OUTOFSERV":null,"VACANT":null,"STATUS":null,"DATETIME":null,"SE_ANNO_CAD_DATA":"","SIGNID":null,"GlobalID":"1d1fad3d-e88c-40ea-b35a-03028c74aa8e"}},{"type":"Feature","id":229822,"geometry":{"type":"Point","coordinates":[-122.340223631108,47.613998584291]},"properties":{"OBJECTID":229822,"BUSLIC_ID":534521,"BUSLIC_LOCATION_ID":593950,"DEA_FACILITY_OWNER":null,"DEA_FACILITY_NAME":"DIAMOND  A256","DEA_BUSINESS_CONTACT":"JONATHAN DIAMOND","DEA_BUSINESS_PHONE":"2062843100           ","DEA_FACILITY_ADDRESS":"2021 5TH AVE, SEATTLE, WA 98121","DEA_STALLS":52,"FAC_NAME":"DIAMOND  A256","HRS_MONFRI":null,"HRS_SAT":null,"HRS_SUN":null,"FAC_TYPE":null,"RTE_1HR":null,"RTE_2HR":null,"RTE_3HR":null,"RTE_ALLDAY":null,"DISABLED":null,"OP_NAME":null,"OP_PHONE":null,"OP_PHONE2":null,"OP_WEB":null,"PAYMENT_TYPE":null,"OTHER":"N","WEBNAME":null,"REGIONID":null,"OUTOFSERV":null,"VACANT":null,"STATUS":null,"DATETIME":null,"SE_ANNO_CAD_DATA":"","SIGNID":null,"GlobalID":"34c12838-61d0-428d-9ac0-543e6b28c4b1"}},{"type":"Feature","id":229823,"geometry":{"type":"Point","coordinates":[-122.336443844357,47.6135603317537]},"properties":{"OBJECTID":229823,"BUSLIC_ID":548233,"BUSLIC_LOCATION_ID":605782,"DEA_FACILITY_OWNER":null,"DEA_FACILITY_NAME":"IMPARK  59 & 61","DEA_BUSINESS_CONTACT":"EDWARD DANYLUK","DEA_BUSINESS_PHONE":"2063811789           ","DEA_FACILITY_ADDRESS":"1818 6TH AVE, SEATTLE, WA 98101","DEA_STALLS":138,"FAC_NAME":"IMPARK  59 & 61","HRS_MONFRI":null,"HRS_SAT":null,"HRS_SUN":null,"FAC_TYPE":null,"RTE_1HR":null,"RTE_2HR":null,"RTE_3HR":null,"RTE_ALLDAY":null,"DISABLED":null,"OP_NAME":null,"OP_PHONE":null,"OP_PHONE2":null,"OP_WEB":null,"PAYMENT_TYPE":null,"OTHER":"N","WEBNAME":null,"REGIONID":null,"OUTOFSERV":null,"VACANT":null,"STATUS":null,"DATETIME":null,"SE_ANNO_CAD_DATA":"","SIGNID":null,"GlobalID":"70e2ea2c-6e60-4a61-9672-e5e02a00efa4"}},{"type":"Feature","id":229824,"geometry":{"type":"Point","coordinates":[-122.340828834158,47.6132090956606]},"properties":{"OBJECTID":229824,"BUSLIC_ID":591548,"BUSLIC_LOCATION_ID":4546,"DEA_FACILITY_OWNER":null,"DEA_FACILITY_NAME":"U PARK 41","DEA_BUSINESS_CONTACT":"KEN JR PHILLIPS","DEA_BUSINESS_PHONE":"2062849797           ","DEA_FACILITY_ADDRESS":"2015 4TH AVE, SEATTLE, WA 98121","DEA_STALLS":26,"FAC_NAME":"U PARK 41","HRS_MONFRI":null,"HRS_SAT":null,"HRS_SUN":null,"FAC_TYPE":null,"RTE_1HR":null,"RTE_2HR":null,"RTE_3HR":null,"RTE_ALLDAY":null,"DISABLED":null,"OP_NAME":null,"OP_PHONE":null,"OP_PHONE2":null,"OP_WEB":null,"PAYMENT_TYPE":null,"OTHER":"N","WEBNAME":null,"REGIONID":null,"OUTOFSERV":null,"VACANT":null,"STATUS":null,"DATETIME":null,"SE_ANNO_CAD_DATA":"","SIGNID":null,"GlobalID":"2e4afd26-3701-443b-90ac-8f996db8fcae"}},{"type":"Feature","id":229825,"geometry":{"type":"Point","coordinates":[-122.338398944037,47.6129177216873]},"properties":{"OBJECTID":229825,"BUSLIC_ID":632034,"BUSLIC_LOCATION_ID":665930,"DEA_FACILITY_OWNER":null,"DEA_FACILITY_NAME":"IMPARK 106","DEA_BUSINESS_CONTACT":"EDWARD DANYLUK","DEA_BUSINESS_PHONE":"2063811789           ","DEA_FACILITY_ADDRESS":"1903 5TH AVE, SEATTLE, WA 98101","DEA_STALLS":48,"FAC_NAME":"IMPARK 106","HRS_MONFRI":null,"HRS_SAT":null,"HRS_SUN":null,"FAC_TYPE":null,"RTE_1HR":null,"RTE_2HR":null,"RTE_3HR":null,"RTE_ALLDAY":null,"DISABLED":null,"OP_NAME":null,"OP_PHONE":null,"OP_PHONE2":null,"OP_WEB":null,"PAYMENT_TYPE":null,"OTHER":"N","WEBNAME":null,"REGIONID":null,"OUTOFSERV":null,"VACANT":null,"STATUS":null,"DATETIME":null,"SE_ANNO_CAD_DATA":"","SIGNID":null,"GlobalID":"afa7aaab-9584-41c2-8d8d-73f9fa0e8dfc"}},{"type":"Feature","id":229826,"geometry":{"type":"Point","coordinates":[-122.340793400175,47.6127367155908]},"properties":{"OBJECTID":229826,"BUSLIC_ID":5409,"BUSLIC_LOCATION_ID":4547,"DEA_FACILITY_OWNER":null,"DEA_FACILITY_NAME":"U PARK 42","DEA_BUSINESS_CONTACT":"KEN JR PHILLIPS","DEA_BUSINESS_PHONE":"2062849797           ","DEA_FACILITY_ADDRESS":"2000 3RD AVE, SEATTLE, WA 98121","DEA_STALLS":26,"FAC_NAME":"U PARK 42","HRS_MONFRI":null,"HRS_SAT":null,"HRS_SUN":null,"FAC_TYPE":null,"RTE_1HR":null,"RTE_2HR":null,"RTE_3HR":null,"RTE_ALLDAY":null,"DISABLED":null,"OP_NAME":null,"OP_PHONE":null,"OP_PHONE2":null,"OP_WEB":null,"PAYMENT_TYPE":null,"OTHER":"N","WEBNAME":null,"REGIONID":null,"OUTOFSERV":null,"VACANT":null,"STATUS":null,"DATETIME":null,"SE_ANNO_CAD_DATA":"","SIGNID":null,"GlobalID":"663d7867-4377-4bac-9359-e112a6dc214c"}},{"type":"Feature","id":229827,"geometry":{"type":"Point","coordinates":[-122.344366779793,47.612498497871]},"properties":{"OBJECTID":229827,"BUSLIC_ID":5415,"BUSLIC_LOCATION_ID":4550,"DEA_FACILITY_OWNER":null,"DEA_FACILITY_NAME":"U PARK 45","DEA_BUSINESS_CONTACT":"KEN JR PHILLIPS","DEA_BUSINESS_PHONE":"2062849797           ","DEA_FACILITY_ADDRESS":"2120 1ST AVE, SEATTLE, WA 98101","DEA_STALLS":56,"FAC_NAME":"U PARK 45","HRS_MONFRI":null,"HRS_SAT":null,"HRS_SUN":null,"FAC_TYPE":null,"RTE_1HR":null,"RTE_2HR":null,"RTE_3HR":null,"RTE_ALLDAY":null,"DISABLED":null,"OP_NAME":null,"OP_PHONE":null,"OP_PHONE2":null,"OP_WEB":null,"PAYMENT_TYPE":null,"OTHER":"N","WEBNAME":null,"REGIONID":null,"OUTOFSERV":null,"VACANT":null,"STATUS":null,"DATETIME":null,"SE_ANNO_CAD_DATA":"","SIGNID":null,"GlobalID":"06290c5e-ff5f-4deb-887f-607156ce1ff9"}},{"type":"Feature","id":229828,"geometry":{"type":"Point","coordinates":[-122.342312964765,47.6117080990831]},"properties":{"OBJECTID":229828,"BUSLIC_ID":725033,"BUSLIC_LOCATION_ID":733378,"DEA_FACILITY_OWNER":null,"DEA_FACILITY_NAME":"IMPARK 158","DEA_BUSINESS_CONTACT":"EDWARD DANYLUK","DEA_BUSINESS_PHONE":"2063811789           ","DEA_FACILITY_ADDRESS":"2015 2ND AVE, SEATTLE, WA 98121","DEA_STALLS":61,"FAC_NAME":"IMPARK 158","HRS_MONFRI":null,"HRS_SAT":null,"HRS_SUN":null,"FAC_TYPE":null,"RTE_1HR":null,"RTE_2HR":null,"RTE_3HR":null,"RTE_ALLDAY":null,"DISABLED":null,"OP_NAME":null,"OP_PHONE":null,"OP_PHONE2":null,"OP_WEB":null,"PAYMENT_TYPE":null,"OTHER":"N","WEBNAME":null,"REGIONID":null,"OUTOFSERV":null,"VACANT":null,"STATUS":null,"DATETIME":null,"SE_ANNO_CAD_DATA":"","SIGNID":null,"GlobalID":"f86b2980-9c63-4e7b-baa3-592a76856d0e"}},{"type":"Feature","id":229829,"geometry":{"type":"Point","coordinates":[-122.341857139481,47.6114526368442]},"properties":{"OBJECTID":229829,"BUSLIC_ID":426747,"BUSLIC_LOCATION_ID":519374,"DEA_FACILITY_OWNER":null,"DEA_FACILITY_NAME":"REPUBLIC PARKING  158","DEA_BUSINESS_CONTACT":"GARY BECK","DEA_BUSINESS_PHONE":"2067834144           ","DEA_FACILITY_ADDRESS":"1935 2ND AVE, SEATTLE, WA 98101","DEA_STALLS":16,"FAC_NAME":"REPUBLIC PARKING  158","HRS_MONFRI":null,"HRS_SAT":null,"HRS_SUN":null,"FAC_TYPE":null,"RTE_1HR":null,"RTE_2HR":null,"RTE_3HR":null,"RTE_ALLDAY":null,"DISABLED":null,"OP_NAME":null,"OP_PHONE":null,"OP_PHONE2":null,"OP_WEB":null,"PAYMENT_TYPE":null,"OTHER":"N","WEBNAME":null,"REGIONID":null,"OUTOFSERV":null,"VACANT":null,"STATUS":null,"DATETIME":null,"SE_ANNO_CAD_DATA":"","SIGNID":null,"GlobalID":"feccf849-c4d7-4aec-b040-0b6247d38054"}},{"type":"Feature","id":229830,"geometry":{"type":"Point","coordinates":[-122.33991162332,47.6109401271484]},"properties":{"OBJECTID":229830,"BUSLIC_ID":738969,"BUSLIC_LOCATION_ID":744000,"DEA_FACILITY_OWNER":null,"DEA_FACILITY_NAME":"THE CHARTER","DEA_BUSINESS_CONTACT":"KEITH JONES","DEA_BUSINESS_PHONE":"6192336624           ","DEA_FACILITY_ADDRESS":"1610 2ND AVE, SEATTLE, WA 98101","DEA_STALLS":0,"FAC_NAME":"THE CHARTER","HRS_MONFRI":null,"HRS_SAT":null,"HRS_SUN":null,"FAC_TYPE":null,"RTE_1HR":null,"RTE_2HR":null,"RTE_3HR":null,"RTE_ALLDAY":null,"DISABLED":null,"OP_NAME":null,"OP_PHONE":null,"OP_PHONE2":null,"OP_WEB":null,"PAYMENT_TYPE":null,"OTHER":"N","WEBNAME":null,"REGIONID":null,"OUTOFSERV":null,"VACANT":null,"STATUS":null,"DATETIME":null,"SE_ANNO_CAD_DATA":"","SIGNID":null,"GlobalID":"d7095313-8588-4b47-92e3-01c04c1e7889"}},{"type":"Feature","id":229831,"geometry":{"type":"Point","coordinates":[-122.341361338093,47.610699925907]},"properties":{"OBJECTID":229831,"BUSLIC_ID":690383,"BUSLIC_LOCATION_ID":707394,"DEA_FACILITY_OWNER":null,"DEA_FACILITY_NAME":"THOMPSON HOTEL","DEA_BUSINESS_CONTACT":"ALAN LAZOWSKI","DEA_BUSINESS_PHONE":"8605227641           ","DEA_FACILITY_ADDRESS":"110 STEWART ST, SEATTLE, WA 98101-1019","DEA_STALLS":145,"FAC_NAME":"THOMPSON HOTEL","HRS_MONFRI":null,"HRS_SAT":null,"HRS_SUN":null,"FAC_TYPE":null,"RTE_1HR":null,"RTE_2HR":null,"RTE_3HR":null,"RTE_ALLDAY":null,"DISABLED":null,"OP_NAME":null,"OP_PHONE":null,"OP_PHONE2":null,"OP_WEB":null,"PAYMENT_TYPE":null,"OTHER":"N","WEBNAME":null,"REGIONID":null,"OUTOFSERV":null,"VACANT":null,"STATUS":null,"DATETIME":null,"SE_ANNO_CAD_DATA":"","SIGNID":null,"GlobalID":"2b004ff0-83e0-4030-a040-a571565662ad"}},{"type":"Feature","id":229832,"geometry":{"type":"Point","coordinates":[-122.333110634834,47.6173542221085]},"properties":{"OBJECTID":229832,"BUSLIC_ID":436921,"BUSLIC_LOCATION_ID":4619,"DEA_FACILITY_OWNER":null,"DEA_FACILITY_NAME":"U PARK 115","DEA_BUSINESS_CONTACT":"KEN JR PHILLIPS","DEA_BUSINESS_PHONE":"2066245353           ","DEA_FACILITY_ADDRESS":"1916 BOREN AVE, SEATTLE, WA 98101","DEA_STALLS":62,"FAC_NAME":"U PARK 115","HRS_MONFRI":null,"HRS_SAT":null,"HRS_SUN":null,"FAC_TYPE":null,"RTE_1HR":null,"RTE_2HR":null,"RTE_3HR":null,"RTE_ALLDAY":null,"DISABLED":null,"OP_NAME":null,"OP_PHONE":null,"OP_PHONE2":null,"OP_WEB":null,"PAYMENT_TYPE":null,"OTHER":"N","WEBNAME":null,"REGIONID":null,"OUTOFSERV":null,"VACANT":null,"STATUS":null,"DATETIME":null,"SE_ANNO_CAD_DATA":"","SIGNID":null,"GlobalID":"e27d6e88-7755-4b12-9e63-7356f0522461"}},{"type":"Feature","id":229833,"geometry":{"type":"Point","coordinates":[-122.331951110628,47.616979117306]},"properties":{"OBJECTID":229833,"BUSLIC_ID":737989,"BUSLIC_LOCATION_ID":743251,"DEA_FACILITY_OWNER":null,"DEA_FACILITY_NAME":"TILT49 REALTY LLC","DEA_BUSINESS_CONTACT":null,"DEA_BUSINESS_PHONE":"5038721028           ","DEA_FACILITY_ADDRESS":"1812 BOREN AVE, SEATTLE, WA 98101-1453","DEA_STALLS":0,"FAC_NAME":"TILT49 REALTY LLC","HRS_MONFRI":null,"HRS_SAT":null,"HRS_SUN":null,"FAC_TYPE":null,"RTE_1HR":null,"RTE_2HR":null,"RTE_3HR":null,"RTE_ALLDAY":null,"DISABLED":null,"OP_NAME":null,"OP_PHONE":null,"OP_PHONE2":null,"OP_WEB":null,"PAYMENT_TYPE":null,"OTHER":"N","WEBNAME":null,"REGIONID":null,"OUTOFSERV":null,"VACANT":null,"STATUS":null,"DATETIME":null,"SE_ANNO_CAD_DATA":"","SIGNID":null,"GlobalID":"0b7a5873-72fe-44e8-944e-530e24f305cb"}},{"type":"Feature","id":229834,"geometry":{"type":"Point","coordinates":[-122.331951110628,47.616979117306]},"properties":{"OBJECTID":229834,"BUSLIC_ID":723476,"BUSLIC_LOCATION_ID":732087,"DEA_FACILITY_OWNER":null,"DEA_FACILITY_NAME":"1812 BOREN AVE 82727","DEA_BUSINESS_CONTACT":"BILL BEATTIE","DEA_BUSINESS_PHONE":"206318552            ","DEA_FACILITY_ADDRESS":"1812 BOREN AVE, SEATTLE, WA 98101","DEA_STALLS":269,"FAC_NAME":"1812 BOREN AVE 82727","HRS_MONFRI":null,"HRS_SAT":null,"HRS_SUN":null,"FAC_TYPE":null,"RTE_1HR":null,"RTE_2HR":null,"RTE_3HR":null,"RTE_ALLDAY":null,"DISABLED":null,"OP_NAME":null,"OP_PHONE":null,"OP_PHONE2":null,"OP_WEB":null,"PAYMENT_TYPE":null,"OTHER":"N","WEBNAME":null,"REGIONID":null,"OUTOFSERV":null,"VACANT":null,"STATUS":null,"DATETIME":null,"SE_ANNO_CAD_DATA":"","SIGNID":null,"GlobalID":"d61fd843-607f-4cc2-a3b5-d017aac2327c"}},{"type":"Feature","id":229835,"geometry":{"type":"Point","coordinates":[-122.332613234479,47.6166468695008]},"properties":{"OBJECTID":229835,"BUSLIC_ID":693186,"BUSLIC_LOCATION_ID":532324,"DEA_FACILITY_OWNER":null,"DEA_FACILITY_NAME":"ACE PARKING  3284 HILTON GARDEN INN","DEA_BUSINESS_CONTACT":"KEITH JONES","DEA_BUSINESS_PHONE":"2066289042           ","DEA_FACILITY_ADDRESS":"1821 BOREN AVE, SEATTLE, WA 98101","DEA_STALLS":100,"FAC_NAME":"ACE PARKING  3284 HILTON GARDEN INN","HRS_MONFRI":null,"HRS_SAT":null,"HRS_SUN":null,"FAC_TYPE":null,"RTE_1HR":null,"RTE_2HR":null,"RTE_3HR":null,"RTE_ALLDAY":null,"DISABLED":null,"OP_NAME":null,"OP_PHONE":null,"OP_PHONE2":null,"OP_WEB":null,"PAYMENT_TYPE":null,"OTHER":"N","WEBNAME":null,"REGIONID":null,"OUTOFSERV":null,"VACANT":null,"STATUS":null,"DATETIME":null,"SE_ANNO_CAD_DATA":"","SIGNID":null,"GlobalID":"98af18f4-6a36-4665-9b6f-43b26c7e302e"}},{"type":"Feature","id":229836,"geometry":{"type":"Point","coordinates":[-122.327581745213,47.6159849880194]},"properties":{"OBJECTID":229836,"BUSLIC_ID":503704,"BUSLIC_LOCATION_ID":572484,"DEA_FACILITY_OWNER":null,"DEA_FACILITY_NAME":"DIAMOND PARKING  A473","DEA_BUSINESS_CONTACT":"JONATHAN DIAMOND","DEA_BUSINESS_PHONE":"2062846303           ","DEA_FACILITY_ADDRESS":"1616 MELROSE AVE, SEATTLE, WA 98122","DEA_STALLS":9,"FAC_NAME":"DIAMOND PARKING  A473","HRS_MONFRI":null,"HRS_SAT":null,"HRS_SUN":null,"FAC_TYPE":null,"RTE_1HR":null,"RTE_2HR":null,"RTE_3HR":null,"RTE_ALLDAY":null,"DISABLED":null,"OP_NAME":null,"OP_PHONE":null,"OP_PHONE2":null,"OP_WEB":null,"PAYMENT_TYPE":null,"OTHER":"N","WEBNAME":null,"REGIONID":null,"OUTOFSERV":null,"VACANT":null,"STATUS":null,"DATETIME":null,"SE_ANNO_CAD_DATA":"","SIGNID":null,"GlobalID":"88a27d5d-f9dc-49d6-ac8d-1b9eeca03712"}},{"type":"Feature","id":229837,"geometry":{"type":"Point","coordinates":[-122.327581745213,47.6159849880194]},"properties":{"OBJECTID":229837,"BUSLIC_ID":588666,"BUSLIC_LOCATION_ID":635361,"DEA_FACILITY_OWNER":null,"DEA_FACILITY_NAME":"DIAMOND PARKING  A475 BOTTOM","DEA_BUSINESS_CONTACT":"JONATHAN DIAMOND","DEA_BUSINESS_PHONE":"2062843100           ","DEA_FACILITY_ADDRESS":"1620 MELROSE AVE, SEATTLE, WA 98122","DEA_STALLS":19,"FAC_NAME":"DIAMOND PARKING  A475 BOTTOM","HRS_MONFRI":null,"HRS_SAT":null,"HRS_SUN":null,"FAC_TYPE":null,"RTE_1HR":null,"RTE_2HR":null,"RTE_3HR":null,"RTE_ALLDAY":null,"DISABLED":null,"OP_NAME":null,"OP_PHONE":null,"OP_PHONE2":null,"OP_WEB":null,"PAYMENT_TYPE":null,"OTHER":"N","WEBNAME":null,"REGIONID":null,"OUTOFSERV":null,"VACANT":null,"STATUS":null,"DATETIME":null,"SE_ANNO_CAD_DATA":"","SIGNID":null,"GlobalID":"1a5d9140-a26f-4bb5-acfe-9b6f4d98c9ba"}},{"type":"Feature","id":229838,"geometry":{"type":"Point","coordinates":[-122.331460801654,47.6156998426449]},"properties":{"OBJECTID":229838,"BUSLIC_ID":726614,"BUSLIC_LOCATION_ID":734645,"DEA_FACILITY_OWNER":null,"DEA_FACILITY_NAME":"REPUBLIC PARKING 30 207","DEA_BUSINESS_CONTACT":"GARY BECK","DEA_BUSINESS_PHONE":"2067834144           ","DEA_FACILITY_ADDRESS":"1711 BOREN AVE, SEATTLE, WA 98101","DEA_STALLS":141,"FAC_NAME":"REPUBLIC PARKING 30 207","HRS_MONFRI":null,"HRS_SAT":null,"HRS_SUN":null,"FAC_TYPE":null,"RTE_1HR":null,"RTE_2HR":null,"RTE_3HR":null,"RTE_ALLDAY":null,"DISABLED":null,"OP_NAME":null,"OP_PHONE":null,"OP_PHONE2":null,"OP_WEB":null,"PAYMENT_TYPE":null,"OTHER":"N","WEBNAME":null,"REGIONID":null,"OUTOFSERV":null,"VACANT":null,"STATUS":null,"DATETIME":null,"SE_ANNO_CAD_DATA":"","SIGNID":null,"GlobalID":"2a4d7fc6-e3c3-421a-9845-9ac683b39857"}},{"type":"Feature","id":229839,"geometry":{"type":"Point","coordinates":[-122.333030540756,47.6151648067094]},"properties":{"OBJECTID":229839,"BUSLIC_ID":654763,"BUSLIC_LOCATION_ID":682056,"DEA_FACILITY_OWNER":null,"DEA_FACILITY_NAME":"STANDARD PARKING 82300 1800 NINTH PARKING GARAG","DEA_BUSINESS_CONTACT":"BILL BEATTIE","DEA_BUSINESS_PHONE":"2066232727           ","DEA_FACILITY_ADDRESS":"1800 9TH AVE, SEATTLE, WA 98101-1358","DEA_STALLS":301,"FAC_NAME":"STANDARD PARKING 82300 1800 NINTH PARKING GARAG","HRS_MONFRI":null,"HRS_SAT":null,"HRS_SUN":null,"FAC_TYPE":null,"RTE_1HR":null,"RTE_2HR":null,"RTE_3HR":null,"RTE_ALLDAY":null,"DISABLED":null,"OP_NAME":null,"OP_PHONE":null,"OP_PHONE2":null,"OP_WEB":null,"PAYMENT_TYPE":null,"OTHER":"N","WEBNAME":null,"REGIONID":null,"OUTOFSERV":null,"VACANT":null,"STATUS":null,"DATETIME":null,"SE_ANNO_CAD_DATA":"","SIGNID":null,"GlobalID":"ddf0603a-82c5-40e0-9af8-5ea786b21287"}},{"type":"Feature","id":229840,"geometry":{"type":"Point","coordinates":[-122.328157405321,47.6153880556085]},"properties":{"OBJECTID":229840,"BUSLIC_ID":626771,"BUSLIC_LOCATION_ID":662391,"DEA_FACILITY_OWNER":null,"DEA_FACILITY_NAME":"DIAMOND PARKING  A897","DEA_BUSINESS_CONTACT":"JONATHAN DIAMOND","DEA_BUSINESS_PHONE":"2062843100           ","DEA_FACILITY_ADDRESS":"1216 PINE ST, SEATTLE, WA 98101","DEA_STALLS":6,"FAC_NAME":"DIAMOND PARKING  A897","HRS_MONFRI":null,"HRS_SAT":null,"HRS_SUN":null,"FAC_TYPE":null,"RTE_1HR":null,"RTE_2HR":null,"RTE_3HR":null,"RTE_ALLDAY":null,"DISABLED":null,"OP_NAME":null,"OP_PHONE":null,"OP_PHONE2":null,"OP_WEB":null,"PAYMENT_TYPE":null,"OTHER":"N","WEBNAME":null,"REGIONID":null,"OUTOFSERV":null,"VACANT":null,"STATUS":null,"DATETIME":null,"SE_ANNO_CAD_DATA":"","SIGNID":null,"GlobalID":"a8396ae0-bf05-4e24-aec2-b39f2aa0794c"}},{"type":"Feature","id":229841,"geometry":{"type":"Point","coordinates":[-122.3253578301,47.6150546387917]},"properties":{"OBJECTID":229841,"BUSLIC_ID":725873,"BUSLIC_LOCATION_ID":734070,"DEA_FACILITY_OWNER":null,"DEA_FACILITY_NAME":"DIAMOND PARKING SERVICES A682","DEA_BUSINESS_CONTACT":"JONATHAN DIAMOND","DEA_BUSINESS_PHONE":"2062843100           ","DEA_FACILITY_ADDRESS":"501 E PINE ST, SEATTLE, WA 98122-2310","DEA_STALLS":18,"FAC_NAME":"DIAMOND PARKING SERVICES A682","HRS_MONFRI":null,"HRS_SAT":null,"HRS_SUN":null,"FAC_TYPE":null,"RTE_1HR":null,"RTE_2HR":null,"RTE_3HR":null,"RTE_ALLDAY":null,"DISABLED":null,"OP_NAME":null,"OP_PHONE":null,"OP_PHONE2":null,"OP_WEB":null,"PAYMENT_TYPE":null,"OTHER":"N","WEBNAME":null,"REGIONID":null,"OUTOFSERV":null,"VACANT":null,"STATUS":null,"DATETIME":null,"SE_ANNO_CAD_DATA":"","SIGNID":null,"GlobalID":"1126e42f-b8de-40ad-b14f-bb92d9eec7dc"}},{"type":"Feature","id":229842,"geometry":{"type":"Point","coordinates":[-122.324178956964,47.6144487919135]},"properties":{"OBJECTID":229842,"BUSLIC_ID":723277,"BUSLIC_LOCATION_ID":731954,"DEA_FACILITY_OWNER":null,"DEA_FACILITY_NAME":"DIAMOND PARKING INC 0638","DEA_BUSINESS_CONTACT":"BOB TURLEY","DEA_BUSINESS_PHONE":"2062843100           ","DEA_FACILITY_ADDRESS":"1530 BELMONT AVE, SEATTLE, WA 98122","DEA_STALLS":60,"FAC_NAME":"DIAMOND PARKING INC 0638","HRS_MONFRI":null,"HRS_SAT":null,"HRS_SUN":null,"FAC_TYPE":null,"RTE_1HR":null,"RTE_2HR":null,"RTE_3HR":null,"RTE_ALLDAY":null,"DISABLED":null,"OP_NAME":null,"OP_PHONE":null,"OP_PHONE2":null,"OP_WEB":null,"PAYMENT_TYPE":null,"OTHER":"N","WEBNAME":null,"REGIONID":null,"OUTOFSERV":null,"VACANT":null,"STATUS":null,"DATETIME":null,"SE_ANNO_CAD_DATA":"","SIGNID":null,"GlobalID":"4d96bc24-29af-4444-ab93-9204543a81c8"}},{"type":"Feature","id":229843,"geometry":{"type":"Point","coordinates":[-122.333233761029,47.6145697172928]},"properties":{"OBJECTID":229843,"BUSLIC_ID":588826,"BUSLIC_LOCATION_ID":635468,"DEA_FACILITY_OWNER":null,"DEA_FACILITY_NAME":"DIAMOND PARKING  A302","DEA_BUSINESS_CONTACT":"JONATHAN DIAMOND","DEA_BUSINESS_PHONE":"2062846300           ","DEA_FACILITY_ADDRESS":"800 OLIVE WAY, SEATTLE, WA 98101","DEA_STALLS":7,"FAC_NAME":"DIAMOND PARKING  A302","HRS_MONFRI":null,"HRS_SAT":null,"HRS_SUN":null,"FAC_TYPE":null,"RTE_1HR":null,"RTE_2HR":null,"RTE_3HR":null,"RTE_ALLDAY":null,"DISABLED":null,"OP_NAME":null,"OP_PHONE":null,"OP_PHONE2":null,"OP_WEB":null,"PAYMENT_TYPE":null,"OTHER":"N","WEBNAME":null,"REGIONID":null,"OUTOFSERV":null,"VACANT":null,"STATUS":null,"DATETIME":null,"SE_ANNO_CAD_DATA":"","SIGNID":null,"GlobalID":"45ae3569-ada7-4b45-acd7-c83cfe7656ca"}},{"type":"Feature","id":229844,"geometry":{"type":"Point","coordinates":[-122.330619982499,47.624886407583]},"properties":{"OBJECTID":229844,"BUSLIC_ID":733595,"BUSLIC_LOCATION_ID":740031,"DEA_FACILITY_OWNER":null,"DEA_FACILITY_NAME":"DIAMOND PARKING A697","DEA_BUSINESS_CONTACT":"JONATHAN DIAMOND","DEA_BUSINESS_PHONE":"2062843100           ","DEA_FACILITY_ADDRESS":"624 YALE AVE N, SEATTLE, WA 98109","DEA_STALLS":114,"FAC_NAME":"DIAMOND PARKING A697","HRS_MONFRI":null,"HRS_SAT":null,"HRS_SUN":null,"FAC_TYPE":null,"RTE_1HR":null,"RTE_2HR":null,"RTE_3HR":null,"RTE_ALLDAY":null,"DISABLED":null,"OP_NAME":null,"OP_PHONE":null,"OP_PHONE2":null,"OP_WEB":null,"PAYMENT_TYPE":null,"OTHER":"N","WEBNAME":null,"REGIONID":null,"OUTOFSERV":null,"VACANT":null,"STATUS":null,"DATETIME":null,"SE_ANNO_CAD_DATA":"","SIGNID":null,"GlobalID":"e4ec7d9a-9b1d-4585-b0fc-3015340883f5"}},{"type":"Feature","id":229845,"geometry":{"type":"Point","coordinates":[-122.330065654957,47.6248801857721]},"properties":{"OBJECTID":229845,"BUSLIC_ID":633816,"BUSLIC_LOCATION_ID":667142,"DEA_FACILITY_OWNER":null,"DEA_FACILITY_NAME":"DIAMOND PARKING  A399","DEA_BUSINESS_CONTACT":"JONATHAN DIAMOND","DEA_BUSINESS_PHONE":"2062843100           ","DEA_FACILITY_ADDRESS":"617 EASTLAKE AVE E, SEATTLE, WA 98109","DEA_STALLS":75,"FAC_NAME":"DIAMOND PARKING  A399","HRS_MONFRI":null,"HRS_SAT":null,"HRS_SUN":null,"FAC_TYPE":null,"RTE_1HR":null,"RTE_2HR":null,"RTE_3HR":null,"RTE_ALLDAY":null,"DISABLED":null,"OP_NAME":null,"OP_PHONE":null,"OP_PHONE2":null,"OP_WEB":null,"PAYMENT_TYPE":null,"OTHER":"N","WEBNAME":null,"REGIONID":null,"OUTOFSERV":null,"VACANT":null,"STATUS":null,"DATETIME":null,"SE_ANNO_CAD_DATA":"","SIGNID":null,"GlobalID":"b52cbd9d-4fb1-4c46-8c7c-21ed4c95d795"}},{"type":"Feature","id":229846,"geometry":{"type":"Point","coordinates":[-122.331572840706,47.6243988957333]},"properties":{"OBJECTID":229846,"BUSLIC_ID":619104,"BUSLIC_LOCATION_ID":656671,"DEA_FACILITY_OWNER":null,"DEA_FACILITY_NAME":"AMAZON 1260 MERCER LOT 82074","DEA_BUSINESS_CONTACT":"BILL BEATTIE","DEA_BUSINESS_PHONE":"2063818552           ","DEA_FACILITY_ADDRESS":"1260 MERCER ST, SEATTLE, WA 98109-5577","DEA_STALLS":173,"FAC_NAME":"AMAZON 1260 MERCER LOT 82074","HRS_MONFRI":null,"HRS_SAT":null,"HRS_SUN":null,"FAC_TYPE":null,"RTE_1HR":null,"RTE_2HR":null,"RTE_3HR":null,"RTE_ALLDAY":null,"DISABLED":null,"OP_NAME":null,"OP_PHONE":null,"OP_PHONE2":null,"OP_WEB":null,"PAYMENT_TYPE":null,"OTHER":"N","WEBNAME":null,"REGIONID":null,"OUTOFSERV":null,"VACANT":null,"STATUS":null,"DATETIME":null,"SE_ANNO_CAD_DATA":"","SIGNID":null,"GlobalID":"2c75a3b6-3121-47c5-bc87-b9fffb49c1ba"}},{"type":"Feature","id":229847,"geometry":{"type":"Point","coordinates":[-122.329595079077,47.6233339992815]},"properties":{"OBJECTID":229847,"BUSLIC_ID":639845,"BUSLIC_LOCATION_ID":670831,"DEA_FACILITY_OWNER":null,"DEA_FACILITY_NAME":"ACE PARKING  3260","DEA_BUSINESS_CONTACT":"KEITH JONES","DEA_BUSINESS_PHONE":"6192336624           ","DEA_FACILITY_ADDRESS":"501 EASTLAKE AVE E, SEATTLE, WA 98109","DEA_STALLS":173,"FAC_NAME":"ACE PARKING  3260","HRS_MONFRI":null,"HRS_SAT":null,"HRS_SUN":null,"FAC_TYPE":null,"RTE_1HR":null,"RTE_2HR":null,"RTE_3HR":null,"RTE_ALLDAY":null,"DISABLED":null,"OP_NAME":null,"OP_PHONE":null,"OP_PHONE2":null,"OP_WEB":null,"PAYMENT_TYPE":null,"OTHER":"N","WEBNAME":null,"REGIONID":null,"OUTOFSERV":null,"VACANT":null,"STATUS":null,"DATETIME":null,"SE_ANNO_CAD_DATA":"","SIGNID":null,"GlobalID":"836c0d3c-53a9-406b-8924-d4cfc7689dfe"}},{"type":"Feature","id":229848,"geometry":{"type":"Point","coordinates":[-122.330283876989,47.6232301319165]},"properties":{"OBJECTID":229848,"BUSLIC_ID":639844,"BUSLIC_LOCATION_ID":670828,"DEA_FACILITY_OWNER":null,"DEA_FACILITY_NAME":"ACE PARKING  3261","DEA_BUSINESS_CONTACT":"KEITH JONES","DEA_BUSINESS_PHONE":"6192336624           ","DEA_FACILITY_ADDRESS":"500 YALE AVE N, SEATTLE, WA 98109","DEA_STALLS":131,"FAC_NAME":"ACE PARKING  3261","HRS_MONFRI":null,"HRS_SAT":null,"HRS_SUN":null,"FAC_TYPE":null,"RTE_1HR":null,"RTE_2HR":null,"RTE_3HR":null,"RTE_ALLDAY":null,"DISABLED":null,"OP_NAME":null,"OP_PHONE":null,"OP_PHONE2":null,"OP_WEB":null,"PAYMENT_TYPE":null,"OTHER":"N","WEBNAME":null,"REGIONID":null,"OUTOFSERV":null,"VACANT":null,"STATUS":null,"DATETIME":null,"SE_ANNO_CAD_DATA":"","SIGNID":null,"GlobalID":"61f64836-429f-484c-9fd6-29a2582f1b90"}},{"type":"Feature","id":229849,"geometry":{"type":"Point","coordinates":[-122.333902025006,47.6225105599074]},"properties":{"OBJECTID":229849,"BUSLIC_ID":685819,"BUSLIC_LOCATION_ID":704190,"DEA_FACILITY_OWNER":null,"DEA_FACILITY_NAME":"IMPARK  122","DEA_BUSINESS_CONTACT":"EDWARD DANYLUK","DEA_BUSINESS_PHONE":"2063811789           ","DEA_FACILITY_ADDRESS":"400 FAIRVIEW AVE N, SEATTLE, WA 98109","DEA_STALLS":418,"FAC_NAME":"IMPARK  122","HRS_MONFRI":null,"HRS_SAT":null,"HRS_SUN":null,"FAC_TYPE":null,"RTE_1HR":null,"RTE_2HR":null,"RTE_3HR":null,"RTE_ALLDAY":null,"DISABLED":null,"OP_NAME":null,"OP_PHONE":null,"OP_PHONE2":null,"OP_WEB":null,"PAYMENT_TYPE":null,"OTHER":"N","WEBNAME":null,"REGIONID":null,"OUTOFSERV":null,"VACANT":null,"STATUS":null,"DATETIME":null,"SE_ANNO_CAD_DATA":"","SIGNID":null,"GlobalID":"b8bd4904-90be-42b2-baba-dde483e7073d"}},{"type":"Feature","id":229850,"geometry":{"type":"Point","coordinates":[-122.329407427085,47.6227832717304]},"properties":{"OBJECTID":229850,"BUSLIC_ID":732099,"BUSLIC_LOCATION_ID":738917,"DEA_FACILITY_OWNER":null,"DEA_FACILITY_NAME":"DIAMOND PARKING SERVICES A694","DEA_BUSINESS_CONTACT":"JONATHAN DIAMOND","DEA_BUSINESS_PHONE":"2062843100           ","DEA_FACILITY_ADDRESS":"425 EASTLAKE AVE E, SEATTLE, WA 98109","DEA_STALLS":19,"FAC_NAME":"DIAMOND PARKING SERVICES A694","HRS_MONFRI":null,"HRS_SAT":null,"HRS_SUN":null,"FAC_TYPE":null,"RTE_1HR":null,"RTE_2HR":null,"RTE_3HR":null,"RTE_ALLDAY":null,"DISABLED":null,"OP_NAME":null,"OP_PHONE":null,"OP_PHONE2":null,"OP_WEB":null,"PAYMENT_TYPE":null,"OTHER":"N","WEBNAME":null,"REGIONID":null,"OUTOFSERV":null,"VACANT":null,"STATUS":null,"DATETIME":null,"SE_ANNO_CAD_DATA":"","SIGNID":null,"GlobalID":"4fa5f5c5-4ba9-4331-b3b0-de27857219f7"}},{"type":"Feature","id":229851,"geometry":{"type":"Point","coordinates":[-122.330183834894,47.6226291929632]},"properties":{"OBJECTID":229851,"BUSLIC_ID":704600,"BUSLIC_LOCATION_ID":717276,"DEA_FACILITY_OWNER":null,"DEA_FACILITY_NAME":"REPUBLIC PARKING  121","DEA_BUSINESS_CONTACT":"GARY BECK","DEA_BUSINESS_PHONE":"2067834144           ","DEA_FACILITY_ADDRESS":"422 YALE AVE N, SEATTLE, WA 98109-5449","DEA_STALLS":0,"FAC_NAME":"REPUBLIC PARKING  121","HRS_MONFRI":null,"HRS_SAT":null,"HRS_SUN":null,"FAC_TYPE":null,"RTE_1HR":null,"RTE_2HR":null,"RTE_3HR":null,"RTE_ALLDAY":null,"DISABLED":null,"OP_NAME":null,"OP_PHONE":null,"OP_PHONE2":null,"OP_WEB":null,"PAYMENT_TYPE":null,"OTHER":"N","WEBNAME":null,"REGIONID":null,"OUTOFSERV":null,"VACANT":null,"STATUS":null,"DATETIME":null,"SE_ANNO_CAD_DATA":"","SIGNID":null,"GlobalID":"86d89ada-b87c-4742-a0ad-a2a85735facd"}},{"type":"Feature","id":229852,"geometry":{"type":"Point","coordinates":[-122.330273770175,47.6199958470089]},"properties":{"OBJECTID":229852,"BUSLIC_ID":685885,"BUSLIC_LOCATION_ID":584403,"DEA_FACILITY_OWNER":null,"DEA_FACILITY_NAME":"REI GARAGE","DEA_BUSINESS_CONTACT":"BILL BEATTIE","DEA_BUSINESS_PHONE":"2066247040           ","DEA_FACILITY_ADDRESS":"222 YALE AVE N, SEATTLE, WA 98109-5429","DEA_STALLS":365,"FAC_NAME":"REI GARAGE","HRS_MONFRI":null,"HRS_SAT":null,"HRS_SUN":null,"FAC_TYPE":null,"RTE_1HR":null,"RTE_2HR":null,"RTE_3HR":null,"RTE_ALLDAY":null,"DISABLED":null,"OP_NAME":null,"OP_PHONE":null,"OP_PHONE2":null,"OP_WEB":null,"PAYMENT_TYPE":null,"OTHER":"N","WEBNAME":null,"REGIONID":null,"OUTOFSERV":null,"VACANT":null,"STATUS":null,"DATETIME":null,"SE_ANNO_CAD_DATA":"","SIGNID":null,"GlobalID":"61ee04d1-6b33-4291-be4e-baf8c7d77e7c"}},{"type":"Feature","id":229853,"geometry":{"type":"Point","coordinates":[-122.382815066015,47.6310004417375]},"properties":{"OBJECTID":229853,"BUSLIC_ID":575986,"BUSLIC_LOCATION_ID":625644,"DEA_FACILITY_OWNER":null,"DEA_FACILITY_NAME":"REPUBLIC PARKING 84 PIER 91","DEA_BUSINESS_CONTACT":"GARY BECK","DEA_BUSINESS_PHONE":"2067834144           ","DEA_FACILITY_ADDRESS":"2001 W GARFIELD ST, SEATTLE, WA 98119","DEA_STALLS":1100,"FAC_NAME":"REPUBLIC PARKING 84 PIER 91","HRS_MONFRI":null,"HRS_SAT":null,"HRS_SUN":null,"FAC_TYPE":null,"RTE_1HR":null,"RTE_2HR":null,"RTE_3HR":null,"RTE_ALLDAY":null,"DISABLED":null,"OP_NAME":null,"OP_PHONE":null,"OP_PHONE2":null,"OP_WEB":null,"PAYMENT_TYPE":null,"OTHER":"N","WEBNAME":null,"REGIONID":null,"OUTOFSERV":null,"VACANT":null,"STATUS":null,"DATETIME":null,"SE_ANNO_CAD_DATA":"","SIGNID":null,"GlobalID":"08afaa20-fdfd-4cd4-8c3e-f15e832408a5"}},{"type":"Feature","id":229854,"geometry":{"type":"Point","coordinates":[-122.304102808075,47.6175787528619]},"properties":{"OBJECTID":229854,"BUSLIC_ID":708491,"BUSLIC_LOCATION_ID":720118,"DEA_FACILITY_OWNER":null,"DEA_FACILITY_NAME":"DIAMOND PARKING  A655","DEA_BUSINESS_CONTACT":"JONATHAN DIAMOND","DEA_BUSINESS_PHONE":"2062843100           ","DEA_FACILITY_ADDRESS":"1717 22ND AVE, SEATTLE, WA 98122","DEA_STALLS":25,"FAC_NAME":"DIAMOND PARKING  A655","HRS_MONFRI":null,"HRS_SAT":null,"HRS_SUN":null,"FAC_TYPE":null,"RTE_1HR":null,"RTE_2HR":null,"RTE_3HR":null,"RTE_ALLDAY":null,"DISABLED":null,"OP_NAME":null,"OP_PHONE":null,"OP_PHONE2":null,"OP_WEB":null,"PAYMENT_TYPE":null,"OTHER":"N","WEBNAME":null,"REGIONID":null,"OUTOFSERV":null,"VACANT":null,"STATUS":null,"DATETIME":null,"SE_ANNO_CAD_DATA":"","SIGNID":null,"GlobalID":"2e00f91b-efff-47ea-ab76-8eda73d39a5c"}},{"type":"Feature","id":229855,"geometry":{"type":"Point","coordinates":[-122.304101814722,47.6175794936213]},"properties":{"OBJECTID":229855,"BUSLIC_ID":729857,"BUSLIC_LOCATION_ID":737201,"DEA_FACILITY_OWNER":null,"DEA_FACILITY_NAME":"DIAMOND PARKING A687","DEA_BUSINESS_CONTACT":"JONATHAN DIAMOND","DEA_BUSINESS_PHONE":"2062843100           ","DEA_FACILITY_ADDRESS":"1721 22ND AVE, SEATTLE, WA 98122","DEA_STALLS":17,"FAC_NAME":"DIAMOND PARKING A687","HRS_MONFRI":null,"HRS_SAT":null,"HRS_SUN":null,"FAC_TYPE":null,"RTE_1HR":null,"RTE_2HR":null,"RTE_3HR":null,"RTE_ALLDAY":null,"DISABLED":null,"OP_NAME":null,"OP_PHONE":null,"OP_PHONE2":null,"OP_WEB":null,"PAYMENT_TYPE":null,"OTHER":"N","WEBNAME":null,"REGIONID":null,"OUTOFSERV":null,"VACANT":null,"STATUS":null,"DATETIME":null,"SE_ANNO_CAD_DATA":"","SIGNID":null,"GlobalID":"56452548-a908-4e1e-bbf1-d7d8e34852d2"}},{"type":"Feature","id":229856,"geometry":{"type":"Point","coordinates":[-122.330974565772,47.6051760091435]},"properties":{"OBJECTID":229856,"BUSLIC_ID":728078,"BUSLIC_LOCATION_ID":735789,"DEA_FACILITY_OWNER":null,"DEA_FACILITY_NAME":"IPM 69 F5 TOWER","DEA_BUSINESS_CONTACT":"JOAN SUNDBERG","DEA_BUSINESS_PHONE":"2062540811           ","DEA_FACILITY_ADDRESS":"801 5TH AVE, SEATTLE, WA 98104","DEA_STALLS":301,"FAC_NAME":"IPM 69 F5 TOWER","HRS_MONFRI":null,"HRS_SAT":null,"HRS_SUN":null,"FAC_TYPE":null,"RTE_1HR":null,"RTE_2HR":null,"RTE_3HR":null,"RTE_ALLDAY":null,"DISABLED":null,"OP_NAME":null,"OP_PHONE":null,"OP_PHONE2":null,"OP_WEB":null,"PAYMENT_TYPE":null,"OTHER":"N","WEBNAME":null,"REGIONID":null,"OUTOFSERV":null,"VACANT":null,"STATUS":null,"DATETIME":null,"SE_ANNO_CAD_DATA":"","SIGNID":null,"GlobalID":"8c58dc83-c3f7-48b0-8ba4-4f07401b0537"}},{"type":"Feature","id":229857,"geometry":{"type":"Point","coordinates":[-122.330974565772,47.6051760091435]},"properties":{"OBJECTID":229857,"BUSLIC_ID":717321,"BUSLIC_LOCATION_ID":727151,"DEA_FACILITY_OWNER":null,"DEA_FACILITY_NAME":"F5 TOWER","DEA_BUSINESS_CONTACT":"KEVIN DANIELS","DEA_BUSINESS_PHONE":"2064895578           ","DEA_FACILITY_ADDRESS":"801 5TH AVE, SEATTLE, WA 98104","DEA_STALLS":217,"FAC_NAME":"F5 TOWER","HRS_MONFRI":null,"HRS_SAT":null,"HRS_SUN":null,"FAC_TYPE":null,"RTE_1HR":null,"RTE_2HR":null,"RTE_3HR":null,"RTE_ALLDAY":null,"DISABLED":null,"OP_NAME":null,"OP_PHONE":null,"OP_PHONE2":null,"OP_WEB":null,"PAYMENT_TYPE":null,"OTHER":"N","WEBNAME":null,"REGIONID":null,"OUTOFSERV":null,"VACANT":null,"STATUS":null,"DATETIME":null,"SE_ANNO_CAD_DATA":"","SIGNID":null,"GlobalID":"55cb0017-e04c-430e-baa9-fc940403a4f2"}},{"type":"Feature","id":229858,"geometry":{"type":"Point","coordinates":[-122.318919892574,47.6745585340766]},"properties":{"OBJECTID":229858,"BUSLIC_ID":714836,"BUSLIC_LOCATION_ID":725088,"DEA_FACILITY_OWNER":null,"DEA_FACILITY_NAME":"DIAMOND PARKING WX22","DEA_BUSINESS_CONTACT":"JONATHAN DIAMOND","DEA_BUSINESS_PHONE":"2062843100           ","DEA_FACILITY_ADDRESS":"6309 9TH AVE NE, SEATTLE, WA 98115","DEA_STALLS":55,"FAC_NAME":"DIAMOND PARKING WX22","HRS_MONFRI":null,"HRS_SAT":null,"HRS_SUN":null,"FAC_TYPE":null,"RTE_1HR":null,"RTE_2HR":null,"RTE_3HR":null,"RTE_ALLDAY":null,"DISABLED":null,"OP_NAME":null,"OP_PHONE":null,"OP_PHONE2":null,"OP_WEB":null,"PAYMENT_TYPE":null,"OTHER":"N","WEBNAME":null,"REGIONID":null,"OUTOFSERV":null,"VACANT":null,"STATUS":null,"DATETIME":null,"SE_ANNO_CAD_DATA":"","SIGNID":null,"GlobalID":"5af000c6-ae1f-45a8-bac9-a7d0730917fe"}},{"type":"Feature","id":229859,"geometry":{"type":"Point","coordinates":[-122.340635968302,47.6255157887708]},"properties":{"OBJECTID":229859,"BUSLIC_ID":670334,"BUSLIC_LOCATION_ID":582531,"DEA_FACILITY_OWNER":null,"DEA_FACILITY_NAME":"DIAMOND PARKING  A478","DEA_BUSINESS_CONTACT":"JONATHAN DIAMOND","DEA_BUSINESS_PHONE":"2062846303           ","DEA_FACILITY_ADDRESS":"802 ROY ST, SEATTLE, WA 98109","DEA_STALLS":165,"FAC_NAME":"DIAMOND PARKING  A478","HRS_MONFRI":null,"HRS_SAT":null,"HRS_SUN":null,"FAC_TYPE":null,"RTE_1HR":null,"RTE_2HR":null,"RTE_3HR":null,"RTE_ALLDAY":null,"DISABLED":null,"OP_NAME":null,"OP_PHONE":null,"OP_PHONE2":null,"OP_WEB":null,"PAYMENT_TYPE":null,"OTHER":"N","WEBNAME":null,"REGIONID":null,"OUTOFSERV":null,"VACANT":null,"STATUS":null,"DATETIME":null,"SE_ANNO_CAD_DATA":"","SIGNID":null,"GlobalID":"4d9a0589-599f-495b-9d80-0d06ed5a1fd2"}},{"type":"Feature","id":229860,"geometry":{"type":"Point","coordinates":[-122.316009130495,47.5933971052753]},"properties":{"OBJECTID":229860,"BUSLIC_ID":679188,"BUSLIC_LOCATION_ID":76138,"DEA_FACILITY_OWNER":null,"DEA_FACILITY_NAME":"REPUBLIC PARKING 30 211 PACIFICTOWER NORTH","DEA_BUSINESS_CONTACT":"GARY BECK","DEA_BUSINESS_PHONE":"2067834144           ","DEA_FACILITY_ADDRESS":"1131 14TH AVE S, SEATTLE, WA 98144","DEA_STALLS":211,"FAC_NAME":"REPUBLIC PARKING 30 211 PACIFICTOWER NORTH","HRS_MONFRI":null,"HRS_SAT":null,"HRS_SUN":null,"FAC_TYPE":null,"RTE_1HR":null,"RTE_2HR":null,"RTE_3HR":null,"RTE_ALLDAY":null,"DISABLED":null,"OP_NAME":null,"OP_PHONE":null,"OP_PHONE2":null,"OP_WEB":null,"PAYMENT_TYPE":null,"OTHER":"N","WEBNAME":null,"REGIONID":null,"OUTOFSERV":null,"VACANT":null,"STATUS":null,"DATETIME":null,"SE_ANNO_CAD_DATA":"","SIGNID":null,"GlobalID":"e02d8583-4f8b-4bb1-86f1-b144aa0dd11b"}},{"type":"Feature","id":229861,"geometry":{"type":"Point","coordinates":[-122.332911319123,47.6155792204483]},"properties":{"OBJECTID":229861,"BUSLIC_ID":722352,"BUSLIC_LOCATION_ID":731252,"DEA_FACILITY_OWNER":null,"DEA_FACILITY_NAME":"ACE PARKING MANAGEMENT INC","DEA_BUSINESS_CONTACT":"KEITH JONES","DEA_BUSINESS_PHONE":"6192236624           ","DEA_FACILITY_ADDRESS":"1815 TERRY AVE, SEATTLE, WA 98101","DEA_STALLS":110,"FAC_NAME":"ACE PARKING MANAGEMENT INC","HRS_MONFRI":null,"HRS_SAT":null,"HRS_SUN":null,"FAC_TYPE":null,"RTE_1HR":null,"RTE_2HR":null,"RTE_3HR":null,"RTE_ALLDAY":null,"DISABLED":null,"OP_NAME":null,"OP_PHONE":null,"OP_PHONE2":null,"OP_WEB":null,"PAYMENT_TYPE":null,"OTHER":"N","WEBNAME":null,"REGIONID":null,"OUTOFSERV":null,"VACANT":null,"STATUS":null,"DATETIME":null,"SE_ANNO_CAD_DATA":"","SIGNID":null,"GlobalID":"c028ad88-8115-4057-ad7d-62d287efc986"}},{"type":"Feature","id":229862,"geometry":{"type":"Point","coordinates":[-122.329165249746,47.6083523221102]},"properties":{"OBJECTID":229862,"BUSLIC_ID":603376,"BUSLIC_LOCATION_ID":645764,"DEA_FACILITY_OWNER":null,"DEA_FACILITY_NAME":"DIAMOND PARKING  A911","DEA_BUSINESS_CONTACT":"JONATHAN DIAMOND","DEA_BUSINESS_PHONE":"2062846303           ","DEA_FACILITY_ADDRESS":"1013 8TH AVE, SEATTLE, WA 98104","DEA_STALLS":10,"FAC_NAME":"DIAMOND PARKING  A911","HRS_MONFRI":null,"HRS_SAT":null,"HRS_SUN":null,"FAC_TYPE":null,"RTE_1HR":null,"RTE_2HR":null,"RTE_3HR":null,"RTE_ALLDAY":null,"DISABLED":null,"OP_NAME":null,"OP_PHONE":null,"OP_PHONE2":null,"OP_WEB":null,"PAYMENT_TYPE":null,"OTHER":"N","WEBNAME":null,"REGIONID":null,"OUTOFSERV":null,"VACANT":null,"STATUS":null,"DATETIME":null,"SE_ANNO_CAD_DATA":"","SIGNID":null,"GlobalID":"1efc6c5f-d4b4-45c0-a531-4ba03ef5e0e7"}},{"type":"Feature","id":229863,"geometry":{"type":"Point","coordinates":[-122.351786685578,47.625284505681]},"properties":{"OBJECTID":229863,"BUSLIC_ID":709442,"BUSLIC_LOCATION_ID":720870,"DEA_FACILITY_OWNER":null,"DEA_FACILITY_NAME":"DIAMOND PARKING  A658","DEA_BUSINESS_CONTACT":"JONATHAN DIAMOND","DEA_BUSINESS_PHONE":"2062843100           ","DEA_FACILITY_ADDRESS":"225 ROY ST, SEATTLE, WA 98109","DEA_STALLS":58,"FAC_NAME":"DIAMOND PARKING  A658","HRS_MONFRI":null,"HRS_SAT":null,"HRS_SUN":null,"FAC_TYPE":null,"RTE_1HR":null,"RTE_2HR":null,"RTE_3HR":null,"RTE_ALLDAY":null,"DISABLED":null,"OP_NAME":null,"OP_PHONE":null,"OP_PHONE2":null,"OP_WEB":null,"PAYMENT_TYPE":null,"OTHER":"N","WEBNAME":null,"REGIONID":null,"OUTOFSERV":null,"VACANT":null,"STATUS":null,"DATETIME":null,"SE_ANNO_CAD_DATA":"","SIGNID":null,"GlobalID":"00ca4e75-7ca2-4364-81f2-4b73731a2491"}},{"type":"Feature","id":229864,"geometry":{"type":"Point","coordinates":[-122.338551828464,47.6050429089776]},"properties":{"OBJECTID":229864,"BUSLIC_ID":83088,"BUSLIC_LOCATION_ID":76118,"DEA_FACILITY_OWNER":null,"DEA_FACILITY_NAME":"REPUBLIC PARKING 62 WATERFRONT PLACE 2","DEA_BUSINESS_CONTACT":"GARY BECK","DEA_BUSINESS_PHONE":"2067834144           ","DEA_FACILITY_ADDRESS":"1101 WESTERN AVE, SEATTLE, WA 98101","DEA_STALLS":132,"FAC_NAME":"REPUBLIC PARKING 62 WATERFRONT PLACE 2","HRS_MONFRI":null,"HRS_SAT":null,"HRS_SUN":null,"FAC_TYPE":null,"RTE_1HR":null,"RTE_2HR":null,"RTE_3HR":null,"RTE_ALLDAY":null,"DISABLED":null,"OP_NAME":null,"OP_PHONE":null,"OP_PHONE2":null,"OP_WEB":null,"PAYMENT_TYPE":null,"OTHER":"N","WEBNAME":null,"REGIONID":null,"OUTOFSERV":null,"VACANT":null,"STATUS":null,"DATETIME":null,"SE_ANNO_CAD_DATA":"","SIGNID":null,"GlobalID":"f0ed861d-4cc8-4520-a83b-d0584aec1648"}},{"type":"Feature","id":229865,"geometry":{"type":"Point","coordinates":[-122.330278934062,47.6057294091199]},"properties":{"OBJECTID":229865,"BUSLIC_ID":658620,"BUSLIC_LOCATION_ID":684560,"DEA_FACILITY_OWNER":"ABM ONSITE SERVICES WEST INC","DEA_FACILITY_NAME":"ABM PARKING #6141","DEA_BUSINESS_CONTACT":"YONAS AHMED","DEA_BUSINESS_PHONE":"2062670446           ","DEA_FACILITY_ADDRESS":"800 5TH AVE, SEATTLE, WA 98104","DEA_STALLS":496,"FAC_NAME":null,"HRS_MONFRI":null,"HRS_SAT":null,"HRS_SUN":null,"FAC_TYPE":null,"RTE_1HR":null,"RTE_2HR":null,"RTE_3HR":null,"RTE_ALLDAY":null,"DISABLED":null,"OP_NAME":null,"OP_PHONE":null,"OP_PHONE2":null,"OP_WEB":null,"PAYMENT_TYPE":null,"OTHER":"N","WEBNAME":"800 5th Ave GARAGE","REGIONID":26,"OUTOFSERV":"N","VACANT":388,"STATUS":"388","DATETIME":"Tue, 07 Jul 2020 10:18:19 GMT","SE_ANNO_CAD_DATA":"","SIGNID":"G23","GlobalID":"5c18c30e-6c9d-4c8a-add7-4b6b266ce819"}},{"type":"Feature","id":229866,"geometry":{"type":"Point","coordinates":[-122.335194456695,47.6028956586954]},"properties":{"OBJECTID":229866,"BUSLIC_ID":669339,"BUSLIC_LOCATION_ID":692447,"DEA_FACILITY_OWNER":"SP PLUS CORPORATION","DEA_FACILITY_NAME":"US BANK GARAGE","DEA_BUSINESS_CONTACT":"BILL BEATTIE","DEA_BUSINESS_PHONE":"2063818552           ","DEA_FACILITY_ADDRESS":"721 1ST AVE, SEATTLE, WA 98104","DEA_STALLS":503,"FAC_NAME":null,"HRS_MONFRI":"6:00am - 9:00pm","HRS_SAT":"10:00am - 2:30am","HRS_SUN":"10:00am - 10:00pm","FAC_TYPE":"GARAGE","RTE_1HR":"3","RTE_2HR":"6","RTE_3HR":"9","RTE_ALLDAY":null,"DISABLED":"7","OP_NAME":"Central","OP_PHONE":"(206) 624-1755","OP_PHONE2":null,"OP_WEB":"http://seattleparking.spplus.com/Seattle-721-1st-Avenue-Parking.html","PAYMENT_TYPE":null,"OTHER":"N","WEBNAME":"1ST & COLUMBIA GARAGE","REGIONID":15,"OUTOFSERV":"N","VACANT":652,"STATUS":"652","DATETIME":"Tue, 07 Jul 2020 10:18:19 GMT","SE_ANNO_CAD_DATA":"","SIGNID":"G16","GlobalID":"f76c5f36-f239-4da6-92ae-2ca5304f6e51"}},{"type":"Feature","id":229867,"geometry":{"type":"Point","coordinates":[-122.279838335154,47.5369142924931]},"properties":{"OBJECTID":229867,"BUSLIC_ID":725395,"BUSLIC_LOCATION_ID":733683,"DEA_FACILITY_OWNER":null,"DEA_FACILITY_NAME":"UNITED PARKING INC 4450","DEA_BUSINESS_CONTACT":"JONATHAN DIAMOND","DEA_BUSINESS_PHONE":"2062843100           ","DEA_FACILITY_ADDRESS":"4219 S OTHELLO ST, SEATTLE, WA 98118-3892","DEA_STALLS":85,"FAC_NAME":"UNITED PARKING INC 4450","HRS_MONFRI":null,"HRS_SAT":null,"HRS_SUN":null,"FAC_TYPE":null,"RTE_1HR":null,"RTE_2HR":null,"RTE_3HR":null,"RTE_ALLDAY":null,"DISABLED":null,"OP_NAME":null,"OP_PHONE":null,"OP_PHONE2":null,"OP_WEB":null,"PAYMENT_TYPE":null,"OTHER":"N","WEBNAME":null,"REGIONID":null,"OUTOFSERV":null,"VACANT":null,"STATUS":null,"DATETIME":null,"SE_ANNO_CAD_DATA":"","SIGNID":null,"GlobalID":"3b10cce4-8258-43d9-ba93-e6034a15eb8b"}},{"type":"Feature","id":229868,"geometry":{"type":"Point","coordinates":[-122.330986006339,47.5981207240777]},"properties":{"OBJECTID":229868,"BUSLIC_ID":728077,"BUSLIC_LOCATION_ID":735788,"DEA_FACILITY_OWNER":null,"DEA_FACILITY_NAME":"IPM 70 EMBASSY SUITES","DEA_BUSINESS_CONTACT":"JOAN SUNDBERG","DEA_BUSINESS_PHONE":"2062540811           ","DEA_FACILITY_ADDRESS":"255 S KING ST, SEATTLE, WA 98104-2832","DEA_STALLS":69,"FAC_NAME":"IPM 70 EMBASSY SUITES","HRS_MONFRI":null,"HRS_SAT":null,"HRS_SUN":null,"FAC_TYPE":null,"RTE_1HR":null,"RTE_2HR":null,"RTE_3HR":null,"RTE_ALLDAY":null,"DISABLED":null,"OP_NAME":null,"OP_PHONE":null,"OP_PHONE2":null,"OP_WEB":null,"PAYMENT_TYPE":null,"OTHER":"N","WEBNAME":null,"REGIONID":null,"OUTOFSERV":null,"VACANT":null,"STATUS":null,"DATETIME":null,"SE_ANNO_CAD_DATA":"","SIGNID":null,"GlobalID":"2206d12c-5247-4f2e-968c-b775e4216d0b"}},{"type":"Feature","id":229869,"geometry":{"type":"Point","coordinates":[-122.330986006339,47.5981207240777]},"properties":{"OBJECTID":229869,"BUSLIC_ID":728069,"BUSLIC_LOCATION_ID":735785,"DEA_FACILITY_OWNER":null,"DEA_FACILITY_NAME":"IPM 62 HAWK TOWER","DEA_BUSINESS_CONTACT":"JOAN SUNDBERG","DEA_BUSINESS_PHONE":"2062540811           ","DEA_FACILITY_ADDRESS":"255 S KING ST, SEATTLE, WA 98104-2832","DEA_STALLS":225,"FAC_NAME":"IPM 62 HAWK TOWER","HRS_MONFRI":null,"HRS_SAT":null,"HRS_SUN":null,"FAC_TYPE":null,"RTE_1HR":null,"RTE_2HR":null,"RTE_3HR":null,"RTE_ALLDAY":null,"DISABLED":null,"OP_NAME":null,"OP_PHONE":null,"OP_PHONE2":null,"OP_WEB":null,"PAYMENT_TYPE":null,"OTHER":"N","WEBNAME":null,"REGIONID":null,"OUTOFSERV":null,"VACANT":null,"STATUS":null,"DATETIME":null,"SE_ANNO_CAD_DATA":"","SIGNID":null,"GlobalID":"efd16951-29d3-46e3-8a97-cc61c3308e85"}},{"type":"Feature","id":229870,"geometry":{"type":"Point","coordinates":[-122.313730057946,47.6130843489628]},"properties":{"OBJECTID":229870,"BUSLIC_ID":614532,"BUSLIC_LOCATION_ID":653674,"DEA_FACILITY_OWNER":null,"DEA_FACILITY_NAME":"DIAMOND PARKING  A371","DEA_BUSINESS_CONTACT":"JONATHAN DIAMOND","DEA_BUSINESS_PHONE":"2062843100           ","DEA_FACILITY_ADDRESS":"1408 E UNION ST, SEATTLE, WA 98122-4131","DEA_STALLS":25,"FAC_NAME":"DIAMOND PARKING  A371","HRS_MONFRI":null,"HRS_SAT":null,"HRS_SUN":null,"FAC_TYPE":null,"RTE_1HR":null,"RTE_2HR":null,"RTE_3HR":null,"RTE_ALLDAY":null,"DISABLED":null,"OP_NAME":null,"OP_PHONE":null,"OP_PHONE2":null,"OP_WEB":null,"PAYMENT_TYPE":null,"OTHER":"N","WEBNAME":null,"REGIONID":null,"OUTOFSERV":null,"VACANT":null,"STATUS":null,"DATETIME":null,"SE_ANNO_CAD_DATA":"","SIGNID":null,"GlobalID":"c3bfd81d-fd1a-4e18-8578-ace7b247f181"}},{"type":"Feature","id":229871,"geometry":{"type":"Point","coordinates":[-122.328081416307,47.6072770243024]},"properties":{"OBJECTID":229871,"BUSLIC_ID":715446,"BUSLIC_LOCATION_ID":725609,"DEA_FACILITY_OWNER":null,"DEA_FACILITY_NAME":"DIAMOND PARKING SERVICES A970","DEA_BUSINESS_CONTACT":"JONATHAN DIAMOND","DEA_BUSINESS_PHONE":"2062843100           ","DEA_FACILITY_ADDRESS":"901 8TH AVE, SEATTLE, WA 98104","DEA_STALLS":10,"FAC_NAME":"DIAMOND PARKING SERVICES A970","HRS_MONFRI":null,"HRS_SAT":null,"HRS_SUN":null,"FAC_TYPE":null,"RTE_1HR":null,"RTE_2HR":null,"RTE_3HR":null,"RTE_ALLDAY":null,"DISABLED":null,"OP_NAME":null,"OP_PHONE":null,"OP_PHONE2":null,"OP_WEB":null,"PAYMENT_TYPE":null,"OTHER":"N","WEBNAME":null,"REGIONID":null,"OUTOFSERV":null,"VACANT":null,"STATUS":null,"DATETIME":null,"SE_ANNO_CAD_DATA":"","SIGNID":null,"GlobalID":"56f57202-10bd-4a36-8eef-aa0ffce3b9a5"}},{"type":"Feature","id":229872,"geometry":{"type":"Point","coordinates":[-122.321202350044,47.6237696582729]},"properties":{"OBJECTID":229872,"BUSLIC_ID":725390,"BUSLIC_LOCATION_ID":733676,"DEA_FACILITY_OWNER":null,"DEA_FACILITY_NAME":"UNITED PARKING INC 4446","DEA_BUSINESS_CONTACT":"JONATHAN DIAMOND","DEA_BUSINESS_PHONE":"2062843100           ","DEA_FACILITY_ADDRESS":"523 BROADWAY E, SEATTLE, WA 98102","DEA_STALLS":343,"FAC_NAME":"UNITED PARKING INC 4446","HRS_MONFRI":null,"HRS_SAT":null,"HRS_SUN":null,"FAC_TYPE":null,"RTE_1HR":null,"RTE_2HR":null,"RTE_3HR":null,"RTE_ALLDAY":null,"DISABLED":null,"OP_NAME":null,"OP_PHONE":null,"OP_PHONE2":null,"OP_WEB":null,"PAYMENT_TYPE":null,"OTHER":"N","WEBNAME":null,"REGIONID":null,"OUTOFSERV":null,"VACANT":null,"STATUS":null,"DATETIME":null,"SE_ANNO_CAD_DATA":"","SIGNID":null,"GlobalID":"8a339462-20ee-462b-b17d-60c9f3aca14e"}},{"type":"Feature","id":229873,"geometry":{"type":"Point","coordinates":[-122.34823324196,47.6491216038043]},"properties":{"OBJECTID":229873,"BUSLIC_ID":634260,"BUSLIC_LOCATION_ID":4572,"DEA_FACILITY_OWNER":null,"DEA_FACILITY_NAME":"U PARK 68","DEA_BUSINESS_CONTACT":"KEN JR PHILLIPS","DEA_BUSINESS_PHONE":"2062849797           ","DEA_FACILITY_ADDRESS":"737 N 34TH ST, SEATTLE, WA 98103","DEA_STALLS":31,"FAC_NAME":"U PARK 68","HRS_MONFRI":null,"HRS_SAT":null,"HRS_SUN":null,"FAC_TYPE":null,"RTE_1HR":null,"RTE_2HR":null,"RTE_3HR":null,"RTE_ALLDAY":null,"DISABLED":null,"OP_NAME":null,"OP_PHONE":null,"OP_PHONE2":null,"OP_WEB":null,"PAYMENT_TYPE":null,"OTHER":"N","WEBNAME":null,"REGIONID":null,"OUTOFSERV":null,"VACANT":null,"STATUS":null,"DATETIME":null,"SE_ANNO_CAD_DATA":"","SIGNID":null,"GlobalID":"9ba0c0b1-e8ba-42e0-8e5b-243ab60daa10"}},{"type":"Feature","id":229874,"geometry":{"type":"Point","coordinates":[-122.333904009883,47.5761937379125]},"properties":{"OBJECTID":229874,"BUSLIC_ID":617173,"BUSLIC_LOCATION_ID":655277,"DEA_FACILITY_OWNER":null,"DEA_FACILITY_NAME":"DIAMOND PARKING  A071","DEA_BUSINESS_CONTACT":"JONATHAN DIAMOND","DEA_BUSINESS_PHONE":"2062813100           ","DEA_FACILITY_ADDRESS":"2944 1ST AVE S, SEATTLE, WA 98134","DEA_STALLS":24,"FAC_NAME":"DIAMOND PARKING  A071","HRS_MONFRI":null,"HRS_SAT":null,"HRS_SUN":null,"FAC_TYPE":null,"RTE_1HR":null,"RTE_2HR":null,"RTE_3HR":null,"RTE_ALLDAY":null,"DISABLED":null,"OP_NAME":null,"OP_PHONE":null,"OP_PHONE2":null,"OP_WEB":null,"PAYMENT_TYPE":null,"OTHER":"N","WEBNAME":null,"REGIONID":null,"OUTOFSERV":null,"VACANT":null,"STATUS":null,"DATETIME":null,"SE_ANNO_CAD_DATA":"","SIGNID":null,"GlobalID":"b7313d08-6272-4b79-817e-4d3687f9d2ad"}},{"type":"Feature","id":229875,"geometry":{"type":"Point","coordinates":[-122.333855904368,47.5763893681385]},"properties":{"OBJECTID":229875,"BUSLIC_ID":727339,"BUSLIC_LOCATION_ID":735207,"DEA_FACILITY_OWNER":null,"DEA_FACILITY_NAME":"DIAMOND PARKING SERVICES A684","DEA_BUSINESS_CONTACT":"JONATHAN DIAMOND","DEA_BUSINESS_PHONE":"2062843100           ","DEA_FACILITY_ADDRESS":"2942 1ST AVE S, SEATTLE, WA 98134","DEA_STALLS":18,"FAC_NAME":"DIAMOND PARKING SERVICES A684","HRS_MONFRI":null,"HRS_SAT":null,"HRS_SUN":null,"FAC_TYPE":null,"RTE_1HR":null,"RTE_2HR":null,"RTE_3HR":null,"RTE_ALLDAY":null,"DISABLED":null,"OP_NAME":null,"OP_PHONE":null,"OP_PHONE2":null,"OP_WEB":null,"PAYMENT_TYPE":null,"OTHER":"N","WEBNAME":null,"REGIONID":null,"OUTOFSERV":null,"VACANT":null,"STATUS":null,"DATETIME":null,"SE_ANNO_CAD_DATA":"","SIGNID":null,"GlobalID":"4b696504-3bcf-443c-9c96-cdb4d11bfe9a"}},{"type":"Feature","id":229876,"geometry":{"type":"Point","coordinates":[-122.314405370211,47.6146121356837]},"properties":{"OBJECTID":229876,"BUSLIC_ID":653527,"BUSLIC_LOCATION_ID":681148,"DEA_FACILITY_OWNER":null,"DEA_FACILITY_NAME":"UNITED PARKING  4597","DEA_BUSINESS_CONTACT":"JONATHAN DIAMOND","DEA_BUSINESS_PHONE":"2062843100           ","DEA_FACILITY_ADDRESS":"1515 14TH AVE, SEATTLE, WA 98122","DEA_STALLS":76,"FAC_NAME":"UNITED PARKING  4597","HRS_MONFRI":null,"HRS_SAT":null,"HRS_SUN":null,"FAC_TYPE":null,"RTE_1HR":null,"RTE_2HR":null,"RTE_3HR":null,"RTE_ALLDAY":null,"DISABLED":null,"OP_NAME":null,"OP_PHONE":null,"OP_PHONE2":null,"OP_WEB":null,"PAYMENT_TYPE":null,"OTHER":"N","WEBNAME":null,"REGIONID":null,"OUTOFSERV":null,"VACANT":null,"STATUS":null,"DATETIME":null,"SE_ANNO_CAD_DATA":"","SIGNID":null,"GlobalID":"95cb5acc-9a6b-461c-8bc3-029b5007d2cd"}},{"type":"Feature","id":229877,"geometry":{"type":"Point","coordinates":[-122.30874940766,47.5993823734978]},"properties":{"OBJECTID":229877,"BUSLIC_ID":585891,"BUSLIC_LOCATION_ID":633197,"DEA_FACILITY_OWNER":null,"DEA_FACILITY_NAME":"UNITED PARKING  4545","DEA_BUSINESS_CONTACT":"JONATHAN DIAMOND","DEA_BUSINESS_PHONE":"2062846303           ","DEA_FACILITY_ADDRESS":"1800 S JACKSON ST, SEATTLE, WA 98144-2176","DEA_STALLS":51,"FAC_NAME":"UNITED PARKING  4545","HRS_MONFRI":null,"HRS_SAT":null,"HRS_SUN":null,"FAC_TYPE":null,"RTE_1HR":null,"RTE_2HR":null,"RTE_3HR":null,"RTE_ALLDAY":null,"DISABLED":null,"OP_NAME":null,"OP_PHONE":null,"OP_PHONE2":null,"OP_WEB":null,"PAYMENT_TYPE":null,"OTHER":"N","WEBNAME":null,"REGIONID":null,"OUTOFSERV":null,"VACANT":null,"STATUS":null,"DATETIME":null,"SE_ANNO_CAD_DATA":"","SIGNID":null,"GlobalID":"b0c5cd32-9208-478c-b9b1-bfaf55df4474"}},{"type":"Feature","id":229878,"geometry":{"type":"Point","coordinates":[-122.346406062705,47.6119302783006]},"properties":{"OBJECTID":229878,"BUSLIC_ID":594353,"BUSLIC_LOCATION_ID":639409,"DEA_FACILITY_OWNER":null,"DEA_FACILITY_NAME":" 30 130 BLANCHARD LOT","DEA_BUSINESS_CONTACT":"GARY BECK","DEA_BUSINESS_PHONE":"2067834144           ","DEA_FACILITY_ADDRESS":"50 BLANCHARD ST, SEATTLE, WA 98101","DEA_STALLS":77,"FAC_NAME":" 30 130 BLANCHARD LOT","HRS_MONFRI":null,"HRS_SAT":null,"HRS_SUN":null,"FAC_TYPE":null,"RTE_1HR":null,"RTE_2HR":null,"RTE_3HR":null,"RTE_ALLDAY":null,"DISABLED":null,"OP_NAME":null,"OP_PHONE":null,"OP_PHONE2":null,"OP_WEB":null,"PAYMENT_TYPE":null,"OTHER":"N","WEBNAME":null,"REGIONID":null,"OUTOFSERV":null,"VACANT":null,"STATUS":null,"DATETIME":null,"SE_ANNO_CAD_DATA":"","SIGNID":null,"GlobalID":"7c3b2d07-f31d-4f6b-b819-332475444cb4"}},{"type":"Feature","id":229879,"geometry":{"type":"Point","coordinates":[-122.344678840508,47.61275832021]},"properties":{"OBJECTID":229879,"BUSLIC_ID":533079,"BUSLIC_LOCATION_ID":594278,"DEA_FACILITY_OWNER":null,"DEA_FACILITY_NAME":"KEY PARK NORTHWEST  86","DEA_BUSINESS_CONTACT":"GERALD FISH","DEA_BUSINESS_PHONE":"2064438400           ","DEA_FACILITY_ADDRESS":"105 BLANCHARD ST, SEATTLE, WA 98121","DEA_STALLS":12,"FAC_NAME":"KEY PARK NORTHWEST  86","HRS_MONFRI":null,"HRS_SAT":null,"HRS_SUN":null,"FAC_TYPE":null,"RTE_1HR":null,"RTE_2HR":null,"RTE_3HR":null,"RTE_ALLDAY":null,"DISABLED":null,"OP_NAME":null,"OP_PHONE":null,"OP_PHONE2":null,"OP_WEB":null,"PAYMENT_TYPE":null,"OTHER":"N","WEBNAME":null,"REGIONID":null,"OUTOFSERV":null,"VACANT":null,"STATUS":null,"DATETIME":null,"SE_ANNO_CAD_DATA":"","SIGNID":null,"GlobalID":"144e05be-2e4b-4ca0-849c-cf28d7d04fbb"}},{"type":"Feature","id":229880,"geometry":{"type":"Point","coordinates":[-122.313975386429,47.6589915226977]},"properties":{"OBJECTID":229880,"BUSLIC_ID":57580,"BUSLIC_LOCATION_ID":52869,"DEA_FACILITY_OWNER":null,"DEA_FACILITY_NAME":"U DISTRICT PARKING LOT 3","DEA_BUSINESS_CONTACT":null,"DEA_BUSINESS_PHONE":"2065277006           ","DEA_FACILITY_ADDRESS":"4220 BROOKLYN AVE NE, SEATTLE, WA 98105","DEA_STALLS":76,"FAC_NAME":"U DISTRICT PARKING LOT 3","HRS_MONFRI":null,"HRS_SAT":null,"HRS_SUN":null,"FAC_TYPE":null,"RTE_1HR":null,"RTE_2HR":null,"RTE_3HR":null,"RTE_ALLDAY":null,"DISABLED":null,"OP_NAME":null,"OP_PHONE":null,"OP_PHONE2":null,"OP_WEB":null,"PAYMENT_TYPE":null,"OTHER":"N","WEBNAME":null,"REGIONID":null,"OUTOFSERV":null,"VACANT":null,"STATUS":null,"DATETIME":null,"SE_ANNO_CAD_DATA":"","SIGNID":null,"GlobalID":"abdcc8e4-625f-41aa-9947-27eef86f8fad"}},{"type":"Feature","id":229881,"geometry":{"type":"Point","coordinates":[-122.352786823765,47.6179207866278]},"properties":{"OBJECTID":229881,"BUSLIC_ID":534750,"BUSLIC_LOCATION_ID":593896,"DEA_FACILITY_OWNER":null,"DEA_FACILITY_NAME":"DIAMOND PARKING A021","DEA_BUSINESS_CONTACT":"JONATHAN DIAMOND","DEA_BUSINESS_PHONE":"2062843100           ","DEA_FACILITY_ADDRESS":"2929 2ND AVE, SEATTLE, WA 98121","DEA_STALLS":28,"FAC_NAME":"DIAMOND PARKING A021","HRS_MONFRI":null,"HRS_SAT":null,"HRS_SUN":null,"FAC_TYPE":null,"RTE_1HR":null,"RTE_2HR":null,"RTE_3HR":null,"RTE_ALLDAY":null,"DISABLED":null,"OP_NAME":null,"OP_PHONE":null,"OP_PHONE2":null,"OP_WEB":null,"PAYMENT_TYPE":null,"OTHER":"N","WEBNAME":null,"REGIONID":null,"OUTOFSERV":null,"VACANT":null,"STATUS":null,"DATETIME":null,"SE_ANNO_CAD_DATA":"","SIGNID":null,"GlobalID":"2b643b5c-cd65-44ea-845b-5cc97180ef9b"}},{"type":"Feature","id":229882,"geometry":{"type":"Point","coordinates":[-122.348349969079,47.6129721440367]},"properties":{"OBJECTID":229882,"BUSLIC_ID":5527,"BUSLIC_LOCATION_ID":4606,"DEA_FACILITY_OWNER":null,"DEA_FACILITY_NAME":"U PARK 102","DEA_BUSINESS_CONTACT":"KEN JR PHILLIPS","DEA_BUSINESS_PHONE":"2319349797           ","DEA_FACILITY_ADDRESS":"2317 WESTERN AVE, SEATTLE, WA 98121","DEA_STALLS":28,"FAC_NAME":"U PARK 102","HRS_MONFRI":null,"HRS_SAT":null,"HRS_SUN":null,"FAC_TYPE":null,"RTE_1HR":null,"RTE_2HR":null,"RTE_3HR":null,"RTE_ALLDAY":null,"DISABLED":null,"OP_NAME":null,"OP_PHONE":null,"OP_PHONE2":null,"OP_WEB":null,"PAYMENT_TYPE":null,"OTHER":"N","WEBNAME":null,"REGIONID":null,"OUTOFSERV":null,"VACANT":null,"STATUS":null,"DATETIME":null,"SE_ANNO_CAD_DATA":"","SIGNID":null,"GlobalID":"65c39845-a1cf-4b13-894e-c6f8befc4c91"}},{"type":"Feature","id":229883,"geometry":{"type":"Point","coordinates":[-122.338136880208,47.6213110880798]},"properties":{"OBJECTID":229883,"BUSLIC_ID":556292,"BUSLIC_LOCATION_ID":611425,"DEA_FACILITY_OWNER":null,"DEA_FACILITY_NAME":"WESTLAKE & TERRY GARAGE 81394","DEA_BUSINESS_CONTACT":"BILL BEATTIE","DEA_BUSINESS_PHONE":"2066247040           ","DEA_FACILITY_ADDRESS":"320 WESTLAKE AVE N, SEATTLE, WA 98109-5232","DEA_STALLS":452,"FAC_NAME":"WESTLAKE & TERRY GARAGE 81394","HRS_MONFRI":null,"HRS_SAT":null,"HRS_SUN":null,"FAC_TYPE":null,"RTE_1HR":null,"RTE_2HR":null,"RTE_3HR":null,"RTE_ALLDAY":null,"DISABLED":null,"OP_NAME":null,"OP_PHONE":null,"OP_PHONE2":null,"OP_WEB":null,"PAYMENT_TYPE":null,"OTHER":"N","WEBNAME":null,"REGIONID":null,"OUTOFSERV":null,"VACANT":null,"STATUS":null,"DATETIME":null,"SE_ANNO_CAD_DATA":"","SIGNID":null,"GlobalID":"b1780569-2037-4712-91b6-7ebf6c38b8a3"}},{"type":"Feature","id":229884,"geometry":{"type":"Point","coordinates":[-122.341998425045,47.6241902612846]},"properties":{"OBJECTID":229884,"BUSLIC_ID":599003,"BUSLIC_LOCATION_ID":642579,"DEA_FACILITY_OWNER":null,"DEA_FACILITY_NAME":"SEATTLE HUB 41853 CHECKING ONLY","DEA_BUSINESS_CONTACT":"BILL BEATTIE","DEA_BUSINESS_PHONE":"2066247040           ","DEA_FACILITY_ADDRESS":"530 DEXTER AVE N, SEATTLE, WA 98109-4710","DEA_STALLS":0,"FAC_NAME":"SEATTLE HUB 41853 CHECKING ONLY","HRS_MONFRI":null,"HRS_SAT":null,"HRS_SUN":null,"FAC_TYPE":null,"RTE_1HR":null,"RTE_2HR":null,"RTE_3HR":null,"RTE_ALLDAY":null,"DISABLED":null,"OP_NAME":null,"OP_PHONE":null,"OP_PHONE2":null,"OP_WEB":null,"PAYMENT_TYPE":null,"OTHER":"N","WEBNAME":null,"REGIONID":null,"OUTOFSERV":null,"VACANT":null,"STATUS":null,"DATETIME":null,"SE_ANNO_CAD_DATA":"","SIGNID":null,"GlobalID":"2aed23b5-b520-47fb-a5e2-2be0b67ee440"}},{"type":"Feature","id":229885,"geometry":{"type":"Point","coordinates":[-122.332035796898,47.5932139434826]},"properties":{"OBJECTID":229885,"BUSLIC_ID":449212,"BUSLIC_LOCATION_ID":533688,"DEA_FACILITY_OWNER":null,"DEA_FACILITY_NAME":"STADIUM EXHIBITION CENTER GARAGE","DEA_BUSINESS_CONTACT":"PAUL ALLEN","DEA_BUSINESS_PHONE":"2065551212           ","DEA_FACILITY_ADDRESS":"1000 OCCIDENTAL AVE S, SEATTLE, WA 98104","DEA_STALLS":2050,"FAC_NAME":"STADIUM EXHIBITION CENTER GARAGE","HRS_MONFRI":null,"HRS_SAT":null,"HRS_SUN":null,"FAC_TYPE":null,"RTE_1HR":null,"RTE_2HR":null,"RTE_3HR":null,"RTE_ALLDAY":null,"DISABLED":null,"OP_NAME":null,"OP_PHONE":null,"OP_PHONE2":null,"OP_WEB":null,"PAYMENT_TYPE":null,"OTHER":"N","WEBNAME":null,"REGIONID":null,"OUTOFSERV":null,"VACANT":null,"STATUS":null,"DATETIME":null,"SE_ANNO_CAD_DATA":"","SIGNID":null,"GlobalID":"5b5ff46b-cf31-4ea5-b2e4-34b14de5dc89"}},{"type":"Feature","id":229886,"geometry":{"type":"Point","coordinates":[-122.341349125125,47.6235137436925]},"properties":{"OBJECTID":229886,"BUSLIC_ID":724926,"BUSLIC_LOCATION_ID":733290,"DEA_FACILITY_OWNER":null,"DEA_FACILITY_NAME":"IMPARK 123","DEA_BUSINESS_CONTACT":"EDWARD DANYLUK","DEA_BUSINESS_PHONE":"2063811789           ","DEA_FACILITY_ADDRESS":"750 REPUBLICAN ST, SEATTLE, WA 98109","DEA_STALLS":65,"FAC_NAME":"IMPARK 123","HRS_MONFRI":null,"HRS_SAT":null,"HRS_SUN":null,"FAC_TYPE":null,"RTE_1HR":null,"RTE_2HR":null,"RTE_3HR":null,"RTE_ALLDAY":null,"DISABLED":null,"OP_NAME":null,"OP_PHONE":null,"OP_PHONE2":null,"OP_WEB":null,"PAYMENT_TYPE":null,"OTHER":"N","WEBNAME":null,"REGIONID":null,"OUTOFSERV":null,"VACANT":null,"STATUS":null,"DATETIME":null,"SE_ANNO_CAD_DATA":"","SIGNID":null,"GlobalID":"68e7b970-672d-426a-9abc-7486a86dde40"}},{"type":"Feature","id":229887,"geometry":{"type":"Point","coordinates":[-122.325400690971,47.5998442293928]},"properties":{"OBJECTID":229887,"BUSLIC_ID":722617,"BUSLIC_LOCATION_ID":731464,"DEA_FACILITY_OWNER":null,"DEA_FACILITY_NAME":"DIAMOND PARKING SERVICES A676","DEA_BUSINESS_CONTACT":"JONATHAN DIAMOND","DEA_BUSINESS_PHONE":"2062843100           ","DEA_FACILITY_ADDRESS":"649 S MAIN ST, SEATTLE, WA 98104","DEA_STALLS":45,"FAC_NAME":"DIAMOND PARKING SERVICES A676","HRS_MONFRI":null,"HRS_SAT":null,"HRS_SUN":null,"FAC_TYPE":null,"RTE_1HR":null,"RTE_2HR":null,"RTE_3HR":null,"RTE_ALLDAY":null,"DISABLED":null,"OP_NAME":null,"OP_PHONE":null,"OP_PHONE2":null,"OP_WEB":null,"PAYMENT_TYPE":null,"OTHER":"N","WEBNAME":null,"REGIONID":null,"OUTOFSERV":null,"VACANT":null,"STATUS":null,"DATETIME":null,"SE_ANNO_CAD_DATA":"","SIGNID":null,"GlobalID":"62f06b6a-c952-4cef-82ea-d3afdf2f8136"}},{"type":"Feature","id":229888,"geometry":{"type":"Point","coordinates":[-122.333725948437,47.5867979212414]},"properties":{"OBJECTID":229888,"BUSLIC_ID":591060,"BUSLIC_LOCATION_ID":637115,"DEA_FACILITY_OWNER":null,"DEA_FACILITY_NAME":"DIAMOND PARKING  A994","DEA_BUSINESS_CONTACT":"JONATHAN DIAMOND","DEA_BUSINESS_PHONE":"2062843100           ","DEA_FACILITY_ADDRESS":"1746 1ST AVE S, SEATTLE, WA 98134","DEA_STALLS":48,"FAC_NAME":"DIAMOND PARKING  A994","HRS_MONFRI":null,"HRS_SAT":null,"HRS_SUN":null,"FAC_TYPE":null,"RTE_1HR":null,"RTE_2HR":null,"RTE_3HR":null,"RTE_ALLDAY":null,"DISABLED":null,"OP_NAME":null,"OP_PHONE":null,"OP_PHONE2":null,"OP_WEB":null,"PAYMENT_TYPE":null,"OTHER":"N","WEBNAME":null,"REGIONID":null,"OUTOFSERV":null,"VACANT":null,"STATUS":null,"DATETIME":null,"SE_ANNO_CAD_DATA":"","SIGNID":null,"GlobalID":"47e41ab8-f6da-486d-8274-e515dea8586a"}},{"type":"Feature","id":229889,"geometry":{"type":"Point","coordinates":[-122.360720888672,47.6237143271743]},"properties":{"OBJECTID":229889,"BUSLIC_ID":588418,"BUSLIC_LOCATION_ID":635156,"DEA_FACILITY_OWNER":null,"DEA_FACILITY_NAME":"DIAMOND PARKING  A043","DEA_BUSINESS_CONTACT":"JONATHAN DIAMOND","DEA_BUSINESS_PHONE":"2066846303           ","DEA_FACILITY_ADDRESS":"523 3RD AVE W, SEATTLE, WA 98119","DEA_STALLS":60,"FAC_NAME":"DIAMOND PARKING  A043","HRS_MONFRI":null,"HRS_SAT":null,"HRS_SUN":null,"FAC_TYPE":null,"RTE_1HR":null,"RTE_2HR":null,"RTE_3HR":null,"RTE_ALLDAY":null,"DISABLED":null,"OP_NAME":null,"OP_PHONE":null,"OP_PHONE2":null,"OP_WEB":null,"PAYMENT_TYPE":null,"OTHER":"N","WEBNAME":null,"REGIONID":null,"OUTOFSERV":null,"VACANT":null,"STATUS":null,"DATETIME":null,"SE_ANNO_CAD_DATA":"","SIGNID":null,"GlobalID":"8ab6af51-1fa2-4e67-a05f-6ab0c8cb8b67"}},{"type":"Feature","id":229890,"geometry":{"type":"Point","coordinates":[-122.328574381666,47.5994093451943]},"properties":{"OBJECTID":229890,"BUSLIC_ID":731302,"BUSLIC_LOCATION_ID":738297,"DEA_FACILITY_OWNER":null,"DEA_FACILITY_NAME":"A691","DEA_BUSINESS_CONTACT":"JONATHAN DIAMOND","DEA_BUSINESS_PHONE":"2062843100           ","DEA_FACILITY_ADDRESS":"400 S JACKSON, SEATTLE, WA 98104","DEA_STALLS":30,"FAC_NAME":"A691","HRS_MONFRI":null,"HRS_SAT":null,"HRS_SUN":null,"FAC_TYPE":null,"RTE_1HR":null,"RTE_2HR":null,"RTE_3HR":null,"RTE_ALLDAY":null,"DISABLED":null,"OP_NAME":null,"OP_PHONE":null,"OP_PHONE2":null,"OP_WEB":null,"PAYMENT_TYPE":null,"OTHER":"N","WEBNAME":null,"REGIONID":null,"OUTOFSERV":null,"VACANT":null,"STATUS":null,"DATETIME":null,"SE_ANNO_CAD_DATA":"","SIGNID":null,"GlobalID":"dcdc3e3b-b628-4eda-81f2-0201bcf70eec"}},{"type":"Feature","id":229891,"geometry":{"type":"Point","coordinates":[-122.31571559857,47.6155417132318]},"properties":{"OBJECTID":229891,"BUSLIC_ID":648113,"BUSLIC_LOCATION_ID":676954,"DEA_FACILITY_OWNER":null,"DEA_FACILITY_NAME":"DIAMOND PARKING  A440","DEA_BUSINESS_CONTACT":"JONATHAN DIAMOND","DEA_BUSINESS_PHONE":"2062843100           ","DEA_FACILITY_ADDRESS":"1601 13TH AVE, SEATTLE, WA 98122","DEA_STALLS":14,"FAC_NAME":"DIAMOND PARKING  A440","HRS_MONFRI":null,"HRS_SAT":null,"HRS_SUN":null,"FAC_TYPE":null,"RTE_1HR":null,"RTE_2HR":null,"RTE_3HR":null,"RTE_ALLDAY":null,"DISABLED":null,"OP_NAME":null,"OP_PHONE":null,"OP_PHONE2":null,"OP_WEB":null,"PAYMENT_TYPE":null,"OTHER":"N","WEBNAME":null,"REGIONID":null,"OUTOFSERV":null,"VACANT":null,"STATUS":null,"DATETIME":null,"SE_ANNO_CAD_DATA":"","SIGNID":null,"GlobalID":"d983ad26-21ab-4424-b5d1-341cb5c1fc86"}},{"type":"Feature","id":229892,"geometry":{"type":"Point","coordinates":[-122.335534347944,47.6210675079735]},"properties":{"OBJECTID":229892,"BUSLIC_ID":698953,"BUSLIC_LOCATION_ID":713230,"DEA_FACILITY_OWNER":null,"DEA_FACILITY_NAME":"TROYBLOCK 82616","DEA_BUSINESS_CONTACT":"BILL BEATTIE","DEA_BUSINESS_PHONE":"2063818552           ","DEA_FACILITY_ADDRESS":"300 BOREN AVE N, SEATTLE, WA 98109-5305","DEA_STALLS":1109,"FAC_NAME":"TROYBLOCK 82616","HRS_MONFRI":null,"HRS_SAT":null,"HRS_SUN":null,"FAC_TYPE":null,"RTE_1HR":null,"RTE_2HR":null,"RTE_3HR":null,"RTE_ALLDAY":null,"DISABLED":null,"OP_NAME":null,"OP_PHONE":null,"OP_PHONE2":null,"OP_WEB":null,"PAYMENT_TYPE":null,"OTHER":"N","WEBNAME":null,"REGIONID":null,"OUTOFSERV":null,"VACANT":null,"STATUS":null,"DATETIME":null,"SE_ANNO_CAD_DATA":"","SIGNID":null,"GlobalID":"82fb3c47-0e96-4e83-bed3-bd09aa0b9fb9"}},{"type":"Feature","id":229893,"geometry":{"type":"Point","coordinates":[-122.353609249651,47.6907910772433]},"properties":{"OBJECTID":229893,"BUSLIC_ID":710025,"BUSLIC_LOCATION_ID":721329,"DEA_FACILITY_OWNER":null,"DEA_FACILITY_NAME":"PLATINUM PARKING  BOA   116001","DEA_BUSINESS_CONTACT":"SUSAN HOVER","DEA_BUSINESS_PHONE":"2064550508           ","DEA_FACILITY_ADDRESS":"404 N 85TH ST, SEATTLE, WA 98103","DEA_STALLS":36,"FAC_NAME":"PLATINUM PARKING  BOA   116001","HRS_MONFRI":null,"HRS_SAT":null,"HRS_SUN":null,"FAC_TYPE":null,"RTE_1HR":null,"RTE_2HR":null,"RTE_3HR":null,"RTE_ALLDAY":null,"DISABLED":null,"OP_NAME":null,"OP_PHONE":null,"OP_PHONE2":null,"OP_WEB":null,"PAYMENT_TYPE":null,"OTHER":"N","WEBNAME":null,"REGIONID":null,"OUTOFSERV":null,"VACANT":null,"STATUS":null,"DATETIME":null,"SE_ANNO_CAD_DATA":"","SIGNID":null,"GlobalID":"6c89ae57-0f27-4465-b1a5-5e9f75f44d75"}},{"type":"Feature","id":229894,"geometry":{"type":"Point","coordinates":[-122.354987649067,47.690770602516]},"properties":{"OBJECTID":229894,"BUSLIC_ID":591251,"BUSLIC_LOCATION_ID":637246,"DEA_FACILITY_OWNER":null,"DEA_FACILITY_NAME":"DIAMOND PARKING  WU65","DEA_BUSINESS_CONTACT":"JONATHAN DIAMOND","DEA_BUSINESS_PHONE":"2062843100           ","DEA_FACILITY_ADDRESS":"8500 GREENWOOD AVE N, SEATTLE, WA 98103","DEA_STALLS":43,"FAC_NAME":"DIAMOND PARKING  WU65","HRS_MONFRI":null,"HRS_SAT":null,"HRS_SUN":null,"FAC_TYPE":null,"RTE_1HR":null,"RTE_2HR":null,"RTE_3HR":null,"RTE_ALLDAY":null,"DISABLED":null,"OP_NAME":null,"OP_PHONE":null,"OP_PHONE2":null,"OP_WEB":null,"PAYMENT_TYPE":null,"OTHER":"N","WEBNAME":null,"REGIONID":null,"OUTOFSERV":null,"VACANT":null,"STATUS":null,"DATETIME":null,"SE_ANNO_CAD_DATA":"","SIGNID":null,"GlobalID":"7ebf6c00-d894-4471-9a50-3fff3fc30239"}},{"type":"Feature","id":229895,"geometry":{"type":"Point","coordinates":[-122.354878806558,47.6922617424538]},"properties":{"OBJECTID":229895,"BUSLIC_ID":686985,"BUSLIC_LOCATION_ID":76140,"DEA_FACILITY_OWNER":null,"DEA_FACILITY_NAME":"REPUBLIC PARKING 30 34 NORTH STAR DINER","DEA_BUSINESS_CONTACT":"GARY BECK","DEA_BUSINESS_PHONE":"2067834144           ","DEA_FACILITY_ADDRESS":"8580 GREENWOOD AVE N, SEATTLE, WA 98103","DEA_STALLS":189,"FAC_NAME":"REPUBLIC PARKING 30 34 NORTH STAR DINER","HRS_MONFRI":null,"HRS_SAT":null,"HRS_SUN":null,"FAC_TYPE":null,"RTE_1HR":null,"RTE_2HR":null,"RTE_3HR":null,"RTE_ALLDAY":null,"DISABLED":null,"OP_NAME":null,"OP_PHONE":null,"OP_PHONE2":null,"OP_WEB":null,"PAYMENT_TYPE":null,"OTHER":"N","WEBNAME":null,"REGIONID":null,"OUTOFSERV":null,"VACANT":null,"STATUS":null,"DATETIME":null,"SE_ANNO_CAD_DATA":"","SIGNID":null,"GlobalID":"8af0ebf2-8734-4b9b-a7d2-2ba176137eeb"}},{"type":"Feature","id":229896,"geometry":{"type":"Point","coordinates":[-122.356447529196,47.6904642297993]},"properties":{"OBJECTID":229896,"BUSLIC_ID":714787,"BUSLIC_LOCATION_ID":725048,"DEA_FACILITY_OWNER":null,"DEA_FACILITY_NAME":"DIAMOND PARKING WX21","DEA_BUSINESS_CONTACT":"JONATHAN DIAMOND","DEA_BUSINESS_PHONE":"2062843100           ","DEA_FACILITY_ADDRESS":"201 N 85TH ST, SEATTLE, WA 98103","DEA_STALLS":12,"FAC_NAME":"DIAMOND PARKING WX21","HRS_MONFRI":null,"HRS_SAT":null,"HRS_SUN":null,"FAC_TYPE":null,"RTE_1HR":null,"RTE_2HR":null,"RTE_3HR":null,"RTE_ALLDAY":null,"DISABLED":null,"OP_NAME":null,"OP_PHONE":null,"OP_PHONE2":null,"OP_WEB":null,"PAYMENT_TYPE":null,"OTHER":"N","WEBNAME":null,"REGIONID":null,"OUTOFSERV":null,"VACANT":null,"STATUS":null,"DATETIME":null,"SE_ANNO_CAD_DATA":"","SIGNID":null,"GlobalID":"a59f8eb0-4e84-49aa-95e6-3dbfe6eeb8b6"}},{"type":"Feature","id":229897,"geometry":{"type":"Point","coordinates":[-122.354438795683,47.6903279585528]},"properties":{"OBJECTID":229897,"BUSLIC_ID":723531,"BUSLIC_LOCATION_ID":732184,"DEA_FACILITY_OWNER":null,"DEA_FACILITY_NAME":"DIAMOND PARKING SERVICES WX43","DEA_BUSINESS_CONTACT":"JONATHAN DIAMOND","DEA_BUSINESS_PHONE":"2062843100           ","DEA_FACILITY_ADDRESS":"311 N 85TH ST, SEATTLE, WA 98103","DEA_STALLS":17,"FAC_NAME":"DIAMOND PARKING SERVICES WX43","HRS_MONFRI":null,"HRS_SAT":null,"HRS_SUN":null,"FAC_TYPE":null,"RTE_1HR":null,"RTE_2HR":null,"RTE_3HR":null,"RTE_ALLDAY":null,"DISABLED":null,"OP_NAME":null,"OP_PHONE":null,"OP_PHONE2":null,"OP_WEB":null,"PAYMENT_TYPE":null,"OTHER":"N","WEBNAME":null,"REGIONID":null,"OUTOFSERV":null,"VACANT":null,"STATUS":null,"DATETIME":null,"SE_ANNO_CAD_DATA":"","SIGNID":null,"GlobalID":"78ee4a96-19f5-44fb-a39c-d0af10c4e315"}},{"type":"Feature","id":229898,"geometry":{"type":"Point","coordinates":[-122.326989289925,47.6783131223799]},"properties":{"OBJECTID":229898,"BUSLIC_ID":534528,"BUSLIC_LOCATION_ID":593951,"DEA_FACILITY_OWNER":null,"DEA_FACILITY_NAME":"DIAMOND  WU82","DEA_BUSINESS_CONTACT":"JONATHAN DIAMOND","DEA_BUSINESS_PHONE":"2062843100           ","DEA_FACILITY_ADDRESS":"6860 E GREEN LAKE WAY N, SEATTLE, WA 98115","DEA_STALLS":18,"FAC_NAME":"DIAMOND  WU82","HRS_MONFRI":null,"HRS_SAT":null,"HRS_SUN":null,"FAC_TYPE":null,"RTE_1HR":null,"RTE_2HR":null,"RTE_3HR":null,"RTE_ALLDAY":null,"DISABLED":null,"OP_NAME":null,"OP_PHONE":null,"OP_PHONE2":null,"OP_WEB":null,"PAYMENT_TYPE":null,"OTHER":"N","WEBNAME":null,"REGIONID":null,"OUTOFSERV":null,"VACANT":null,"STATUS":null,"DATETIME":null,"SE_ANNO_CAD_DATA":"","SIGNID":null,"GlobalID":"f2b1894a-b4d3-42c6-9505-7b71c3adc037"}},{"type":"Feature","id":229899,"geometry":{"type":"Point","coordinates":[-122.324317677706,47.6800886077095]},"properties":{"OBJECTID":229899,"BUSLIC_ID":652775,"BUSLIC_LOCATION_ID":680533,"DEA_FACILITY_OWNER":null,"DEA_FACILITY_NAME":"REPUBLIC PARKING 30 070 GREEN LAKE VILLAGE","DEA_BUSINESS_CONTACT":"GARY BECK","DEA_BUSINESS_PHONE":"2067834144           ","DEA_FACILITY_ADDRESS":"7104 WOODLAWN AVE NE, SEATTLE, WA 98115","DEA_STALLS":216,"FAC_NAME":"REPUBLIC PARKING 30 070 GREEN LAKE VILLAGE","HRS_MONFRI":null,"HRS_SAT":null,"HRS_SUN":null,"FAC_TYPE":null,"RTE_1HR":null,"RTE_2HR":null,"RTE_3HR":null,"RTE_ALLDAY":null,"DISABLED":null,"OP_NAME":null,"OP_PHONE":null,"OP_PHONE2":null,"OP_WEB":null,"PAYMENT_TYPE":null,"OTHER":"N","WEBNAME":null,"REGIONID":null,"OUTOFSERV":null,"VACANT":null,"STATUS":null,"DATETIME":null,"SE_ANNO_CAD_DATA":"","SIGNID":null,"GlobalID":"7a4a8764-b209-4fc2-9673-19176effec6f"}},{"type":"Feature","id":229900,"geometry":{"type":"Point","coordinates":[-122.318279056881,47.6827764143209]},"properties":{"OBJECTID":229900,"BUSLIC_ID":687630,"BUSLIC_LOCATION_ID":625124,"DEA_FACILITY_OWNER":null,"DEA_FACILITY_NAME":"DIAMOND PARKING  WX03","DEA_BUSINESS_CONTACT":"JONATHAN DIAMOND","DEA_BUSINESS_PHONE":"2062843100           ","DEA_FACILITY_ADDRESS":"7420 9TH AVE NE, SEATTLE, WA 98115","DEA_STALLS":26,"FAC_NAME":"DIAMOND PARKING  WX03","HRS_MONFRI":null,"HRS_SAT":null,"HRS_SUN":null,"FAC_TYPE":null,"RTE_1HR":null,"RTE_2HR":null,"RTE_3HR":null,"RTE_ALLDAY":null,"DISABLED":null,"OP_NAME":null,"OP_PHONE":null,"OP_PHONE2":null,"OP_WEB":null,"PAYMENT_TYPE":null,"OTHER":"N","WEBNAME":null,"REGIONID":null,"OUTOFSERV":null,"VACANT":null,"STATUS":null,"DATETIME":null,"SE_ANNO_CAD_DATA":"","SIGNID":null,"GlobalID":"b16896ca-92c6-4efd-bb54-85c886bda0d7"}},{"type":"Feature","id":229901,"geometry":{"type":"Point","coordinates":[-122.316752367687,47.6821684552996]},"properties":{"OBJECTID":229901,"BUSLIC_ID":666879,"BUSLIC_LOCATION_ID":690566,"DEA_FACILITY_OWNER":null,"DEA_FACILITY_NAME":"DIAMOND PARKING  WU43","DEA_BUSINESS_CONTACT":"JONATHAN DIAMOND","DEA_BUSINESS_PHONE":"2062843100           ","DEA_FACILITY_ADDRESS":"7300 ROOSEVELT AVE NE, SEATTLE, WA 98115","DEA_STALLS":125,"FAC_NAME":"DIAMOND PARKING  WU43","HRS_MONFRI":null,"HRS_SAT":null,"HRS_SUN":null,"FAC_TYPE":null,"RTE_1HR":null,"RTE_2HR":null,"RTE_3HR":null,"RTE_ALLDAY":null,"DISABLED":null,"OP_NAME":null,"OP_PHONE":null,"OP_PHONE2":null,"OP_WEB":null,"PAYMENT_TYPE":null,"OTHER":"N","WEBNAME":null,"REGIONID":null,"OUTOFSERV":null,"VACANT":null,"STATUS":null,"DATETIME":null,"SE_ANNO_CAD_DATA":"","SIGNID":null,"GlobalID":"d0e5242e-873e-4019-b336-2317a48f6907"}},{"type":"Feature","id":229902,"geometry":{"type":"Point","coordinates":[-122.353688077328,47.6685322268513]},"properties":{"OBJECTID":229902,"BUSLIC_ID":480129,"BUSLIC_LOCATION_ID":556117,"DEA_FACILITY_OWNER":null,"DEA_FACILITY_NAME":"WOODLAND PARK ZOO LOT  3","DEA_BUSINESS_CONTACT":"WOODLAND PARK ZOO SOCIETY","DEA_BUSINESS_PHONE":"2062332503           ","DEA_FACILITY_ADDRESS":"5500 PHINNEY AVE N, SEATTLE, WA 98103","DEA_STALLS":61,"FAC_NAME":"WOODLAND PARK ZOO LOT  3","HRS_MONFRI":null,"HRS_SAT":null,"HRS_SUN":null,"FAC_TYPE":null,"RTE_1HR":null,"RTE_2HR":null,"RTE_3HR":null,"RTE_ALLDAY":null,"DISABLED":null,"OP_NAME":null,"OP_PHONE":null,"OP_PHONE2":null,"OP_WEB":null,"PAYMENT_TYPE":null,"OTHER":"N","WEBNAME":null,"REGIONID":null,"OUTOFSERV":null,"VACANT":null,"STATUS":null,"DATETIME":null,"SE_ANNO_CAD_DATA":"","SIGNID":null,"GlobalID":"f8cf2b1f-e138-4bc4-850b-998c423dc636"}},{"type":"Feature","id":229903,"geometry":{"type":"Point","coordinates":[-122.353688077328,47.6685322268513]},"properties":{"OBJECTID":229903,"BUSLIC_ID":688159,"BUSLIC_LOCATION_ID":705817,"DEA_FACILITY_OWNER":null,"DEA_FACILITY_NAME":"WOODLAND PARK ZOO","DEA_BUSINESS_CONTACT":"JOAN SUNDBERG","DEA_BUSINESS_PHONE":"2062540811           ","DEA_FACILITY_ADDRESS":"5500 PHINNEY AVE N, SEATTLE, WA 98103-5865","DEA_STALLS":0,"FAC_NAME":"WOODLAND PARK ZOO","HRS_MONFRI":null,"HRS_SAT":null,"HRS_SUN":null,"FAC_TYPE":null,"RTE_1HR":null,"RTE_2HR":null,"RTE_3HR":null,"RTE_ALLDAY":null,"DISABLED":null,"OP_NAME":null,"OP_PHONE":null,"OP_PHONE2":null,"OP_WEB":null,"PAYMENT_TYPE":null,"OTHER":"N","WEBNAME":null,"REGIONID":null,"OUTOFSERV":null,"VACANT":null,"STATUS":null,"DATETIME":null,"SE_ANNO_CAD_DATA":"","SIGNID":null,"GlobalID":"ffa26288-4bcb-49ae-9abf-e3899bd06981"}},{"type":"Feature","id":229904,"geometry":{"type":"Point","coordinates":[-122.312656895988,47.6632127401103]},"properties":{"OBJECTID":229904,"BUSLIC_ID":57559,"BUSLIC_LOCATION_ID":52858,"DEA_FACILITY_OWNER":null,"DEA_FACILITY_NAME":"UNIVERSITY DISTRICT PARKING ASSOCS INC","DEA_BUSINESS_CONTACT":null,"DEA_BUSINESS_PHONE":"2065277006           ","DEA_FACILITY_ADDRESS":"4710 UNIVERSITY WAY NE # 110, SEATTLE, WA 98105","DEA_STALLS":0,"FAC_NAME":"UNIVERSITY DISTRICT PARKING ASSOCS INC","HRS_MONFRI":null,"HRS_SAT":null,"HRS_SUN":null,"FAC_TYPE":null,"RTE_1HR":null,"RTE_2HR":null,"RTE_3HR":null,"RTE_ALLDAY":null,"DISABLED":null,"OP_NAME":null,"OP_PHONE":null,"OP_PHONE2":null,"OP_WEB":null,"PAYMENT_TYPE":null,"OTHER":"N","WEBNAME":null,"REGIONID":null,"OUTOFSERV":null,"VACANT":null,"STATUS":null,"DATETIME":null,"SE_ANNO_CAD_DATA":"","SIGNID":null,"GlobalID":"52cd1951-12a8-4ced-a48b-27493aabb643"}},{"type":"Feature","id":229905,"geometry":{"type":"Point","coordinates":[-122.317984194306,47.662721247934]},"properties":{"OBJECTID":229905,"BUSLIC_ID":534469,"BUSLIC_LOCATION_ID":593925,"DEA_FACILITY_OWNER":null,"DEA_FACILITY_NAME":"DIAMOND   WU10","DEA_BUSINESS_CONTACT":"JONATHAN DIAMOND","DEA_BUSINESS_PHONE":"2062843100           ","DEA_FACILITY_ADDRESS":"4535 ROOSEVELT WAY NE, SEATTLE, WA 98105","DEA_STALLS":145,"FAC_NAME":"DIAMOND   WU10","HRS_MONFRI":null,"HRS_SAT":null,"HRS_SUN":null,"FAC_TYPE":null,"RTE_1HR":null,"RTE_2HR":null,"RTE_3HR":null,"RTE_ALLDAY":null,"DISABLED":null,"OP_NAME":null,"OP_PHONE":null,"OP_PHONE2":null,"OP_WEB":null,"PAYMENT_TYPE":null,"OTHER":"N","WEBNAME":null,"REGIONID":null,"OUTOFSERV":null,"VACANT":null,"STATUS":null,"DATETIME":null,"SE_ANNO_CAD_DATA":"","SIGNID":null,"GlobalID":"5f8a7c51-f7d9-495e-b6b4-eb67998c9e06"}},{"type":"Feature","id":229906,"geometry":{"type":"Point","coordinates":[-122.318144762993,47.6625506810679]},"properties":{"OBJECTID":229906,"BUSLIC_ID":534467,"BUSLIC_LOCATION_ID":593924,"DEA_FACILITY_OWNER":null,"DEA_FACILITY_NAME":"DIAMOND WU09","DEA_BUSINESS_CONTACT":"JONATHAN DIAMOND","DEA_BUSINESS_PHONE":"2062843100           ","DEA_FACILITY_ADDRESS":"4550 9TH AVE NE, SEATTLE, WA 98105","DEA_STALLS":31,"FAC_NAME":"DIAMOND WU09","HRS_MONFRI":null,"HRS_SAT":null,"HRS_SUN":null,"FAC_TYPE":null,"RTE_1HR":null,"RTE_2HR":null,"RTE_3HR":null,"RTE_ALLDAY":null,"DISABLED":null,"OP_NAME":null,"OP_PHONE":null,"OP_PHONE2":null,"OP_WEB":null,"PAYMENT_TYPE":null,"OTHER":"N","WEBNAME":null,"REGIONID":null,"OUTOFSERV":null,"VACANT":null,"STATUS":null,"DATETIME":null,"SE_ANNO_CAD_DATA":"","SIGNID":null,"GlobalID":"2a30bf5f-becf-41c0-be4a-6abace78db12"}},{"type":"Feature","id":229907,"geometry":{"type":"Point","coordinates":[-122.320356362812,47.66157820685]},"properties":{"OBJECTID":229907,"BUSLIC_ID":574593,"BUSLIC_LOCATION_ID":625131,"DEA_FACILITY_OWNER":null,"DEA_FACILITY_NAME":"DIAMOND PARKING  WU19","DEA_BUSINESS_CONTACT":"JONATHAN DIAMOND","DEA_BUSINESS_PHONE":"2062843100           ","DEA_FACILITY_ADDRESS":"700 NE 45TH ST, SEATTLE, WA 98105","DEA_STALLS":22,"FAC_NAME":"DIAMOND PARKING  WU19","HRS_MONFRI":null,"HRS_SAT":null,"HRS_SUN":null,"FAC_TYPE":null,"RTE_1HR":null,"RTE_2HR":null,"RTE_3HR":null,"RTE_ALLDAY":null,"DISABLED":null,"OP_NAME":null,"OP_PHONE":null,"OP_PHONE2":null,"OP_WEB":null,"PAYMENT_TYPE":null,"OTHER":"N","WEBNAME":null,"REGIONID":null,"OUTOFSERV":null,"VACANT":null,"STATUS":null,"DATETIME":null,"SE_ANNO_CAD_DATA":"","SIGNID":null,"GlobalID":"c393392a-1e47-4cd2-babc-c221b54f8283"}},{"type":"Feature","id":229908,"geometry":{"type":"Point","coordinates":[-122.314571929124,47.6615055191212]},"properties":{"OBJECTID":229908,"BUSLIC_ID":736843,"BUSLIC_LOCATION_ID":742437,"DEA_FACILITY_OWNER":null,"DEA_FACILITY_NAME":"LAZ PARKING NORTHWEST LLC","DEA_BUSINESS_CONTACT":"ALAN LAZOWSKI","DEA_BUSINESS_PHONE":"8605227641           ","DEA_FACILITY_ADDRESS":"4507 BROOKLYN AVE NE, SEATTLE, WA 98105","DEA_STALLS":80,"FAC_NAME":"LAZ PARKING NORTHWEST LLC","HRS_MONFRI":null,"HRS_SAT":null,"HRS_SUN":null,"FAC_TYPE":null,"RTE_1HR":null,"RTE_2HR":null,"RTE_3HR":null,"RTE_ALLDAY":null,"DISABLED":null,"OP_NAME":null,"OP_PHONE":null,"OP_PHONE2":null,"OP_WEB":null,"PAYMENT_TYPE":null,"OTHER":"N","WEBNAME":null,"REGIONID":null,"OUTOFSERV":null,"VACANT":null,"STATUS":null,"DATETIME":null,"SE_ANNO_CAD_DATA":"","SIGNID":null,"GlobalID":"b4d6fda2-31be-41b2-bcb1-152eb600144b"}},{"type":"Feature","id":229909,"geometry":{"type":"Point","coordinates":[-122.314538820602,47.6622744266238]},"properties":{"OBJECTID":229909,"BUSLIC_ID":57584,"BUSLIC_LOCATION_ID":52871,"DEA_FACILITY_OWNER":null,"DEA_FACILITY_NAME":"U DISTRICT PARKING LOT 2","DEA_BUSINESS_CONTACT":null,"DEA_BUSINESS_PHONE":"2065277006           ","DEA_FACILITY_ADDRESS":"4519 BROOKLYN AVE NE, SEATTLE, WA 98105","DEA_STALLS":162,"FAC_NAME":"U DISTRICT PARKING LOT 2","HRS_MONFRI":null,"HRS_SAT":null,"HRS_SUN":null,"FAC_TYPE":null,"RTE_1HR":null,"RTE_2HR":null,"RTE_3HR":null,"RTE_ALLDAY":null,"DISABLED":null,"OP_NAME":null,"OP_PHONE":null,"OP_PHONE2":null,"OP_WEB":null,"PAYMENT_TYPE":null,"OTHER":"N","WEBNAME":null,"REGIONID":null,"OUTOFSERV":null,"VACANT":null,"STATUS":null,"DATETIME":null,"SE_ANNO_CAD_DATA":"","SIGNID":null,"GlobalID":"696f0100-b51f-4d77-809a-75e85ba24c7b"}},{"type":"Feature","id":229910,"geometry":{"type":"Point","coordinates":[-122.31624036976,47.6618292833651]},"properties":{"OBJECTID":229910,"BUSLIC_ID":693180,"BUSLIC_LOCATION_ID":595353,"DEA_FACILITY_OWNER":null,"DEA_FACILITY_NAME":"DIAMOND  WX11","DEA_BUSINESS_CONTACT":"JONATHAN DIAMOND","DEA_BUSINESS_PHONE":"2062843100           ","DEA_FACILITY_ADDRESS":"4510 11TH AVE NE, SEATTLE, WA 98105","DEA_STALLS":73,"FAC_NAME":"DIAMOND  WX11","HRS_MONFRI":null,"HRS_SAT":null,"HRS_SUN":null,"FAC_TYPE":null,"RTE_1HR":null,"RTE_2HR":null,"RTE_3HR":null,"RTE_ALLDAY":null,"DISABLED":null,"OP_NAME":null,"OP_PHONE":null,"OP_PHONE2":null,"OP_WEB":null,"PAYMENT_TYPE":null,"OTHER":"N","WEBNAME":null,"REGIONID":null,"OUTOFSERV":null,"VACANT":null,"STATUS":null,"DATETIME":null,"SE_ANNO_CAD_DATA":"","SIGNID":null,"GlobalID":"d45a17a6-ba13-431f-94cc-31b0b8483b6c"}},{"type":"Feature","id":229911,"geometry":{"type":"Point","coordinates":[-122.318735137755,47.6617519113554]},"properties":{"OBJECTID":229911,"BUSLIC_ID":574589,"BUSLIC_LOCATION_ID":625126,"DEA_FACILITY_OWNER":null,"DEA_FACILITY_NAME":"DIAMOND PARKING  WU06","DEA_BUSINESS_CONTACT":"JONATHAN DIAMOND","DEA_BUSINESS_PHONE":"2062843100           ","DEA_FACILITY_ADDRESS":"4515 9TH AVE NE, SEATTLE, WA 98105","DEA_STALLS":42,"FAC_NAME":"DIAMOND PARKING  WU06","HRS_MONFRI":null,"HRS_SAT":null,"HRS_SUN":null,"FAC_TYPE":null,"RTE_1HR":null,"RTE_2HR":null,"RTE_3HR":null,"RTE_ALLDAY":null,"DISABLED":null,"OP_NAME":null,"OP_PHONE":null,"OP_PHONE2":null,"OP_WEB":null,"PAYMENT_TYPE":null,"OTHER":"N","WEBNAME":null,"REGIONID":null,"OUTOFSERV":null,"VACANT":null,"STATUS":null,"DATETIME":null,"SE_ANNO_CAD_DATA":"","SIGNID":null,"GlobalID":"24198b9c-ed5c-4841-950b-257231d054bb"}},{"type":"Feature","id":229912,"geometry":{"type":"Point","coordinates":[-122.31624674614,47.6615825749168]},"properties":{"OBJECTID":229912,"BUSLIC_ID":666878,"BUSLIC_LOCATION_ID":690565,"DEA_FACILITY_OWNER":null,"DEA_FACILITY_NAME":"DIAMOND PARKING  WU05","DEA_BUSINESS_CONTACT":"JONATHAN DIAMOND","DEA_BUSINESS_PHONE":"2062843100           ","DEA_FACILITY_ADDRESS":"1100 NE 45TH ST, SEATTLE, WA 98115","DEA_STALLS":78,"FAC_NAME":"DIAMOND PARKING  WU05","HRS_MONFRI":null,"HRS_SAT":null,"HRS_SUN":null,"FAC_TYPE":null,"RTE_1HR":null,"RTE_2HR":null,"RTE_3HR":null,"RTE_ALLDAY":null,"DISABLED":null,"OP_NAME":null,"OP_PHONE":null,"OP_PHONE2":null,"OP_WEB":null,"PAYMENT_TYPE":null,"OTHER":"N","WEBNAME":null,"REGIONID":null,"OUTOFSERV":null,"VACANT":null,"STATUS":null,"DATETIME":null,"SE_ANNO_CAD_DATA":"","SIGNID":null,"GlobalID":"a0dc5fcd-f7de-49de-a658-e05f2992cefb"}},{"type":"Feature","id":229913,"geometry":{"type":"Point","coordinates":[-122.311675807567,47.6639815036261]},"properties":{"OBJECTID":229913,"BUSLIC_ID":730820,"BUSLIC_LOCATION_ID":737919,"DEA_FACILITY_OWNER":null,"DEA_FACILITY_NAME":"REPUBLIC 30 32 UNIIVERSITY CHRISTIAN CHURCH","DEA_BUSINESS_CONTACT":"GARY BECK","DEA_BUSINESS_PHONE":"2067834144           ","DEA_FACILITY_ADDRESS":"4730 15TH AVE NE, SEATTLE, WA 98105","DEA_STALLS":68,"FAC_NAME":"REPUBLIC 30 32 UNIIVERSITY CHRISTIAN CHURCH","HRS_MONFRI":null,"HRS_SAT":null,"HRS_SUN":null,"FAC_TYPE":null,"RTE_1HR":null,"RTE_2HR":null,"RTE_3HR":null,"RTE_ALLDAY":null,"DISABLED":null,"OP_NAME":null,"OP_PHONE":null,"OP_PHONE2":null,"OP_WEB":null,"PAYMENT_TYPE":null,"OTHER":"N","WEBNAME":null,"REGIONID":null,"OUTOFSERV":null,"VACANT":null,"STATUS":null,"DATETIME":null,"SE_ANNO_CAD_DATA":"","SIGNID":null,"GlobalID":"12aa26cf-632a-43fd-b206-717c98c17070"}},{"type":"Feature","id":229914,"geometry":{"type":"Point","coordinates":[-122.30123023941,47.6635531342847]},"properties":{"OBJECTID":229914,"BUSLIC_ID":642375,"BUSLIC_LOCATION_ID":672516,"DEA_FACILITY_OWNER":null,"DEA_FACILITY_NAME":"DIAMOND PARKING  WU75","DEA_BUSINESS_CONTACT":"JONATHAN DIAMOND","DEA_BUSINESS_PHONE":"2062843100           ","DEA_FACILITY_ADDRESS":"4715 25TH AVE NE, SEATTLE, WA 98105","DEA_STALLS":39,"FAC_NAME":"DIAMOND PARKING  WU75","HRS_MONFRI":null,"HRS_SAT":null,"HRS_SUN":null,"FAC_TYPE":null,"RTE_1HR":null,"RTE_2HR":null,"RTE_3HR":null,"RTE_ALLDAY":null,"DISABLED":null,"OP_NAME":null,"OP_PHONE":null,"OP_PHONE2":null,"OP_WEB":null,"PAYMENT_TYPE":null,"OTHER":"N","WEBNAME":null,"REGIONID":null,"OUTOFSERV":null,"VACANT":null,"STATUS":null,"DATETIME":null,"SE_ANNO_CAD_DATA":"","SIGNID":null,"GlobalID":"8a206aeb-c817-4f54-a30e-bb6ad1cd96d0"}},{"type":"Feature","id":229915,"geometry":{"type":"Point","coordinates":[-122.311672047862,47.6620756149001]},"properties":{"OBJECTID":229915,"BUSLIC_ID":436514,"BUSLIC_LOCATION_ID":52865,"DEA_FACILITY_OWNER":null,"DEA_FACILITY_NAME":"U DISTRICT PARKING LOT 9","DEA_BUSINESS_CONTACT":null,"DEA_BUSINESS_PHONE":"2065277006           ","DEA_FACILITY_ADDRESS":"4526 15TH AVE NE, SEATTLE, WA 98105","DEA_STALLS":70,"FAC_NAME":"U DISTRICT PARKING LOT 9","HRS_MONFRI":null,"HRS_SAT":null,"HRS_SUN":null,"FAC_TYPE":null,"RTE_1HR":null,"RTE_2HR":null,"RTE_3HR":null,"RTE_ALLDAY":null,"DISABLED":null,"OP_NAME":null,"OP_PHONE":null,"OP_PHONE2":null,"OP_WEB":null,"PAYMENT_TYPE":null,"OTHER":"N","WEBNAME":null,"REGIONID":null,"OUTOFSERV":null,"VACANT":null,"STATUS":null,"DATETIME":null,"SE_ANNO_CAD_DATA":"","SIGNID":null,"GlobalID":"cb24e273-9d2f-4e13-ab85-5db2c35384f9"}},{"type":"Feature","id":229916,"geometry":{"type":"Point","coordinates":[-122.310434924677,47.6626135406069]},"properties":{"OBJECTID":229916,"BUSLIC_ID":442599,"BUSLIC_LOCATION_ID":52868,"DEA_FACILITY_OWNER":null,"DEA_FACILITY_NAME":"UCC","DEA_BUSINESS_CONTACT":null,"DEA_BUSINESS_PHONE":"2065277006           ","DEA_FACILITY_ADDRESS":"4550 16TH AVE NE, SEATTLE, WA 98105","DEA_STALLS":39,"FAC_NAME":"UCC","HRS_MONFRI":null,"HRS_SAT":null,"HRS_SUN":null,"FAC_TYPE":null,"RTE_1HR":null,"RTE_2HR":null,"RTE_3HR":null,"RTE_ALLDAY":null,"DISABLED":null,"OP_NAME":null,"OP_PHONE":null,"OP_PHONE2":null,"OP_WEB":null,"PAYMENT_TYPE":null,"OTHER":"N","WEBNAME":null,"REGIONID":null,"OUTOFSERV":null,"VACANT":null,"STATUS":null,"DATETIME":null,"SE_ANNO_CAD_DATA":"","SIGNID":null,"GlobalID":"21cb5ddc-fc6a-4f9f-bab4-5f141d9513db"}},{"type":"Feature","id":229917,"geometry":{"type":"Point","coordinates":[-122.386276177844,47.6577886983242]},"properties":{"OBJECTID":229917,"BUSLIC_ID":642380,"BUSLIC_LOCATION_ID":672520,"DEA_FACILITY_OWNER":null,"DEA_FACILITY_NAME":"ELMORE ELECTRIC","DEA_BUSINESS_CONTACT":"JOSEPH WILLIAMS","DEA_BUSINESS_PHONE":"2062130111           ","DEA_FACILITY_ADDRESS":"2300 W ELMORE ST, SEATTLE, WA 98199-1245","DEA_STALLS":0,"FAC_NAME":"ELMORE ELECTRIC","HRS_MONFRI":null,"HRS_SAT":null,"HRS_SUN":null,"FAC_TYPE":null,"RTE_1HR":null,"RTE_2HR":null,"RTE_3HR":null,"RTE_ALLDAY":null,"DISABLED":null,"OP_NAME":null,"OP_PHONE":null,"OP_PHONE2":null,"OP_WEB":null,"PAYMENT_TYPE":null,"OTHER":"N","WEBNAME":null,"REGIONID":null,"OUTOFSERV":null,"VACANT":null,"STATUS":null,"DATETIME":null,"SE_ANNO_CAD_DATA":"","SIGNID":null,"GlobalID":"932e5d6a-0598-4f6c-8e0f-2d4a25243dfe"}},{"type":"Feature","id":229918,"geometry":{"type":"Point","coordinates":[-122.386276177844,47.6577886983242]},"properties":{"OBJECTID":229918,"BUSLIC_ID":642380,"BUSLIC_LOCATION_ID":672520,"DEA_FACILITY_OWNER":null,"DEA_FACILITY_NAME":"ELMORE ELECTRIC","DEA_BUSINESS_CONTACT":"JOSEPH WILLIAMS","DEA_BUSINESS_PHONE":"2065282162           ","DEA_FACILITY_ADDRESS":"2300 W ELMORE ST, SEATTLE, WA 98199-1245","DEA_STALLS":0,"FAC_NAME":"ELMORE ELECTRIC","HRS_MONFRI":null,"HRS_SAT":null,"HRS_SUN":null,"FAC_TYPE":null,"RTE_1HR":null,"RTE_2HR":null,"RTE_3HR":null,"RTE_ALLDAY":null,"DISABLED":null,"OP_NAME":null,"OP_PHONE":null,"OP_PHONE2":null,"OP_WEB":null,"PAYMENT_TYPE":null,"OTHER":"N","WEBNAME":null,"REGIONID":null,"OUTOFSERV":null,"VACANT":null,"STATUS":null,"DATETIME":null,"SE_ANNO_CAD_DATA":"","SIGNID":null,"GlobalID":"0bb6b0a1-e981-4bdb-a646-5b847b330352"}},{"type":"Feature","id":229919,"geometry":{"type":"Point","coordinates":[-122.387764274413,47.5625866336262]},"properties":{"OBJECTID":229919,"BUSLIC_ID":0,"BUSLIC_LOCATION_ID":2000001,"DEA_FACILITY_OWNER":null,"DEA_FACILITY_NAME":"WEST SEATTLE JUNCTION ASSOCIATION","DEA_BUSINESS_CONTACT":null,"DEA_BUSINESS_PHONE":" ","DEA_FACILITY_ADDRESS":null,"DEA_STALLS":null,"FAC_NAME":null,"HRS_MONFRI":null,"HRS_SAT":null,"HRS_SUN":null,"FAC_TYPE":null,"RTE_1HR":null,"RTE_2HR":null,"RTE_3HR":null,"RTE_ALLDAY":null,"DISABLED":null,"OP_NAME":null,"OP_PHONE":"(206) 935-0904","OP_PHONE2":null,"OP_WEB":"http://wsjunction.org/maps/","PAYMENT_TYPE":null,"OTHER":"N","WEBNAME":"WEST SEATTLE JUNCTION ASSOCIATION","REGIONID":0,"OUTOFSERV":null,"VACANT":null,"STATUS":null,"DATETIME":null,"SE_ANNO_CAD_DATA":"","SIGNID":null,"GlobalID":"6a739d0f-d1b9-4db5-8d17-8a0968b88e1a"}},{"type":"Feature","id":229920,"geometry":{"type":"Point","coordinates":[-122.333064038294,47.5976433116906]},"properties":{"OBJECTID":229920,"BUSLIC_ID":0,"BUSLIC_LOCATION_ID":2000026,"DEA_FACILITY_OWNER":null,"DEA_FACILITY_NAME":"STADIUM PLACE","DEA_BUSINESS_CONTACT":null,"DEA_BUSINESS_PHONE":null,"DEA_FACILITY_ADDRESS":null,"DEA_STALLS":75,"FAC_NAME":"STADIUM PLACE","HRS_MONFRI":"6am - 10pm / 12am Fri","HRS_SAT":"8am - 12am","HRS_SUN":"8am - 10pm","FAC_TYPE":"GARAGE","RTE_1HR":"3","RTE_2HR":"6","RTE_3HR":"9","RTE_ALLDAY":null,"DISABLED":null,"OP_NAME":"International Parking Management","OP_PHONE":"(206)254-0811","OP_PHONE2":null,"OP_WEB":"http://www.ipmseattle.com/locations/lot.asp?id=492","PAYMENT_TYPE":null,"OTHER":"N","WEBNAME":"STADIUM PLACE","REGIONID":17,"OUTOFSERV":"N","VACANT":66,"STATUS":"56","DATETIME":"Tue, 07 Jul 2020 10:18:19 GMT","SE_ANNO_CAD_DATA":"","SIGNID":"G15","GlobalID":"c30a93f1-5d93-4f2c-bbc7-39f1538ee1fc"}},{"type":"Feature","id":229921,"geometry":{"type":"Point","coordinates":[-122.338825411611,47.6249778199421]},"properties":{"OBJECTID":229921,"BUSLIC_ID":0,"BUSLIC_LOCATION_ID":2000007,"DEA_FACILITY_OWNER":null,"DEA_FACILITY_NAME":"FOLEY - GREEN  #82018","DEA_BUSINESS_CONTACT":null,"DEA_BUSINESS_PHONE":" ","DEA_FACILITY_ADDRESS":null,"DEA_STALLS":21,"FAC_NAME":"Foley - Green  #82018","HRS_MONFRI":"Self park location","HRS_SAT":"Self park location","HRS_SUN":"Self park location","FAC_TYPE":"SURFACE LOT","RTE_1HR":"Permit only","RTE_2HR":"Permit only","RTE_3HR":"Permit only","RTE_ALLDAY":"Permit only","DISABLED":null,"OP_NAME":"Standard Parking Plus","OP_PHONE":"(206) 381-8552","OP_PHONE2":null,"OP_WEB":null,"PAYMENT_TYPE":null,"OTHER":"N","WEBNAME":"Standard","REGIONID":null,"OUTOFSERV":null,"VACANT":null,"STATUS":null,"DATETIME":null,"SE_ANNO_CAD_DATA":"","SIGNID":null,"GlobalID":"56e3273c-dfba-4604-a2e0-88bf2c0f2a79"}},{"type":"Feature","id":229922,"geometry":{"type":"Point","coordinates":[-122.387733480495,47.5608677103169]},"properties":{"OBJECTID":229922,"BUSLIC_ID":0,"BUSLIC_LOCATION_ID":2000003,"DEA_FACILITY_OWNER":null,"DEA_FACILITY_NAME":"WEST SEATTLE JUNCTION ASSOCIATION","DEA_BUSINESS_CONTACT":null,"DEA_BUSINESS_PHONE":" ","DEA_FACILITY_ADDRESS":null,"DEA_STALLS":null,"FAC_NAME":null,"HRS_MONFRI":null,"HRS_SAT":null,"HRS_SUN":null,"FAC_TYPE":null,"RTE_1HR":null,"RTE_2HR":null,"RTE_3HR":null,"RTE_ALLDAY":null,"DISABLED":null,"OP_NAME":null,"OP_PHONE":"(206) 935-0904","OP_PHONE2":null,"OP_WEB":"http://wsjunction.org/maps/","PAYMENT_TYPE":null,"OTHER":"N","WEBNAME":"WEST SEATTLE JUNCTION ASSOCIATION","REGIONID":0,"OUTOFSERV":null,"VACANT":null,"STATUS":null,"DATETIME":null,"SE_ANNO_CAD_DATA":"","SIGNID":null,"GlobalID":"d026ae5d-94e3-452d-807a-4514ef7427ba"}},{"type":"Feature","id":229923,"geometry":{"type":"Point","coordinates":[-122.385811296285,47.5622064205979]},"properties":{"OBJECTID":229923,"BUSLIC_ID":0,"BUSLIC_LOCATION_ID":2000002,"DEA_FACILITY_OWNER":null,"DEA_FACILITY_NAME":"WEST SEATTLE JUNCTION ASSOCIATION","DEA_BUSINESS_CONTACT":null,"DEA_BUSINESS_PHONE":" ","DEA_FACILITY_ADDRESS":null,"DEA_STALLS":null,"FAC_NAME":null,"HRS_MONFRI":null,"HRS_SAT":null,"HRS_SUN":null,"FAC_TYPE":null,"RTE_1HR":null,"RTE_2HR":null,"RTE_3HR":null,"RTE_ALLDAY":null,"DISABLED":null,"OP_NAME":null,"OP_PHONE":"(206) 935-0904","OP_PHONE2":null,"OP_WEB":"http://wsjunction.org/maps/","PAYMENT_TYPE":null,"OTHER":"N","WEBNAME":"WEST SEATTLE JUNCTION ASSOCIATION","REGIONID":0,"OUTOFSERV":null,"VACANT":null,"STATUS":null,"DATETIME":null,"SE_ANNO_CAD_DATA":"","SIGNID":null,"GlobalID":"40351449-07c7-4c15-a331-f89c8b55536e"}},{"type":"Feature","id":229924,"geometry":{"type":"Point","coordinates":[-122.339368869538,47.623947886364]},"properties":{"OBJECTID":229924,"BUSLIC_ID":0,"BUSLIC_LOCATION_ID":2000025,"DEA_FACILITY_OWNER":null,"DEA_FACILITY_NAME":"MERCER & WESTLAKE 81386","DEA_BUSINESS_CONTACT":null,"DEA_BUSINESS_PHONE":" ","DEA_FACILITY_ADDRESS":null,"DEA_STALLS":94,"FAC_NAME":"MERCER & WESTLAKE #81386","HRS_MONFRI":"Self park location","HRS_SAT":"Self park location","HRS_SUN":"Self park location","FAC_TYPE":"SURFACE LOT","RTE_1HR":"4.9","RTE_2HR":"14.65","RTE_3HR":"14.65","RTE_ALLDAY":"14.65","DISABLED":null,"OP_NAME":"Standard Parking Plus","OP_PHONE":"(206) 381-8552","OP_PHONE2":null,"OP_WEB":null,"PAYMENT_TYPE":null,"OTHER":"N","WEBNAME":"Standard","REGIONID":null,"OUTOFSERV":null,"VACANT":null,"STATUS":null,"DATETIME":null,"SE_ANNO_CAD_DATA":"","SIGNID":null,"GlobalID":"03d282a8-9e98-4b0c-bced-d47f00c4065e"}},{"type":"Feature","id":229925,"geometry":{"type":"Point","coordinates":[-122.338088103427,47.6240255761927]},"properties":{"OBJECTID":229925,"BUSLIC_ID":0,"BUSLIC_LOCATION_ID":2000023,"DEA_FACILITY_OWNER":null,"DEA_FACILITY_NAME":"AMAZON PHASE 1B - 81866","DEA_BUSINESS_CONTACT":null,"DEA_BUSINESS_PHONE":" ","DEA_FACILITY_ADDRESS":null,"DEA_STALLS":152,"FAC_NAME":"AMAZON PHASE 1B #81866","HRS_MONFRI":"Self park location","HRS_SAT":"Self park location","HRS_SUN":"Self park location","FAC_TYPE":"GARAGE","RTE_1HR":"Permit only","RTE_2HR":"Permit only","RTE_3HR":"Permit only","RTE_ALLDAY":"Permit only","DISABLED":null,"OP_NAME":"Standard Parking Plus","OP_PHONE":"(206) 623-2727 EXT 225","OP_PHONE2":null,"OP_WEB":null,"PAYMENT_TYPE":null,"OTHER":"N","WEBNAME":"Standard","REGIONID":null,"OUTOFSERV":null,"VACANT":null,"STATUS":null,"DATETIME":null,"SE_ANNO_CAD_DATA":"","SIGNID":null,"GlobalID":"a00f4b78-04ec-4171-84c1-68be7fc077b8"}},{"type":"Feature","id":229926,"geometry":{"type":"Point","coordinates":[-122.332781218008,47.611496345527]},"properties":{"OBJECTID":229926,"BUSLIC_ID":0,"BUSLIC_LOCATION_ID":2000027,"DEA_FACILITY_OWNER":null,"DEA_FACILITY_NAME":null,"DEA_BUSINESS_CONTACT":null,"DEA_BUSINESS_PHONE":null,"DEA_FACILITY_ADDRESS":"701 PIKE ST, SEATTLE WA 98101","DEA_STALLS":null,"FAC_NAME":"One Convention Place","HRS_MONFRI":null,"HRS_SAT":null,"HRS_SUN":null,"FAC_TYPE":null,"RTE_1HR":null,"RTE_2HR":null,"RTE_3HR":null,"RTE_ALLDAY":null,"DISABLED":null,"OP_NAME":null,"OP_PHONE":null,"OP_PHONE2":null,"OP_WEB":null,"PAYMENT_TYPE":null,"OTHER":"N","WEBNAME":"ONE CONVENTION PLACE","REGIONID":25,"OUTOFSERV":"N","VACANT":255,"STATUS":"CLOSED","DATETIME":"Tue, 07 Jul 2020 10:18:19 GMT","SE_ANNO_CAD_DATA":"","SIGNID":"G20","GlobalID":"0a86e76f-07e7-4cd7-a445-9f4d663304ae"}},{"type":"Feature","id":229927,"geometry":{"type":"Point","coordinates":[-122.38780948367,47.5594782054028]},"properties":{"OBJECTID":229927,"BUSLIC_ID":0,"BUSLIC_LOCATION_ID":2000004,"DEA_FACILITY_OWNER":null,"DEA_FACILITY_NAME":"WEST SEATTLE JUNCTION ASSOCIATION","DEA_BUSINESS_CONTACT":null,"DEA_BUSINESS_PHONE":" ","DEA_FACILITY_ADDRESS":null,"DEA_STALLS":null,"FAC_NAME":null,"HRS_MONFRI":null,"HRS_SAT":null,"HRS_SUN":null,"FAC_TYPE":null,"RTE_1HR":null,"RTE_2HR":null,"RTE_3HR":null,"RTE_ALLDAY":null,"DISABLED":null,"OP_NAME":null,"OP_PHONE":null,"OP_PHONE2":null,"OP_WEB":null,"PAYMENT_TYPE":null,"OTHER":"N","WEBNAME":"WEST SEATTLE JUNCTION ASSOCIATION","REGIONID":0,"OUTOFSERV":null,"VACANT":null,"STATUS":null,"DATETIME":null,"SE_ANNO_CAD_DATA":"","SIGNID":null,"GlobalID":"20ba6344-52af-4f9f-9bec-f599a2935f27"}},{"type":"Feature","id":229928,"geometry":{"type":"Point","coordinates":[-122.334776049442,47.5980652271196]},"properties":{"OBJECTID":229928,"BUSLIC_ID":0,"BUSLIC_LOCATION_ID":2000022,"DEA_FACILITY_OWNER":"International Parking Management Seattle","DEA_FACILITY_NAME":"I P M #28","DEA_BUSINESS_CONTACT":null,"DEA_BUSINESS_PHONE":" ","DEA_FACILITY_ADDRESS":"505 1ST AVE S, SEATTLE, WA 98104","DEA_STALLS":440,"FAC_NAME":"Lot 28","HRS_MONFRI":"Self park location","HRS_SAT":"Self park location","HRS_SUN":"Self park location","FAC_TYPE":"GARAGE","RTE_1HR":"5","RTE_2HR":"12","RTE_3HR":"14","RTE_ALLDAY":null,"DISABLED":null,"OP_NAME":"International Parking Management","OP_PHONE":"(206)254-0811","OP_PHONE2":null,"OP_WEB":"http://www.ipmseattle.com/locations/lot.asp?id=501","PAYMENT_TYPE":null,"OTHER":"N","WEBNAME":"IPM","REGIONID":null,"OUTOFSERV":null,"VACANT":null,"STATUS":null,"DATETIME":null,"SE_ANNO_CAD_DATA":"","SIGNID":null,"GlobalID":"29ee14d5-45dd-4f26-a225-91b9b46c28ea"}},{"type":"Feature","id":229929,"geometry":{"type":"Point","coordinates":[-122.326743560014,47.5989758301097]},"properties":{"OBJECTID":229929,"BUSLIC_ID":0,"BUSLIC_LOCATION_ID":2000010,"DEA_FACILITY_OWNER":null,"DEA_FACILITY_NAME":"BANK OF AMERICA INTL BANKING #81963","DEA_BUSINESS_CONTACT":null,"DEA_BUSINESS_PHONE":" ","DEA_FACILITY_ADDRESS":"525 S JACKSON ST, SEATTLE, WA 98104","DEA_STALLS":34,"FAC_NAME":"Bank of America Intl  Banking #81963","HRS_MONFRI":"Self park location","HRS_SAT":"Self park location","HRS_SUN":"Self park location","FAC_TYPE":"SURFACE LOT","RTE_1HR":"Permit only","RTE_2HR":"Permit only","RTE_3HR":"Permit only","RTE_ALLDAY":"Permit only","DISABLED":null,"OP_NAME":"Standard Parking Plus","OP_PHONE":"(206) 381-8552","OP_PHONE2":null,"OP_WEB":null,"PAYMENT_TYPE":null,"OTHER":"N","WEBNAME":"Standard","REGIONID":null,"OUTOFSERV":null,"VACANT":null,"STATUS":null,"DATETIME":null,"SE_ANNO_CAD_DATA":"","SIGNID":null,"GlobalID":"09575f7d-2a92-4907-9a3b-b244c2be5b0e"}},{"type":"Feature","id":229930,"geometry":{"type":"Point","coordinates":[-122.342377741866,47.6124550209108]},"properties":{"OBJECTID":229930,"BUSLIC_ID":0,"BUSLIC_LOCATION_ID":2000020,"DEA_FACILITY_OWNER":"REPUBLIC PARKING NW INC","DEA_FACILITY_NAME":"211 LENORA 81957","DEA_BUSINESS_CONTACT":null,"DEA_BUSINESS_PHONE":" ","DEA_FACILITY_ADDRESS":"211 LENORA, SEATTLE, WA 98121","DEA_STALLS":102,"FAC_NAME":"211 Lenora","HRS_MONFRI":"Self park location","HRS_SAT":"Self park location","HRS_SUN":"Self park location","FAC_TYPE":"GARAGE","RTE_1HR":null,"RTE_2HR":null,"RTE_3HR":null,"RTE_ALLDAY":null,"DISABLED":null,"OP_NAME":"Republic Parking Northwest","OP_PHONE":null,"OP_PHONE2":null,"OP_WEB":"http://www.rpnw.com/lot/seattle/30-077","PAYMENT_TYPE":null,"OTHER":"N","WEBNAME":null,"REGIONID":null,"OUTOFSERV":null,"VACANT":null,"STATUS":null,"DATETIME":null,"SE_ANNO_CAD_DATA":"","SIGNID":null,"GlobalID":"a69047b9-3a78-4a8e-9778-b9c42d0a6b45"}},{"type":"Feature","id":229931,"geometry":{"type":"Point","coordinates":[-122.335551594682,47.613216784875]},"properties":{"OBJECTID":229931,"BUSLIC_ID":0,"BUSLIC_LOCATION_ID":2000005,"DEA_FACILITY_OWNER":null,"DEA_FACILITY_NAME":"PACIFIC PLACE","DEA_BUSINESS_CONTACT":null,"DEA_BUSINESS_PHONE":" ","DEA_FACILITY_ADDRESS":null,"DEA_STALLS":1130,"FAC_NAME":"PACIFIC PLACE","HRS_MONFRI":"5:00am - 2:00am","HRS_SAT":"5:00am - 2:00am","HRS_SUN":"5:00am - 2:00am","FAC_TYPE":"GARAGE","RTE_1HR":"6","RTE_2HR":"9","RTE_3HR":"11","RTE_ALLDAY":"28","DISABLED":null,"OP_NAME":"AMPCO","OP_PHONE":"(206) 652-9009","OP_PHONE2":null,"OP_WEB":"http://www.pacificplaceseattle.com/details/parking/","PAYMENT_TYPE":null,"OTHER":"N","WEBNAME":"PACIFIC PLACE","REGIONID":5,"OUTOFSERV":"N","VACANT":781,"STATUS":"781","DATETIME":"Tue, 07 Jul 2020 10:18:19 GMT","SE_ANNO_CAD_DATA":"","SIGNID":"G4","GlobalID":"c606565d-81ea-4e16-b385-4b787c8d3d3a"}},{"type":"Feature","id":229932,"geometry":{"type":"Point","coordinates":[-122.336180478965,47.6217843880999]},"properties":{"OBJECTID":229932,"BUSLIC_ID":0,"BUSLIC_LOCATION_ID":2000015,"DEA_FACILITY_OWNER":null,"DEA_FACILITY_NAME":"AMAZON PHASE 4 - 81877","DEA_BUSINESS_CONTACT":null,"DEA_BUSINESS_PHONE":" ","DEA_FACILITY_ADDRESS":null,"DEA_STALLS":784,"FAC_NAME":"AMAZON PHASE 4 #81877","HRS_MONFRI":"Self park location","HRS_SAT":"Self park location","HRS_SUN":"Self park location","FAC_TYPE":"GARAGE","RTE_1HR":"Permit only","RTE_2HR":"Permit only","RTE_3HR":"Permit only","RTE_ALLDAY":"Permit only","DISABLED":null,"OP_NAME":"Standard Parking Plus","OP_PHONE":"(206) 623-2727 EXT 225","OP_PHONE2":null,"OP_WEB":null,"PAYMENT_TYPE":null,"OTHER":"N","WEBNAME":"Standard","REGIONID":null,"OUTOFSERV":null,"VACANT":null,"STATUS":null,"DATETIME":null,"SE_ANNO_CAD_DATA":"","SIGNID":null,"GlobalID":"ff84fce2-da2b-439d-9310-c65d55724ae2"}},{"type":"Feature","id":229933,"geometry":{"type":"Point","coordinates":[-122.338826104682,47.6241840220257]},"properties":{"OBJECTID":229933,"BUSLIC_ID":0,"BUSLIC_LOCATION_ID":2000011,"DEA_FACILITY_OWNER":null,"DEA_FACILITY_NAME":"MERCER & WESTLAKE #81386","DEA_BUSINESS_CONTACT":null,"DEA_BUSINESS_PHONE":" ","DEA_FACILITY_ADDRESS":null,"DEA_STALLS":94,"FAC_NAME":null,"HRS_MONFRI":null,"HRS_SAT":null,"HRS_SUN":null,"FAC_TYPE":null,"RTE_1HR":null,"RTE_2HR":null,"RTE_3HR":null,"RTE_ALLDAY":null,"DISABLED":null,"OP_NAME":null,"OP_PHONE":null,"OP_PHONE2":null,"OP_WEB":null,"PAYMENT_TYPE":null,"OTHER":"N","WEBNAME":null,"REGIONID":null,"OUTOFSERV":null,"VACANT":null,"STATUS":null,"DATETIME":null,"SE_ANNO_CAD_DATA":"","SIGNID":null,"GlobalID":"9375f6a5-5a90-4ee3-a6ab-af01ac182246"}},{"type":"Feature","id":229934,"geometry":{"type":"Point","coordinates":[-122.333076830993,47.6023822613034]},"properties":{"OBJECTID":229934,"BUSLIC_ID":67067,"BUSLIC_LOCATION_ID":2000029,"DEA_FACILITY_OWNER":null,"DEA_FACILITY_NAME":null,"DEA_BUSINESS_CONTACT":null,"DEA_BUSINESS_PHONE":null,"DEA_FACILITY_ADDRESS":"114 JAMES ST, SEATTLE, WA   98104","DEA_STALLS":435,"FAC_NAME":"Butler Garage","HRS_MONFRI":"6:30am - 10:00pm","HRS_SAT":"10:00am - 2:00am","HRS_SUN":"Closed","FAC_TYPE":"GARAGE","RTE_1HR":"4","RTE_2HR":"11.5","RTE_3HR":null,"RTE_ALLDAY":"25","DISABLED":"11","OP_NAME":null,"OP_PHONE":null,"OP_PHONE2":null,"OP_WEB":null,"PAYMENT_TYPE":null,"OTHER":"N","WEBNAME":"BUTLER GARAGE","REGIONID":12,"OUTOFSERV":"N","VACANT":238,"STATUS":"OPEN","DATETIME":"Tue, 07 Jul 2020 10:18:19 GMT","SE_ANNO_CAD_DATA":"","SIGNID":"G17","GlobalID":"4e3d83d5-fd7b-4d34-b37c-fa5c1af5bf05"}},{"type":"Feature","id":229935,"geometry":{"type":"Point","coordinates":[-122.328677423139,47.6145020719438]},"properties":{"OBJECTID":229935,"BUSLIC_ID":0,"BUSLIC_LOCATION_ID":2000024,"DEA_FACILITY_OWNER":null,"DEA_FACILITY_NAME":"OLIVETTI BUILDING 41181","DEA_BUSINESS_CONTACT":null,"DEA_BUSINESS_PHONE":" ","DEA_FACILITY_ADDRESS":null,"DEA_STALLS":30,"FAC_NAME":"OLIVETTI #41181","HRS_MONFRI":"Self park location","HRS_SAT":"Self park location","HRS_SUN":"Self park location","FAC_TYPE":"GARAGE","RTE_1HR":"7","RTE_2HR":"10","RTE_3HR":"10","RTE_ALLDAY":"10","DISABLED":null,"OP_NAME":"Standard Parking Plus","OP_PHONE":"(206) 381-8552","OP_PHONE2":null,"OP_WEB":null,"PAYMENT_TYPE":null,"OTHER":"N","WEBNAME":"Standard","REGIONID":null,"OUTOFSERV":null,"VACANT":null,"STATUS":null,"DATETIME":null,"SE_ANNO_CAD_DATA":"","SIGNID":null,"GlobalID":"6b67a399-603c-4335-9ec4-f324772cfa1e"}},{"type":"Feature","id":229936,"geometry":{"type":"Point","coordinates":[-122.339397539402,47.6228719389362]},"properties":{"OBJECTID":229936,"BUSLIC_ID":0,"BUSLIC_LOCATION_ID":2000012,"DEA_FACILITY_OWNER":null,"DEA_FACILITY_NAME":"9TH & REPUBLICAN 81074","DEA_BUSINESS_CONTACT":null,"DEA_BUSINESS_PHONE":" ","DEA_FACILITY_ADDRESS":null,"DEA_STALLS":104,"FAC_NAME":"9th & Republican #81074","HRS_MONFRI":"Self park location","HRS_SAT":"Self park location","HRS_SUN":"Self park location","FAC_TYPE":"SURFACE LOT","RTE_1HR":"4.9","RTE_2HR":"14.65","RTE_3HR":"14.65","RTE_ALLDAY":"14.65","DISABLED":null,"OP_NAME":"Standard Parking Plus","OP_PHONE":"(206) 381-8552","OP_PHONE2":null,"OP_WEB":null,"PAYMENT_TYPE":null,"OTHER":"N","WEBNAME":"Standard","REGIONID":null,"OUTOFSERV":null,"VACANT":null,"STATUS":null,"DATETIME":null,"SE_ANNO_CAD_DATA":"","SIGNID":null,"GlobalID":"5f9ee17e-f31b-4270-b013-3315cfb6e4a1"}},{"type":"Feature","id":229937,"geometry":{"type":"Point","coordinates":[-122.336858865572,47.6223094646525]},"properties":{"OBJECTID":229937,"BUSLIC_ID":0,"BUSLIC_LOCATION_ID":2000013,"DEA_FACILITY_OWNER":null,"DEA_FACILITY_NAME":"AMAZON PHASE 1A - 81865","DEA_BUSINESS_CONTACT":null,"DEA_BUSINESS_PHONE":" ","DEA_FACILITY_ADDRESS":null,"DEA_STALLS":409,"FAC_NAME":"AMAZON PHASE 1A #81865","HRS_MONFRI":"Self park location","HRS_SAT":"Self park location","HRS_SUN":"Self park location","FAC_TYPE":"GARAGE","RTE_1HR":"Permit only","RTE_2HR":"Permit only","RTE_3HR":"Permit only","RTE_ALLDAY":"Permit only","DISABLED":null,"OP_NAME":"Standard Parking Plus","OP_PHONE":"(206) 623-3405","OP_PHONE2":null,"OP_WEB":null,"PAYMENT_TYPE":null,"OTHER":"N","WEBNAME":"Standard","REGIONID":null,"OUTOFSERV":null,"VACANT":null,"STATUS":null,"DATETIME":null,"SE_ANNO_CAD_DATA":"","SIGNID":null,"GlobalID":"22574b29-c7c6-4782-b903-67cd6d383ed6"}},{"type":"Feature","id":229938,"geometry":{"type":"Point","coordinates":[-122.355867223845,47.6926728411754]},"properties":{"OBJECTID":229938,"BUSLIC_ID":722194,"BUSLIC_LOCATION_ID":731124,"DEA_FACILITY_OWNER":null,"DEA_FACILITY_NAME":"DIAMOND PARKING SERVICES LLC WX42","DEA_BUSINESS_CONTACT":"JONATHAN DIAMOND","DEA_BUSINESS_PHONE":"2062843100           ","DEA_FACILITY_ADDRESS":"8701 GREENWOOD AVE N, SEATTLE, WA 98103","DEA_STALLS":33,"FAC_NAME":"DIAMOND PARKING SERVICES LLC WX42","HRS_MONFRI":null,"HRS_SAT":null,"HRS_SUN":null,"FAC_TYPE":null,"RTE_1HR":null,"RTE_2HR":null,"RTE_3HR":null,"RTE_ALLDAY":null,"DISABLED":null,"OP_NAME":null,"OP_PHONE":null,"OP_PHONE2":null,"OP_WEB":null,"PAYMENT_TYPE":null,"OTHER":"N","WEBNAME":null,"REGIONID":null,"OUTOFSERV":null,"VACANT":null,"STATUS":null,"DATETIME":null,"SE_ANNO_CAD_DATA":"","SIGNID":null,"GlobalID":"82ced97a-fc42-4ce3-b831-2f31d4cdad81"}},{"type":"Feature","id":229939,"geometry":{"type":"Point","coordinates":[-122.323477285429,47.6104690338355]},"properties":{"OBJECTID":229939,"BUSLIC_ID":603337,"BUSLIC_LOCATION_ID":645739,"DEA_FACILITY_OWNER":null,"DEA_FACILITY_NAME":"DIAMOND PARKING  A317","DEA_BUSINESS_CONTACT":"JONATHAN DIAMOND","DEA_BUSINESS_PHONE":"2062846303           ","DEA_FACILITY_ADDRESS":"1224 MADISON ST, SEATTLE, WA 98104","DEA_STALLS":12,"FAC_NAME":"DIAMOND PARKING  A317","HRS_MONFRI":null,"HRS_SAT":null,"HRS_SUN":null,"FAC_TYPE":null,"RTE_1HR":null,"RTE_2HR":null,"RTE_3HR":null,"RTE_ALLDAY":null,"DISABLED":null,"OP_NAME":null,"OP_PHONE":null,"OP_PHONE2":null,"OP_WEB":null,"PAYMENT_TYPE":null,"OTHER":"N","WEBNAME":null,"REGIONID":null,"OUTOFSERV":null,"VACANT":null,"STATUS":null,"DATETIME":null,"SE_ANNO_CAD_DATA":"","SIGNID":null,"GlobalID":"735026a7-396d-4f84-8f7f-f2e3fd9ce929"}},{"type":"Feature","id":229940,"geometry":{"type":"Point","coordinates":[-122.328714299035,47.6092626055526]},"properties":{"OBJECTID":229940,"BUSLIC_ID":259,"BUSLIC_LOCATION_ID":210,"DEA_FACILITY_OWNER":null,"DEA_FACILITY_NAME":"VIRGINIA MASON HOSPITAL PARKING","DEA_BUSINESS_CONTACT":"VIRGINIA MASON HOSPITAL","DEA_BUSINESS_PHONE":"2066257326           ","DEA_FACILITY_ADDRESS":"1123 9TH AVE, SEATTLE, WA 98101","DEA_STALLS":310,"FAC_NAME":"VIRGINIA MASON HOSPITAL PARKING","HRS_MONFRI":null,"HRS_SAT":null,"HRS_SUN":null,"FAC_TYPE":null,"RTE_1HR":null,"RTE_2HR":null,"RTE_3HR":null,"RTE_ALLDAY":null,"DISABLED":null,"OP_NAME":null,"OP_PHONE":null,"OP_PHONE2":null,"OP_WEB":null,"PAYMENT_TYPE":null,"OTHER":"N","WEBNAME":null,"REGIONID":null,"OUTOFSERV":null,"VACANT":null,"STATUS":null,"DATETIME":null,"SE_ANNO_CAD_DATA":"","SIGNID":null,"GlobalID":"1eb85b99-c937-4728-9d68-7dd25b459e33"}},{"type":"Feature","id":229941,"geometry":{"type":"Point","coordinates":[-122.333370213362,47.6094629231664]},"properties":{"OBJECTID":229941,"BUSLIC_ID":684311,"BUSLIC_LOCATION_ID":703050,"DEA_FACILITY_OWNER":null,"DEA_FACILITY_NAME":"SEATTLE HILTON","DEA_BUSINESS_CONTACT":"ALAN LAZOWSKI","DEA_BUSINESS_PHONE":"8605227641           ","DEA_FACILITY_ADDRESS":"1301 6TH AVE, SEATTLE, WA 98101-2304","DEA_STALLS":520,"FAC_NAME":"SEATTLE HILTON","HRS_MONFRI":null,"HRS_SAT":null,"HRS_SUN":null,"FAC_TYPE":null,"RTE_1HR":null,"RTE_2HR":null,"RTE_3HR":null,"RTE_ALLDAY":null,"DISABLED":null,"OP_NAME":null,"OP_PHONE":null,"OP_PHONE2":null,"OP_WEB":null,"PAYMENT_TYPE":null,"OTHER":"N","WEBNAME":null,"REGIONID":null,"OUTOFSERV":null,"VACANT":null,"STATUS":null,"DATETIME":null,"SE_ANNO_CAD_DATA":"","SIGNID":null,"GlobalID":"9f86f6fc-4622-4057-9d3a-70fb4eaf7f63"}},{"type":"Feature","id":229942,"geometry":{"type":"Point","coordinates":[-122.333447130474,47.6075977363649]},"properties":{"OBJECTID":229942,"BUSLIC_ID":594397,"BUSLIC_LOCATION_ID":639443,"DEA_FACILITY_OWNER":null,"DEA_FACILITY_NAME":"ACE PARKING  3280 OLYMPIC GARAGE","DEA_BUSINESS_CONTACT":"KEITH JONES","DEA_BUSINESS_PHONE":"2066524533           ","DEA_FACILITY_ADDRESS":"415 SENECA ST, SEATTLE, WA 98101","DEA_STALLS":624,"FAC_NAME":"ACE PARKING  3280 OLYMPIC GARAGE","HRS_MONFRI":null,"HRS_SAT":null,"HRS_SUN":null,"FAC_TYPE":null,"RTE_1HR":null,"RTE_2HR":null,"RTE_3HR":null,"RTE_ALLDAY":null,"DISABLED":null,"OP_NAME":null,"OP_PHONE":null,"OP_PHONE2":null,"OP_WEB":null,"PAYMENT_TYPE":null,"OTHER":"N","WEBNAME":null,"REGIONID":null,"OUTOFSERV":null,"VACANT":null,"STATUS":null,"DATETIME":null,"SE_ANNO_CAD_DATA":"","SIGNID":null,"GlobalID":"fde43ecd-b47e-453f-a5ab-5de7975208e0"}},{"type":"Feature","id":229943,"geometry":{"type":"Point","coordinates":[-122.333229009659,47.6071300333913]},"properties":{"OBJECTID":229943,"BUSLIC_ID":707467,"BUSLIC_LOCATION_ID":719282,"DEA_FACILITY_OWNER":null,"DEA_FACILITY_NAME":"ACE PARKING  3290 W SEATTLE","DEA_BUSINESS_CONTACT":"KEITH JONES","DEA_BUSINESS_PHONE":"6192336624           ","DEA_FACILITY_ADDRESS":"1112 4TH AVE, SEATTLE, WA 98101","DEA_STALLS":80,"FAC_NAME":"ACE PARKING  3290 W SEATTLE","HRS_MONFRI":null,"HRS_SAT":null,"HRS_SUN":null,"FAC_TYPE":null,"RTE_1HR":null,"RTE_2HR":null,"RTE_3HR":null,"RTE_ALLDAY":null,"DISABLED":null,"OP_NAME":null,"OP_PHONE":null,"OP_PHONE2":null,"OP_WEB":null,"PAYMENT_TYPE":null,"OTHER":"N","WEBNAME":null,"REGIONID":null,"OUTOFSERV":null,"VACANT":null,"STATUS":null,"DATETIME":null,"SE_ANNO_CAD_DATA":"","SIGNID":null,"GlobalID":"08cb14e6-62bb-4a0a-871c-b54d07289817"}},{"type":"Feature","id":229944,"geometry":{"type":"Point","coordinates":[-122.332968269267,47.6064852811102]},"properties":{"OBJECTID":229944,"BUSLIC_ID":716835,"BUSLIC_LOCATION_ID":726754,"DEA_FACILITY_OWNER":null,"DEA_FACILITY_NAME":"ABM PARKING 6236","DEA_BUSINESS_CONTACT":null,"DEA_BUSINESS_PHONE":"2062670446           ","DEA_FACILITY_ADDRESS":"1000 4TH AVE, SEATTLE, WA 98104","DEA_STALLS":150,"FAC_NAME":"ABM PARKING 6236","HRS_MONFRI":null,"HRS_SAT":null,"HRS_SUN":null,"FAC_TYPE":null,"RTE_1HR":null,"RTE_2HR":null,"RTE_3HR":null,"RTE_ALLDAY":null,"DISABLED":null,"OP_NAME":null,"OP_PHONE":null,"OP_PHONE2":null,"OP_WEB":null,"PAYMENT_TYPE":null,"OTHER":"N","WEBNAME":null,"REGIONID":null,"OUTOFSERV":null,"VACANT":null,"STATUS":null,"DATETIME":null,"SE_ANNO_CAD_DATA":"","SIGNID":null,"GlobalID":"bbdc1b24-ac56-4d27-8aa9-1f578aa41f2a"}},{"type":"Feature","id":229945,"geometry":{"type":"Point","coordinates":[-122.327050221905,47.6050165357684]},"properties":{"OBJECTID":229945,"BUSLIC_ID":724978,"BUSLIC_LOCATION_ID":733347,"DEA_FACILITY_OWNER":null,"DEA_FACILITY_NAME":"IMPARK 140","DEA_BUSINESS_CONTACT":"EDWARD DANYLUK","DEA_BUSINESS_PHONE":"2063811789           ","DEA_FACILITY_ADDRESS":"600 7TH AVE, SEATTLE, WA 98104","DEA_STALLS":40,"FAC_NAME":"IMPARK 140","HRS_MONFRI":null,"HRS_SAT":null,"HRS_SUN":null,"FAC_TYPE":null,"RTE_1HR":null,"RTE_2HR":null,"RTE_3HR":null,"RTE_ALLDAY":null,"DISABLED":null,"OP_NAME":null,"OP_PHONE":null,"OP_PHONE2":null,"OP_WEB":null,"PAYMENT_TYPE":null,"OTHER":"N","WEBNAME":null,"REGIONID":null,"OUTOFSERV":null,"VACANT":null,"STATUS":null,"DATETIME":null,"SE_ANNO_CAD_DATA":"","SIGNID":null,"GlobalID":"6ec0fc79-21d7-4eb8-86d4-470379ec6968"}},{"type":"Feature","id":229946,"geometry":{"type":"Point","coordinates":[-122.333367688927,47.6045913659402]},"properties":{"OBJECTID":229946,"BUSLIC_ID":505593,"BUSLIC_LOCATION_ID":573913,"DEA_FACILITY_OWNER":null,"DEA_FACILITY_NAME":"CASCADE PARKING","DEA_BUSINESS_CONTACT":"TSEGAI HABTEMICHAEL","DEA_BUSINESS_PHONE":"2067487595           ","DEA_FACILITY_ADDRESS":"823 3RD AVE, SEATTLE, WA 98104","DEA_STALLS":37,"FAC_NAME":"CASCADE PARKING","HRS_MONFRI":null,"HRS_SAT":null,"HRS_SUN":null,"FAC_TYPE":null,"RTE_1HR":null,"RTE_2HR":null,"RTE_3HR":null,"RTE_ALLDAY":null,"DISABLED":null,"OP_NAME":null,"OP_PHONE":null,"OP_PHONE2":null,"OP_WEB":null,"PAYMENT_TYPE":null,"OTHER":"N","WEBNAME":null,"REGIONID":null,"OUTOFSERV":null,"VACANT":null,"STATUS":null,"DATETIME":null,"SE_ANNO_CAD_DATA":"","SIGNID":null,"GlobalID":"a09b87fe-f617-4dce-bbd9-1c10a4003584"}},{"type":"Feature","id":229947,"geometry":{"type":"Point","coordinates":[-122.33186517408,47.6044316926147]},"properties":{"OBJECTID":229947,"BUSLIC_ID":519468,"BUSLIC_LOCATION_ID":583925,"DEA_FACILITY_OWNER":null,"DEA_FACILITY_NAME":"UNITED PARKING 4558 4559","DEA_BUSINESS_CONTACT":"JONATHAN DIAMOND","DEA_BUSINESS_PHONE":"2062846303           ","DEA_FACILITY_ADDRESS":"723 4TH AVE, SEATTLE, WA 98104","DEA_STALLS":240,"FAC_NAME":"UNITED PARKING 4558 4559","HRS_MONFRI":null,"HRS_SAT":null,"HRS_SUN":null,"FAC_TYPE":null,"RTE_1HR":null,"RTE_2HR":null,"RTE_3HR":null,"RTE_ALLDAY":null,"DISABLED":null,"OP_NAME":null,"OP_PHONE":null,"OP_PHONE2":null,"OP_WEB":null,"PAYMENT_TYPE":null,"OTHER":"N","WEBNAME":null,"REGIONID":null,"OUTOFSERV":null,"VACANT":null,"STATUS":null,"DATETIME":null,"SE_ANNO_CAD_DATA":"","SIGNID":null,"GlobalID":"92444c9a-e7f5-4ece-805b-a01c805f81ae"}},{"type":"Feature","id":229948,"geometry":{"type":"Point","coordinates":[-122.333279043118,47.6036616871518]},"properties":{"OBJECTID":229948,"BUSLIC_ID":595696,"BUSLIC_LOCATION_ID":640396,"DEA_FACILITY_OWNER":null,"DEA_FACILITY_NAME":"CAPLANS RAINBOW PARKING INC","DEA_BUSINESS_CONTACT":"DENNIS CAPLAN","DEA_BUSINESS_PHONE":"2066822991           ","DEA_FACILITY_ADDRESS":"214 COLUMBIA ST, SEATTLE, WA 98104-1508","DEA_STALLS":80,"FAC_NAME":"CAPLANS RAINBOW PARKING INC","HRS_MONFRI":null,"HRS_SAT":null,"HRS_SUN":null,"FAC_TYPE":null,"RTE_1HR":null,"RTE_2HR":null,"RTE_3HR":null,"RTE_ALLDAY":null,"DISABLED":null,"OP_NAME":null,"OP_PHONE":null,"OP_PHONE2":null,"OP_WEB":null,"PAYMENT_TYPE":null,"OTHER":"N","WEBNAME":null,"REGIONID":null,"OUTOFSERV":null,"VACANT":null,"STATUS":null,"DATETIME":null,"SE_ANNO_CAD_DATA":"","SIGNID":null,"GlobalID":"6ea45e78-a332-40f9-ab7c-f65be2e26822"}},{"type":"Feature","id":229949,"geometry":{"type":"Point","coordinates":[-122.363784506906,47.6223474877582]},"properties":{"OBJECTID":229949,"BUSLIC_ID":534478,"BUSLIC_LOCATION_ID":593930,"DEA_FACILITY_OWNER":null,"DEA_FACILITY_NAME":"DIAMOND  A119","DEA_BUSINESS_CONTACT":"JONATHAN DIAMOND","DEA_BUSINESS_PHONE":"2062843100           ","DEA_FACILITY_ADDRESS":"401 ELLIOTT AVE W, SEATTLE, WA 98119","DEA_STALLS":432,"FAC_NAME":"DIAMOND  A119","HRS_MONFRI":null,"HRS_SAT":null,"HRS_SUN":null,"FAC_TYPE":null,"RTE_1HR":null,"RTE_2HR":null,"RTE_3HR":null,"RTE_ALLDAY":null,"DISABLED":null,"OP_NAME":null,"OP_PHONE":null,"OP_PHONE2":null,"OP_WEB":null,"PAYMENT_TYPE":null,"OTHER":"N","WEBNAME":null,"REGIONID":null,"OUTOFSERV":null,"VACANT":null,"STATUS":null,"DATETIME":null,"SE_ANNO_CAD_DATA":"","SIGNID":null,"GlobalID":"1db8db95-debc-40ca-97fb-1ee97cac7588"}},{"type":"Feature","id":229950,"geometry":{"type":"Point","coordinates":[-122.313483943055,47.5890953678098]},"properties":{"OBJECTID":229950,"BUSLIC_ID":669009,"BUSLIC_LOCATION_ID":692204,"DEA_FACILITY_OWNER":null,"DEA_FACILITY_NAME":"DIAMOND PARKING  A319","DEA_BUSINESS_CONTACT":"JONATHAN DIAMOND","DEA_BUSINESS_PHONE":"2062843100           ","DEA_FACILITY_ADDRESS":"1530 15TH AVE S, SEATTLE, WA 98144","DEA_STALLS":14,"FAC_NAME":"DIAMOND PARKING  A319","HRS_MONFRI":null,"HRS_SAT":null,"HRS_SUN":null,"FAC_TYPE":null,"RTE_1HR":null,"RTE_2HR":null,"RTE_3HR":null,"RTE_ALLDAY":null,"DISABLED":null,"OP_NAME":null,"OP_PHONE":null,"OP_PHONE2":null,"OP_WEB":null,"PAYMENT_TYPE":null,"OTHER":"N","WEBNAME":null,"REGIONID":null,"OUTOFSERV":null,"VACANT":null,"STATUS":null,"DATETIME":null,"SE_ANNO_CAD_DATA":"","SIGNID":null,"GlobalID":"83109856-328b-466e-b4bc-8b2957df90bf"}},{"type":"Feature","id":229951,"geometry":{"type":"Point","coordinates":[-122.313483943055,47.5890953678098]},"properties":{"OBJECTID":229951,"BUSLIC_ID":668962,"BUSLIC_LOCATION_ID":692204,"DEA_FACILITY_OWNER":null,"DEA_FACILITY_NAME":"DIAMOND PARKING  A319","DEA_BUSINESS_CONTACT":"JONATHAN DIAMOND","DEA_BUSINESS_PHONE":"2062843100           ","DEA_FACILITY_ADDRESS":"1530 15TH AVE S, SEATTLE, WA 98144","DEA_STALLS":14,"FAC_NAME":"DIAMOND PARKING  A319","HRS_MONFRI":null,"HRS_SAT":null,"HRS_SUN":null,"FAC_TYPE":null,"RTE_1HR":null,"RTE_2HR":null,"RTE_3HR":null,"RTE_ALLDAY":null,"DISABLED":null,"OP_NAME":null,"OP_PHONE":null,"OP_PHONE2":null,"OP_WEB":null,"PAYMENT_TYPE":null,"OTHER":"N","WEBNAME":null,"REGIONID":null,"OUTOFSERV":null,"VACANT":null,"STATUS":null,"DATETIME":null,"SE_ANNO_CAD_DATA":"","SIGNID":null,"GlobalID":"b85ba717-5f50-43af-8dbb-9e6b05a2118c"}},{"type":"Feature","id":229952,"geometry":{"type":"Point","coordinates":[-122.345093239923,47.6486616729835]},"properties":{"OBJECTID":229952,"BUSLIC_ID":5433,"BUSLIC_LOCATION_ID":4559,"DEA_FACILITY_OWNER":null,"DEA_FACILITY_NAME":"U PARK 55","DEA_BUSINESS_CONTACT":"KEN JR PHILLIPS","DEA_BUSINESS_PHONE":"2062849797           ","DEA_FACILITY_ADDRESS":"1000 N NORTHLAKE WAY, SEATTLE, WA 98103","DEA_STALLS":25,"FAC_NAME":"U PARK 55","HRS_MONFRI":null,"HRS_SAT":null,"HRS_SUN":null,"FAC_TYPE":null,"RTE_1HR":null,"RTE_2HR":null,"RTE_3HR":null,"RTE_ALLDAY":null,"DISABLED":null,"OP_NAME":null,"OP_PHONE":null,"OP_PHONE2":null,"OP_WEB":null,"PAYMENT_TYPE":null,"OTHER":"N","WEBNAME":null,"REGIONID":null,"OUTOFSERV":null,"VACANT":null,"STATUS":null,"DATETIME":null,"SE_ANNO_CAD_DATA":"","SIGNID":null,"GlobalID":"bcd73bf5-c2d6-4404-bb8e-e27493ae387f"}},{"type":"Feature","id":229953,"geometry":{"type":"Point","coordinates":[-122.325448924649,47.5963570563987]},"properties":{"OBJECTID":229953,"BUSLIC_ID":625527,"BUSLIC_LOCATION_ID":661553,"DEA_FACILITY_OWNER":null,"DEA_FACILITY_NAME":"DIAMOND PARKING  A398","DEA_BUSINESS_CONTACT":"JONATHAN DIAMOND","DEA_BUSINESS_PHONE":"2062843100           ","DEA_FACILITY_ADDRESS":"611 S LANE ST, SEATTLE, WA 98104","DEA_STALLS":24,"FAC_NAME":"DIAMOND PARKING  A398","HRS_MONFRI":null,"HRS_SAT":null,"HRS_SUN":null,"FAC_TYPE":null,"RTE_1HR":null,"RTE_2HR":null,"RTE_3HR":null,"RTE_ALLDAY":null,"DISABLED":null,"OP_NAME":null,"OP_PHONE":null,"OP_PHONE2":null,"OP_WEB":null,"PAYMENT_TYPE":null,"OTHER":"N","WEBNAME":null,"REGIONID":null,"OUTOFSERV":null,"VACANT":null,"STATUS":null,"DATETIME":null,"SE_ANNO_CAD_DATA":"","SIGNID":null,"GlobalID":"641303c4-a6a7-4a65-b482-a6c0770bd163"}},{"type":"Feature","id":229954,"geometry":{"type":"Point","coordinates":[-122.351582169615,47.6496341060903]},"properties":{"OBJECTID":229954,"BUSLIC_ID":466190,"BUSLIC_LOCATION_ID":4562,"DEA_FACILITY_OWNER":null,"DEA_FACILITY_NAME":"U PARK 58","DEA_BUSINESS_CONTACT":"KEN JR PHILLIPS","DEA_BUSINESS_PHONE":"2062849797           ","DEA_FACILITY_ADDRESS":"501 N 34TH ST, SEATTLE, WA 98103","DEA_STALLS":60,"FAC_NAME":"U PARK 58","HRS_MONFRI":null,"HRS_SAT":null,"HRS_SUN":null,"FAC_TYPE":null,"RTE_1HR":null,"RTE_2HR":null,"RTE_3HR":null,"RTE_ALLDAY":null,"DISABLED":null,"OP_NAME":null,"OP_PHONE":null,"OP_PHONE2":null,"OP_WEB":null,"PAYMENT_TYPE":null,"OTHER":"N","WEBNAME":null,"REGIONID":null,"OUTOFSERV":null,"VACANT":null,"STATUS":null,"DATETIME":null,"SE_ANNO_CAD_DATA":"","SIGNID":null,"GlobalID":"9cc58d3a-609c-4191-b4d0-0d6c706e62e5"}},{"type":"Feature","id":229955,"geometry":{"type":"Point","coordinates":[-122.33235347665,47.5978535199694]},"properties":{"OBJECTID":229955,"BUSLIC_ID":453385,"BUSLIC_LOCATION_ID":536943,"DEA_FACILITY_OWNER":null,"DEA_FACILITY_NAME":"SEAHAWKS STADIUM PARKING   NORTH LOT","DEA_BUSINESS_CONTACT":"PAUL ALLEN","DEA_BUSINESS_PHONE":"2063817555           ","DEA_FACILITY_ADDRESS":"201 S KING ST, SEATTLE, WA 98104","DEA_STALLS":1165,"FAC_NAME":"SEAHAWKS STADIUM PARKING   NORTH LOT","HRS_MONFRI":null,"HRS_SAT":null,"HRS_SUN":null,"FAC_TYPE":null,"RTE_1HR":null,"RTE_2HR":null,"RTE_3HR":null,"RTE_ALLDAY":null,"DISABLED":null,"OP_NAME":null,"OP_PHONE":null,"OP_PHONE2":null,"OP_WEB":null,"PAYMENT_TYPE":null,"OTHER":"N","WEBNAME":null,"REGIONID":null,"OUTOFSERV":null,"VACANT":null,"STATUS":null,"DATETIME":null,"SE_ANNO_CAD_DATA":"","SIGNID":null,"GlobalID":"4cddc891-35ff-4147-800c-243d6ac26382"}},{"type":"Feature","id":229956,"geometry":{"type":"Point","coordinates":[-122.29396061304,47.5626017165248]},"properties":{"OBJECTID":229956,"BUSLIC_ID":595795,"BUSLIC_LOCATION_ID":640451,"DEA_FACILITY_OWNER":null,"DEA_FACILITY_NAME":"DIAMOND PARKING  A321","DEA_BUSINESS_CONTACT":"JONATHAN DIAMOND","DEA_BUSINESS_PHONE":"2062843100           ","DEA_FACILITY_ADDRESS":"4520 M L KING JR WAY S, SEATTLE, WA 98108","DEA_STALLS":20,"FAC_NAME":"DIAMOND PARKING  A321","HRS_MONFRI":null,"HRS_SAT":null,"HRS_SUN":null,"FAC_TYPE":null,"RTE_1HR":null,"RTE_2HR":null,"RTE_3HR":null,"RTE_ALLDAY":null,"DISABLED":null,"OP_NAME":null,"OP_PHONE":null,"OP_PHONE2":null,"OP_WEB":null,"PAYMENT_TYPE":null,"OTHER":"N","WEBNAME":null,"REGIONID":null,"OUTOFSERV":null,"VACANT":null,"STATUS":null,"DATETIME":null,"SE_ANNO_CAD_DATA":"","SIGNID":null,"GlobalID":"9d533256-6c9b-409f-8f35-414bf9cf475d"}},{"type":"Feature","id":229957,"geometry":{"type":"Point","coordinates":[-122.338143269333,47.6479036182127]},"properties":{"OBJECTID":229957,"BUSLIC_ID":725020,"BUSLIC_LOCATION_ID":733377,"DEA_FACILITY_OWNER":null,"DEA_FACILITY_NAME":"IMPARK 151","DEA_BUSINESS_CONTACT":"EDWARD DANYLUK","DEA_BUSINESS_PHONE":"2063811789           ","DEA_FACILITY_ADDRESS":"1621 N 34TH ST, SEATTLE, WA 98103-9193","DEA_STALLS":312,"FAC_NAME":"IMPARK 151","HRS_MONFRI":null,"HRS_SAT":null,"HRS_SUN":null,"FAC_TYPE":null,"RTE_1HR":null,"RTE_2HR":null,"RTE_3HR":null,"RTE_ALLDAY":null,"DISABLED":null,"OP_NAME":null,"OP_PHONE":null,"OP_PHONE2":null,"OP_WEB":null,"PAYMENT_TYPE":null,"OTHER":"N","WEBNAME":null,"REGIONID":null,"OUTOFSERV":null,"VACANT":null,"STATUS":null,"DATETIME":null,"SE_ANNO_CAD_DATA":"","SIGNID":null,"GlobalID":"f355e19e-606b-4b83-96ae-feee1fe0dac4"}},{"type":"Feature","id":229958,"geometry":{"type":"Point","coordinates":[-122.331648373283,47.6061563734205]},"properties":{"OBJECTID":229958,"BUSLIC_ID":429465,"BUSLIC_LOCATION_ID":521166,"DEA_FACILITY_OWNER":null,"DEA_FACILITY_NAME":"901 5TH AVENUE GARAGE 41775","DEA_BUSINESS_CONTACT":"BILL BEATTIE","DEA_BUSINESS_PHONE":"2065215984           ","DEA_FACILITY_ADDRESS":"901 5TH AVE, SEATTLE, WA 98164-2008","DEA_STALLS":243,"FAC_NAME":"901 5TH AVENUE GARAGE 41775","HRS_MONFRI":null,"HRS_SAT":null,"HRS_SUN":null,"FAC_TYPE":null,"RTE_1HR":null,"RTE_2HR":null,"RTE_3HR":null,"RTE_ALLDAY":null,"DISABLED":null,"OP_NAME":null,"OP_PHONE":null,"OP_PHONE2":null,"OP_WEB":null,"PAYMENT_TYPE":null,"OTHER":"N","WEBNAME":null,"REGIONID":null,"OUTOFSERV":null,"VACANT":null,"STATUS":null,"DATETIME":null,"SE_ANNO_CAD_DATA":"","SIGNID":null,"GlobalID":"34e5dada-11c9-4764-9206-d1247a0a3f54"}},{"type":"Feature","id":229959,"geometry":{"type":"Point","coordinates":[-122.316103572469,47.5490059777121]},"properties":{"OBJECTID":229959,"BUSLIC_ID":635766,"BUSLIC_LOCATION_ID":668483,"DEA_FACILITY_OWNER":null,"DEA_FACILITY_NAME":"REPUBLIC PARKING 30 30 SABEY GEORGETOWN","DEA_BUSINESS_CONTACT":"GARY BECK","DEA_BUSINESS_PHONE":"2067834144           ","DEA_FACILITY_ADDRESS":"6020 AIRPORT WAY S, SEATTLE, WA 98108","DEA_STALLS":35,"FAC_NAME":"REPUBLIC PARKING 30 30 SABEY GEORGETOWN","HRS_MONFRI":null,"HRS_SAT":null,"HRS_SUN":null,"FAC_TYPE":null,"RTE_1HR":null,"RTE_2HR":null,"RTE_3HR":null,"RTE_ALLDAY":null,"DISABLED":null,"OP_NAME":null,"OP_PHONE":null,"OP_PHONE2":null,"OP_WEB":null,"PAYMENT_TYPE":null,"OTHER":"N","WEBNAME":null,"REGIONID":null,"OUTOFSERV":null,"VACANT":null,"STATUS":null,"DATETIME":null,"SE_ANNO_CAD_DATA":"","SIGNID":null,"GlobalID":"9506bb73-8743-4335-bc82-569058d962a3"}},{"type":"Feature","id":229960,"geometry":{"type":"Point","coordinates":[-122.352175471231,47.6207355268572]},"properties":{"OBJECTID":229960,"BUSLIC_ID":633689,"BUSLIC_LOCATION_ID":667049,"DEA_FACILITY_OWNER":null,"DEA_FACILITY_NAME":"THEATER COMMONS LOT 6","DEA_BUSINESS_CONTACT":"X X","DEA_BUSINESS_PHONE":"2066847236           ","DEA_FACILITY_ADDRESS":"290 2ND AVE N, SEATTLE, WA 98109","DEA_STALLS":7,"FAC_NAME":"THEATER COMMONS LOT 6","HRS_MONFRI":null,"HRS_SAT":null,"HRS_SUN":null,"FAC_TYPE":null,"RTE_1HR":null,"RTE_2HR":null,"RTE_3HR":null,"RTE_ALLDAY":null,"DISABLED":null,"OP_NAME":null,"OP_PHONE":null,"OP_PHONE2":null,"OP_WEB":null,"PAYMENT_TYPE":null,"OTHER":"N","WEBNAME":null,"REGIONID":null,"OUTOFSERV":null,"VACANT":null,"STATUS":null,"DATETIME":null,"SE_ANNO_CAD_DATA":"","SIGNID":null,"GlobalID":"5e982882-c478-4349-a93f-23a1e6066809"}},{"type":"Feature","id":229961,"geometry":{"type":"Point","coordinates":[-122.336852530084,47.6127443512374]},"properties":{"OBJECTID":229961,"BUSLIC_ID":710010,"BUSLIC_LOCATION_ID":721316,"DEA_FACILITY_OWNER":null,"DEA_FACILITY_NAME":"DIAMOND PARKING  A279","DEA_BUSINESS_CONTACT":"JONATHAN DIAMOND","DEA_BUSINESS_PHONE":"2062843100           ","DEA_FACILITY_ADDRESS":"509 OLIVE WAY, SEATTLE, WA 98101","DEA_STALLS":122,"FAC_NAME":"DIAMOND PARKING  A279","HRS_MONFRI":null,"HRS_SAT":null,"HRS_SUN":null,"FAC_TYPE":null,"RTE_1HR":null,"RTE_2HR":null,"RTE_3HR":null,"RTE_ALLDAY":null,"DISABLED":null,"OP_NAME":null,"OP_PHONE":null,"OP_PHONE2":null,"OP_WEB":null,"PAYMENT_TYPE":null,"OTHER":"N","WEBNAME":null,"REGIONID":null,"OUTOFSERV":null,"VACANT":null,"STATUS":null,"DATETIME":null,"SE_ANNO_CAD_DATA":"","SIGNID":null,"GlobalID":"46dcc71a-1012-47aa-8ef2-7d05d80a9b49"}},{"type":"Feature","id":229962,"geometry":{"type":"Point","coordinates":[-122.324864048479,47.60866021988]},"properties":{"OBJECTID":229962,"BUSLIC_ID":535907,"BUSLIC_LOCATION_ID":596076,"DEA_FACILITY_OWNER":null,"DEA_FACILITY_NAME":"CABRINI TOWER GARAGE 81115","DEA_BUSINESS_CONTACT":"BILL BEATTIE","DEA_BUSINESS_PHONE":"2063818552           ","DEA_FACILITY_ADDRESS":"1010 MARION ST, SEATTLE, WA 98104","DEA_STALLS":386,"FAC_NAME":"CABRINI TOWER GARAGE 81115","HRS_MONFRI":null,"HRS_SAT":null,"HRS_SUN":null,"FAC_TYPE":null,"RTE_1HR":null,"RTE_2HR":null,"RTE_3HR":null,"RTE_ALLDAY":null,"DISABLED":null,"OP_NAME":null,"OP_PHONE":null,"OP_PHONE2":null,"OP_WEB":null,"PAYMENT_TYPE":null,"OTHER":"N","WEBNAME":null,"REGIONID":null,"OUTOFSERV":null,"VACANT":null,"STATUS":null,"DATETIME":null,"SE_ANNO_CAD_DATA":"","SIGNID":null,"GlobalID":"9d4255bf-9434-4d63-87ce-05dada7f97c8"}},{"type":"Feature","id":229963,"geometry":{"type":"Point","coordinates":[-122.322978418948,47.5973333984378]},"properties":{"OBJECTID":229963,"BUSLIC_ID":19952,"BUSLIC_LOCATION_ID":17660,"DEA_FACILITY_OWNER":null,"DEA_FACILITY_NAME":"INTL DIST MERCHANTS  32","DEA_BUSINESS_CONTACT":"MICHAEL OLSON","DEA_BUSINESS_PHONE":"2066824233           ","DEA_FACILITY_ADDRESS":"751 S WELLER ST, SEATTLE, WA 98104","DEA_STALLS":13,"FAC_NAME":"INTL DIST MERCHANTS  32","HRS_MONFRI":null,"HRS_SAT":null,"HRS_SUN":null,"FAC_TYPE":null,"RTE_1HR":null,"RTE_2HR":null,"RTE_3HR":null,"RTE_ALLDAY":null,"DISABLED":null,"OP_NAME":null,"OP_PHONE":null,"OP_PHONE2":null,"OP_WEB":null,"PAYMENT_TYPE":null,"OTHER":"N","WEBNAME":null,"REGIONID":null,"OUTOFSERV":null,"VACANT":null,"STATUS":null,"DATETIME":null,"SE_ANNO_CAD_DATA":"","SIGNID":null,"GlobalID":"2694461b-1d43-420e-b5c3-42c544e82f9a"}},{"type":"Feature","id":229964,"geometry":{"type":"Point","coordinates":[-122.322978418948,47.5973333984378]},"properties":{"OBJECTID":229964,"BUSLIC_ID":19952,"BUSLIC_LOCATION_ID":17660,"DEA_FACILITY_OWNER":null,"DEA_FACILITY_NAME":"INTL DIST MERCHANTS  32","DEA_BUSINESS_CONTACT":"MICHAEL OLSON","DEA_BUSINESS_PHONE":"2066243426           ","DEA_FACILITY_ADDRESS":"751 S WELLER ST, SEATTLE, WA 98104","DEA_STALLS":13,"FAC_NAME":"INTL DIST MERCHANTS  32","HRS_MONFRI":null,"HRS_SAT":null,"HRS_SUN":null,"FAC_TYPE":null,"RTE_1HR":null,"RTE_2HR":null,"RTE_3HR":null,"RTE_ALLDAY":null,"DISABLED":null,"OP_NAME":null,"OP_PHONE":null,"OP_PHONE2":null,"OP_WEB":null,"PAYMENT_TYPE":null,"OTHER":"N","WEBNAME":null,"REGIONID":null,"OUTOFSERV":null,"VACANT":null,"STATUS":null,"DATETIME":null,"SE_ANNO_CAD_DATA":"","SIGNID":null,"GlobalID":"256b2744-0ad1-4e9a-9712-18aaf1fb5f2e"}},{"type":"Feature","id":229965,"geometry":{"type":"Point","coordinates":[-122.342505165703,47.6160489670307]},"properties":{"OBJECTID":229965,"BUSLIC_ID":469209,"BUSLIC_LOCATION_ID":548441,"DEA_FACILITY_OWNER":null,"DEA_FACILITY_NAME":"IMPARK  14","DEA_BUSINESS_CONTACT":"EDWARD DANYLUK","DEA_BUSINESS_PHONE":"2063811789           ","DEA_FACILITY_ADDRESS":"2230 5TH AVE, SEATTLE, WA 98121","DEA_STALLS":71,"FAC_NAME":"IMPARK  14","HRS_MONFRI":null,"HRS_SAT":null,"HRS_SUN":null,"FAC_TYPE":null,"RTE_1HR":null,"RTE_2HR":null,"RTE_3HR":null,"RTE_ALLDAY":null,"DISABLED":null,"OP_NAME":null,"OP_PHONE":null,"OP_PHONE2":null,"OP_WEB":null,"PAYMENT_TYPE":null,"OTHER":"N","WEBNAME":null,"REGIONID":null,"OUTOFSERV":null,"VACANT":null,"STATUS":null,"DATETIME":null,"SE_ANNO_CAD_DATA":"","SIGNID":null,"GlobalID":"724ed5e5-d158-4725-a33d-6cb0f1418796"}},{"type":"Feature","id":229966,"geometry":{"type":"Point","coordinates":[-122.336589861142,47.6029785501816]},"properties":{"OBJECTID":229966,"BUSLIC_ID":700765,"BUSLIC_LOCATION_ID":583924,"DEA_FACILITY_OWNER":null,"DEA_FACILITY_NAME":"UNITED PARKING  4552","DEA_BUSINESS_CONTACT":"JONATHAN DIAMOND","DEA_BUSINESS_PHONE":"2062843100           ","DEA_FACILITY_ADDRESS":"811 WESTERN AVE, SEATTLE, WA 98104","DEA_STALLS":139,"FAC_NAME":"UNITED PARKING  4552","HRS_MONFRI":null,"HRS_SAT":null,"HRS_SUN":null,"FAC_TYPE":null,"RTE_1HR":null,"RTE_2HR":null,"RTE_3HR":null,"RTE_ALLDAY":null,"DISABLED":null,"OP_NAME":null,"OP_PHONE":null,"OP_PHONE2":null,"OP_WEB":null,"PAYMENT_TYPE":null,"OTHER":"N","WEBNAME":null,"REGIONID":null,"OUTOFSERV":null,"VACANT":null,"STATUS":null,"DATETIME":null,"SE_ANNO_CAD_DATA":"","SIGNID":null,"GlobalID":"26fff07a-26e4-46c8-820f-3c3960950685"}},{"type":"Feature","id":229967,"geometry":{"type":"Point","coordinates":[-122.334368361846,47.601965374065]},"properties":{"OBJECTID":229967,"BUSLIC_ID":511118,"BUSLIC_LOCATION_ID":577714,"DEA_FACILITY_OWNER":null,"DEA_FACILITY_NAME":"UNITED PARKING SERVICES LLC","DEA_BUSINESS_CONTACT":"JONATHAN DIAMOND","DEA_BUSINESS_PHONE":"2069929942           ","DEA_FACILITY_ADDRESS":"605 1ST AVE # 600, SEATTLE, WA 98104","DEA_STALLS":0,"FAC_NAME":"UNITED PARKING SERVICES LLC","HRS_MONFRI":null,"HRS_SAT":null,"HRS_SUN":null,"FAC_TYPE":null,"RTE_1HR":null,"RTE_2HR":null,"RTE_3HR":null,"RTE_ALLDAY":null,"DISABLED":null,"OP_NAME":null,"OP_PHONE":null,"OP_PHONE2":null,"OP_WEB":null,"PAYMENT_TYPE":null,"OTHER":"N","WEBNAME":null,"REGIONID":null,"OUTOFSERV":null,"VACANT":null,"STATUS":null,"DATETIME":null,"SE_ANNO_CAD_DATA":"","SIGNID":null,"GlobalID":"c116c7b1-bf0a-45e0-a10e-b1eff0b7f38e"}},{"type":"Feature","id":229968,"geometry":{"type":"Point","coordinates":[-122.334368361846,47.601965374065]},"properties":{"OBJECTID":229968,"BUSLIC_ID":401282,"BUSLIC_LOCATION_ID":1571,"DEA_FACILITY_OWNER":null,"DEA_FACILITY_NAME":"DIAMOND PARKING","DEA_BUSINESS_CONTACT":"BOB TURLEY","DEA_BUSINESS_PHONE":"2062846303           ","DEA_FACILITY_ADDRESS":"605 1ST AVE # 600, SEATTLE, WA 98104","DEA_STALLS":0,"FAC_NAME":"DIAMOND PARKING","HRS_MONFRI":null,"HRS_SAT":null,"HRS_SUN":null,"FAC_TYPE":null,"RTE_1HR":null,"RTE_2HR":null,"RTE_3HR":null,"RTE_ALLDAY":null,"DISABLED":null,"OP_NAME":null,"OP_PHONE":null,"OP_PHONE2":null,"OP_WEB":null,"PAYMENT_TYPE":null,"OTHER":"N","WEBNAME":null,"REGIONID":null,"OUTOFSERV":null,"VACANT":null,"STATUS":null,"DATETIME":null,"SE_ANNO_CAD_DATA":"","SIGNID":null,"GlobalID":"573a0fd2-9320-4a16-a439-288b03faa8a4"}},{"type":"Feature","id":229969,"geometry":{"type":"Point","coordinates":[-122.334368361846,47.601965374065]},"properties":{"OBJECTID":229969,"BUSLIC_ID":502166,"BUSLIC_LOCATION_ID":571386,"DEA_FACILITY_OWNER":null,"DEA_FACILITY_NAME":"DIAMOND PARKING SERVICES LLC","DEA_BUSINESS_CONTACT":"JONATHAN DIAMOND","DEA_BUSINESS_PHONE":"2069929475           ","DEA_FACILITY_ADDRESS":"605 1ST AVE # 600, SEATTLE, WA 98104","DEA_STALLS":0,"FAC_NAME":"DIAMOND PARKING SERVICES LLC","HRS_MONFRI":null,"HRS_SAT":null,"HRS_SUN":null,"FAC_TYPE":null,"RTE_1HR":null,"RTE_2HR":null,"RTE_3HR":null,"RTE_ALLDAY":null,"DISABLED":null,"OP_NAME":null,"OP_PHONE":null,"OP_PHONE2":null,"OP_WEB":null,"PAYMENT_TYPE":null,"OTHER":"N","WEBNAME":null,"REGIONID":null,"OUTOFSERV":null,"VACANT":null,"STATUS":null,"DATETIME":null,"SE_ANNO_CAD_DATA":"","SIGNID":null,"GlobalID":"20628dcd-746a-4c8a-939b-54f38318ddf6"}},{"type":"Feature","id":229970,"geometry":{"type":"Point","coordinates":[-122.334368361846,47.601965374065]},"properties":{"OBJECTID":229970,"BUSLIC_ID":511118,"BUSLIC_LOCATION_ID":577714,"DEA_FACILITY_OWNER":null,"DEA_FACILITY_NAME":"UNITED PARKING SERVICES LLC","DEA_BUSINESS_CONTACT":"JONATHAN DIAMOND","DEA_BUSINESS_PHONE":"2062843100           ","DEA_FACILITY_ADDRESS":"605 1ST AVE # 600, SEATTLE, WA 98104","DEA_STALLS":0,"FAC_NAME":"UNITED PARKING SERVICES LLC","HRS_MONFRI":null,"HRS_SAT":null,"HRS_SUN":null,"FAC_TYPE":null,"RTE_1HR":null,"RTE_2HR":null,"RTE_3HR":null,"RTE_ALLDAY":null,"DISABLED":null,"OP_NAME":null,"OP_PHONE":null,"OP_PHONE2":null,"OP_WEB":null,"PAYMENT_TYPE":null,"OTHER":"N","WEBNAME":null,"REGIONID":null,"OUTOFSERV":null,"VACANT":null,"STATUS":null,"DATETIME":null,"SE_ANNO_CAD_DATA":"","SIGNID":null,"GlobalID":"7255a1d1-4ca5-4b6e-884a-2801b47addfb"}},{"type":"Feature","id":229971,"geometry":{"type":"Point","coordinates":[-122.334368361846,47.601965374065]},"properties":{"OBJECTID":229971,"BUSLIC_ID":502166,"BUSLIC_LOCATION_ID":571386,"DEA_FACILITY_OWNER":null,"DEA_FACILITY_NAME":"DIAMOND PARKING SERVICES LLC","DEA_BUSINESS_CONTACT":"JONATHAN DIAMOND","DEA_BUSINESS_PHONE":"2062843100           ","DEA_FACILITY_ADDRESS":"605 1ST AVE # 600, SEATTLE, WA 98104","DEA_STALLS":0,"FAC_NAME":"DIAMOND PARKING SERVICES LLC","HRS_MONFRI":null,"HRS_SAT":null,"HRS_SUN":null,"FAC_TYPE":null,"RTE_1HR":null,"RTE_2HR":null,"RTE_3HR":null,"RTE_ALLDAY":null,"DISABLED":null,"OP_NAME":null,"OP_PHONE":null,"OP_PHONE2":null,"OP_WEB":null,"PAYMENT_TYPE":null,"OTHER":"N","WEBNAME":null,"REGIONID":null,"OUTOFSERV":null,"VACANT":null,"STATUS":null,"DATETIME":null,"SE_ANNO_CAD_DATA":"","SIGNID":null,"GlobalID":"1542135d-9062-4868-9b2b-a31fdf40d944"}},{"type":"Feature","id":229972,"geometry":{"type":"Point","coordinates":[-122.334368361846,47.601965374065]},"properties":{"OBJECTID":229972,"BUSLIC_ID":725388,"BUSLIC_LOCATION_ID":36277,"DEA_FACILITY_OWNER":null,"DEA_FACILITY_NAME":"UNITED PARKING INC","DEA_BUSINESS_CONTACT":"JONATHAN DIAMOND","DEA_BUSINESS_PHONE":"2062843100           ","DEA_FACILITY_ADDRESS":"605 1ST AVE # 600, SEATTLE, WA 98104","DEA_STALLS":0,"FAC_NAME":"UNITED PARKING INC","HRS_MONFRI":null,"HRS_SAT":null,"HRS_SUN":null,"FAC_TYPE":null,"RTE_1HR":null,"RTE_2HR":null,"RTE_3HR":null,"RTE_ALLDAY":null,"DISABLED":null,"OP_NAME":null,"OP_PHONE":null,"OP_PHONE2":null,"OP_WEB":null,"PAYMENT_TYPE":null,"OTHER":"N","WEBNAME":null,"REGIONID":null,"OUTOFSERV":null,"VACANT":null,"STATUS":null,"DATETIME":null,"SE_ANNO_CAD_DATA":"","SIGNID":null,"GlobalID":"88dcfe36-89fb-47f0-86b1-dd272d5c42c1"}},{"type":"Feature","id":229973,"geometry":{"type":"Point","coordinates":[-122.334368361846,47.601965374065]},"properties":{"OBJECTID":229973,"BUSLIC_ID":725388,"BUSLIC_LOCATION_ID":36277,"DEA_FACILITY_OWNER":null,"DEA_FACILITY_NAME":"UNITED PARKING INC","DEA_BUSINESS_CONTACT":"JONATHAN DIAMOND","DEA_BUSINESS_PHONE":"2064367231           ","DEA_FACILITY_ADDRESS":"605 1ST AVE # 600, SEATTLE, WA 98104","DEA_STALLS":0,"FAC_NAME":"UNITED PARKING INC","HRS_MONFRI":null,"HRS_SAT":null,"HRS_SUN":null,"FAC_TYPE":null,"RTE_1HR":null,"RTE_2HR":null,"RTE_3HR":null,"RTE_ALLDAY":null,"DISABLED":null,"OP_NAME":null,"OP_PHONE":null,"OP_PHONE2":null,"OP_WEB":null,"PAYMENT_TYPE":null,"OTHER":"N","WEBNAME":null,"REGIONID":null,"OUTOFSERV":null,"VACANT":null,"STATUS":null,"DATETIME":null,"SE_ANNO_CAD_DATA":"","SIGNID":null,"GlobalID":"acc563bb-0b2d-4522-99ea-be93ffba8503"}},{"type":"Feature","id":229974,"geometry":{"type":"Point","coordinates":[-122.334368361846,47.601965374065]},"properties":{"OBJECTID":229974,"BUSLIC_ID":401282,"BUSLIC_LOCATION_ID":1571,"DEA_FACILITY_OWNER":null,"DEA_FACILITY_NAME":"DIAMOND PARKING","DEA_BUSINESS_CONTACT":"BOB TURLEY","DEA_BUSINESS_PHONE":"2066846303           ","DEA_FACILITY_ADDRESS":"605 1ST AVE # 600, SEATTLE, WA 98104","DEA_STALLS":0,"FAC_NAME":"DIAMOND PARKING","HRS_MONFRI":null,"HRS_SAT":null,"HRS_SUN":null,"FAC_TYPE":null,"RTE_1HR":null,"RTE_2HR":null,"RTE_3HR":null,"RTE_ALLDAY":null,"DISABLED":null,"OP_NAME":null,"OP_PHONE":null,"OP_PHONE2":null,"OP_WEB":null,"PAYMENT_TYPE":null,"OTHER":"N","WEBNAME":null,"REGIONID":null,"OUTOFSERV":null,"VACANT":null,"STATUS":null,"DATETIME":null,"SE_ANNO_CAD_DATA":"","SIGNID":null,"GlobalID":"f723fc34-3a82-4e65-8bbe-e69558ad4fb8"}},{"type":"Feature","id":229975,"geometry":{"type":"Point","coordinates":[-122.334368361846,47.601965374065]},"properties":{"OBJECTID":229975,"BUSLIC_ID":502166,"BUSLIC_LOCATION_ID":571386,"DEA_FACILITY_OWNER":null,"DEA_FACILITY_NAME":"DIAMOND PARKING SERVICES LLC","DEA_BUSINESS_CONTACT":"JONATHAN DIAMOND","DEA_BUSINESS_PHONE":"2064367266           ","DEA_FACILITY_ADDRESS":"605 1ST AVE # 600, SEATTLE, WA 98104","DEA_STALLS":0,"FAC_NAME":"DIAMOND PARKING SERVICES LLC","HRS_MONFRI":null,"HRS_SAT":null,"HRS_SUN":null,"FAC_TYPE":null,"RTE_1HR":null,"RTE_2HR":null,"RTE_3HR":null,"RTE_ALLDAY":null,"DISABLED":null,"OP_NAME":null,"OP_PHONE":null,"OP_PHONE2":null,"OP_WEB":null,"PAYMENT_TYPE":null,"OTHER":"N","WEBNAME":null,"REGIONID":null,"OUTOFSERV":null,"VACANT":null,"STATUS":null,"DATETIME":null,"SE_ANNO_CAD_DATA":"","SIGNID":null,"GlobalID":"38070a0e-e4b9-400c-b73b-ed9f3bbc15da"}},{"type":"Feature","id":229976,"geometry":{"type":"Point","coordinates":[-122.334368361846,47.601965374065]},"properties":{"OBJECTID":229976,"BUSLIC_ID":502166,"BUSLIC_LOCATION_ID":571386,"DEA_FACILITY_OWNER":null,"DEA_FACILITY_NAME":"DIAMOND PARKING SERVICES LLC","DEA_BUSINESS_CONTACT":"JONATHAN DIAMOND","DEA_BUSINESS_PHONE":"2062846303           ","DEA_FACILITY_ADDRESS":"605 1ST AVE # 600, SEATTLE, WA 98104","DEA_STALLS":0,"FAC_NAME":"DIAMOND PARKING SERVICES LLC","HRS_MONFRI":null,"HRS_SAT":null,"HRS_SUN":null,"FAC_TYPE":null,"RTE_1HR":null,"RTE_2HR":null,"RTE_3HR":null,"RTE_ALLDAY":null,"DISABLED":null,"OP_NAME":null,"OP_PHONE":null,"OP_PHONE2":null,"OP_WEB":null,"PAYMENT_TYPE":null,"OTHER":"N","WEBNAME":null,"REGIONID":null,"OUTOFSERV":null,"VACANT":null,"STATUS":null,"DATETIME":null,"SE_ANNO_CAD_DATA":"","SIGNID":null,"GlobalID":"d2e5218e-471c-4f0c-b871-f12835f3e859"}},{"type":"Feature","id":229977,"geometry":{"type":"Point","coordinates":[-122.334368361846,47.601965374065]},"properties":{"OBJECTID":229977,"BUSLIC_ID":534753,"BUSLIC_LOCATION_ID":593906,"DEA_FACILITY_OWNER":null,"DEA_FACILITY_NAME":"DIAMOND A035","DEA_BUSINESS_CONTACT":"JONATHAN DIAMOND","DEA_BUSINESS_PHONE":"2062843100           ","DEA_FACILITY_ADDRESS":"615 1ST AVE, SEATTLE, WA 98104","DEA_STALLS":34,"FAC_NAME":"DIAMOND A035","HRS_MONFRI":null,"HRS_SAT":null,"HRS_SUN":null,"FAC_TYPE":null,"RTE_1HR":null,"RTE_2HR":null,"RTE_3HR":null,"RTE_ALLDAY":null,"DISABLED":null,"OP_NAME":null,"OP_PHONE":null,"OP_PHONE2":null,"OP_WEB":null,"PAYMENT_TYPE":null,"OTHER":"N","WEBNAME":null,"REGIONID":null,"OUTOFSERV":null,"VACANT":null,"STATUS":null,"DATETIME":null,"SE_ANNO_CAD_DATA":"","SIGNID":null,"GlobalID":"8e902290-5f9e-46ba-934f-89c2f390bd92"}},{"type":"Feature","id":229978,"geometry":{"type":"Point","coordinates":[-122.334673712008,47.5976659442472]},"properties":{"OBJECTID":229978,"BUSLIC_ID":664642,"BUSLIC_LOCATION_ID":688895,"DEA_FACILITY_OWNER":null,"DEA_FACILITY_NAME":"IPM 505 FIRST AVE","DEA_BUSINESS_CONTACT":"JOAN SUNDBERG","DEA_BUSINESS_PHONE":"2062540811           ","DEA_FACILITY_ADDRESS":"505 1ST AVE S, SEATTLE, WA 98104-2803","DEA_STALLS":440,"FAC_NAME":"IPM 505 FIRST AVE","HRS_MONFRI":null,"HRS_SAT":null,"HRS_SUN":null,"FAC_TYPE":null,"RTE_1HR":null,"RTE_2HR":null,"RTE_3HR":null,"RTE_ALLDAY":null,"DISABLED":null,"OP_NAME":null,"OP_PHONE":null,"OP_PHONE2":null,"OP_WEB":null,"PAYMENT_TYPE":null,"OTHER":"N","WEBNAME":null,"REGIONID":null,"OUTOFSERV":null,"VACANT":null,"STATUS":null,"DATETIME":null,"SE_ANNO_CAD_DATA":"","SIGNID":null,"GlobalID":"991ebd04-c535-444e-ab85-37e7e2fbd477"}},{"type":"Feature","id":229979,"geometry":{"type":"Point","coordinates":[-122.33655861781,47.6028418388208]},"properties":{"OBJECTID":229979,"BUSLIC_ID":658501,"BUSLIC_LOCATION_ID":684468,"DEA_FACILITY_OWNER":null,"DEA_FACILITY_NAME":"UNITED PARKING  4578","DEA_BUSINESS_CONTACT":"JONATHAN DIAMOND","DEA_BUSINESS_PHONE":"2062843100           ","DEA_FACILITY_ADDRESS":"801 WESTERN AVE, SEATTLE, WA 98104","DEA_STALLS":47,"FAC_NAME":"UNITED PARKING  4578","HRS_MONFRI":null,"HRS_SAT":null,"HRS_SUN":null,"FAC_TYPE":null,"RTE_1HR":null,"RTE_2HR":null,"RTE_3HR":null,"RTE_ALLDAY":null,"DISABLED":null,"OP_NAME":null,"OP_PHONE":null,"OP_PHONE2":null,"OP_WEB":null,"PAYMENT_TYPE":null,"OTHER":"N","WEBNAME":null,"REGIONID":null,"OUTOFSERV":null,"VACANT":null,"STATUS":null,"DATETIME":null,"SE_ANNO_CAD_DATA":"","SIGNID":null,"GlobalID":"dd502d3b-1722-465e-9146-16f3f8e20e09"}},{"type":"Feature","id":229980,"geometry":{"type":"Point","coordinates":[-122.327408891115,47.600396217242]},"properties":{"OBJECTID":229980,"BUSLIC_ID":19925,"BUSLIC_LOCATION_ID":17646,"DEA_FACILITY_OWNER":null,"DEA_FACILITY_NAME":"INTL DISTRICT MERCHANTS PARKING ASSN","DEA_BUSINESS_CONTACT":"MICHAEL OLSON","DEA_BUSINESS_PHONE":"2066243426           ","DEA_FACILITY_ADDRESS":"214 5TH AVE S, SEATTLE, WA 98104","DEA_STALLS":36,"FAC_NAME":"INTL DISTRICT MERCHANTS PARKING ASSN","HRS_MONFRI":null,"HRS_SAT":null,"HRS_SUN":null,"FAC_TYPE":null,"RTE_1HR":null,"RTE_2HR":null,"RTE_3HR":null,"RTE_ALLDAY":null,"DISABLED":null,"OP_NAME":null,"OP_PHONE":null,"OP_PHONE2":null,"OP_WEB":null,"PAYMENT_TYPE":null,"OTHER":"N","WEBNAME":null,"REGIONID":null,"OUTOFSERV":null,"VACANT":null,"STATUS":null,"DATETIME":null,"SE_ANNO_CAD_DATA":"","SIGNID":null,"GlobalID":"e92cfea8-e1f8-4df6-92c2-c7489e9036ab"}},{"type":"Feature","id":229981,"geometry":{"type":"Point","coordinates":[-122.326755406181,47.5989716299423]},"properties":{"OBJECTID":229981,"BUSLIC_ID":673022,"BUSLIC_LOCATION_ID":695092,"DEA_FACILITY_OWNER":null,"DEA_FACILITY_NAME":"BOA S JACKSON ST","DEA_BUSINESS_CONTACT":"ALAN LAZOWSKI","DEA_BUSINESS_PHONE":"8605227641           ","DEA_FACILITY_ADDRESS":"525 S JACKSON ST, SEATTLE, WA 98104-2828","DEA_STALLS":31,"FAC_NAME":"BOA S JACKSON ST","HRS_MONFRI":null,"HRS_SAT":null,"HRS_SUN":null,"FAC_TYPE":null,"RTE_1HR":null,"RTE_2HR":null,"RTE_3HR":null,"RTE_ALLDAY":null,"DISABLED":null,"OP_NAME":null,"OP_PHONE":null,"OP_PHONE2":null,"OP_WEB":null,"PAYMENT_TYPE":null,"OTHER":"N","WEBNAME":null,"REGIONID":null,"OUTOFSERV":null,"VACANT":null,"STATUS":null,"DATETIME":null,"SE_ANNO_CAD_DATA":"","SIGNID":null,"GlobalID":"30643866-3334-4c74-9a17-4070923bb70b"}},{"type":"Feature","id":229982,"geometry":{"type":"Point","coordinates":[-122.326051105683,47.5989785977548]},"properties":{"OBJECTID":229982,"BUSLIC_ID":19928,"BUSLIC_LOCATION_ID":17648,"DEA_FACILITY_OWNER":null,"DEA_FACILITY_NAME":"INTL DIST MERCHANTS  02","DEA_BUSINESS_CONTACT":"MICHAEL OLSON","DEA_BUSINESS_PHONE":"2066243426           ","DEA_FACILITY_ADDRESS":"601 S JACKSON ST, SEATTLE, WA 98104","DEA_STALLS":23,"FAC_NAME":"INTL DIST MERCHANTS  02","HRS_MONFRI":null,"HRS_SAT":null,"HRS_SUN":null,"FAC_TYPE":null,"RTE_1HR":null,"RTE_2HR":null,"RTE_3HR":null,"RTE_ALLDAY":null,"DISABLED":null,"OP_NAME":null,"OP_PHONE":null,"OP_PHONE2":null,"OP_WEB":null,"PAYMENT_TYPE":null,"OTHER":"N","WEBNAME":null,"REGIONID":null,"OUTOFSERV":null,"VACANT":null,"STATUS":null,"DATETIME":null,"SE_ANNO_CAD_DATA":"","SIGNID":null,"GlobalID":"becd4ff6-9665-4089-8eb6-0c882c5420dd"}},{"type":"Feature","id":229983,"geometry":{"type":"Point","coordinates":[-122.324156098419,47.598983375342]},"properties":{"OBJECTID":229983,"BUSLIC_ID":688157,"BUSLIC_LOCATION_ID":705815,"DEA_FACILITY_OWNER":null,"DEA_FACILITY_NAME":"LOT 57","DEA_BUSINESS_CONTACT":"JOAN SUNDBERG","DEA_BUSINESS_PHONE":"2062540811           ","DEA_FACILITY_ADDRESS":"677 S JACKSON ST, SEATTLE, WA 98104-2928","DEA_STALLS":36,"FAC_NAME":"LOT 57","HRS_MONFRI":null,"HRS_SAT":null,"HRS_SUN":null,"FAC_TYPE":null,"RTE_1HR":null,"RTE_2HR":null,"RTE_3HR":null,"RTE_ALLDAY":null,"DISABLED":null,"OP_NAME":null,"OP_PHONE":null,"OP_PHONE2":null,"OP_WEB":null,"PAYMENT_TYPE":null,"OTHER":"N","WEBNAME":null,"REGIONID":null,"OUTOFSERV":null,"VACANT":null,"STATUS":null,"DATETIME":null,"SE_ANNO_CAD_DATA":"","SIGNID":null,"GlobalID":"bf0d4fe3-4de5-4f01-b7f2-049c93dc55d8"}},{"type":"Feature","id":229984,"geometry":{"type":"Point","coordinates":[-122.3268740716,47.5969843713813]},"properties":{"OBJECTID":229984,"BUSLIC_ID":462136,"BUSLIC_LOCATION_ID":543207,"DEA_FACILITY_OWNER":null,"DEA_FACILITY_NAME":"IPM  UV","DEA_BUSINESS_CONTACT":"JOAN SUNDBERG","DEA_BUSINESS_PHONE":"2069327809           ","DEA_FACILITY_ADDRESS":"600 5TH AVE S, SEATTLE, WA 98104","DEA_STALLS":365,"FAC_NAME":"IPM  UV","HRS_MONFRI":null,"HRS_SAT":null,"HRS_SUN":null,"FAC_TYPE":null,"RTE_1HR":null,"RTE_2HR":null,"RTE_3HR":null,"RTE_ALLDAY":null,"DISABLED":null,"OP_NAME":null,"OP_PHONE":null,"OP_PHONE2":null,"OP_WEB":null,"PAYMENT_TYPE":null,"OTHER":"N","WEBNAME":null,"REGIONID":null,"OUTOFSERV":null,"VACANT":null,"STATUS":null,"DATETIME":null,"SE_ANNO_CAD_DATA":"","SIGNID":null,"GlobalID":"59cd2c2e-3cd6-4cdf-a88c-4d4d3c6e1e33"}},{"type":"Feature","id":229985,"geometry":{"type":"Point","coordinates":[-122.326009495187,47.5970130869197]},"properties":{"OBJECTID":229985,"BUSLIC_ID":19950,"BUSLIC_LOCATION_ID":17659,"DEA_FACILITY_OWNER":null,"DEA_FACILITY_NAME":"INTL DIST MERCHANTS  27","DEA_BUSINESS_CONTACT":"MICHAEL OLSON","DEA_BUSINESS_PHONE":"2066243426           ","DEA_FACILITY_ADDRESS":"616 6TH AVE S, SEATTLE, WA 98104","DEA_STALLS":30,"FAC_NAME":"INTL DIST MERCHANTS  27","HRS_MONFRI":null,"HRS_SAT":null,"HRS_SUN":null,"FAC_TYPE":null,"RTE_1HR":null,"RTE_2HR":null,"RTE_3HR":null,"RTE_ALLDAY":null,"DISABLED":null,"OP_NAME":null,"OP_PHONE":null,"OP_PHONE2":null,"OP_WEB":null,"PAYMENT_TYPE":null,"OTHER":"N","WEBNAME":null,"REGIONID":null,"OUTOFSERV":null,"VACANT":null,"STATUS":null,"DATETIME":null,"SE_ANNO_CAD_DATA":"","SIGNID":null,"GlobalID":"b0f9dd0f-3fea-4c06-b11b-3ab34aa61f74"}},{"type":"Feature","id":229986,"geometry":{"type":"Point","coordinates":[-122.324736905973,47.596971389556]},"properties":{"OBJECTID":229986,"BUSLIC_ID":614822,"BUSLIC_LOCATION_ID":653864,"DEA_FACILITY_OWNER":null,"DEA_FACILITY_NAME":"DIAMOND PARKING  A218","DEA_BUSINESS_CONTACT":"JONATHAN DIAMOND","DEA_BUSINESS_PHONE":"2062813100           ","DEA_FACILITY_ADDRESS":"614 MAYNARD AVE S, SEATTLE, WA 98104","DEA_STALLS":36,"FAC_NAME":"DIAMOND PARKING  A218","HRS_MONFRI":null,"HRS_SAT":null,"HRS_SUN":null,"FAC_TYPE":null,"RTE_1HR":null,"RTE_2HR":null,"RTE_3HR":null,"RTE_ALLDAY":null,"DISABLED":null,"OP_NAME":null,"OP_PHONE":null,"OP_PHONE2":null,"OP_WEB":null,"PAYMENT_TYPE":null,"OTHER":"N","WEBNAME":null,"REGIONID":null,"OUTOFSERV":null,"VACANT":null,"STATUS":null,"DATETIME":null,"SE_ANNO_CAD_DATA":"","SIGNID":null,"GlobalID":"af612fd3-a268-41b8-bacf-2a65e4794950"}},{"type":"Feature","id":229987,"geometry":{"type":"Point","coordinates":[-122.329021359807,47.6023930869239]},"properties":{"OBJECTID":229987,"BUSLIC_ID":666620,"BUSLIC_LOCATION_ID":690380,"DEA_FACILITY_OWNER":null,"DEA_FACILITY_NAME":"DIAMOND PARKING  A474","DEA_BUSINESS_CONTACT":"JONATHAN DIAMOND","DEA_BUSINESS_PHONE":"2062843100           ","DEA_FACILITY_ADDRESS":"414 4TH AVE, SEATTLE, WA 98104","DEA_STALLS":28,"FAC_NAME":"DIAMOND PARKING  A474","HRS_MONFRI":null,"HRS_SAT":null,"HRS_SUN":null,"FAC_TYPE":null,"RTE_1HR":null,"RTE_2HR":null,"RTE_3HR":null,"RTE_ALLDAY":null,"DISABLED":null,"OP_NAME":null,"OP_PHONE":null,"OP_PHONE2":null,"OP_WEB":null,"PAYMENT_TYPE":null,"OTHER":"N","WEBNAME":null,"REGIONID":null,"OUTOFSERV":null,"VACANT":null,"STATUS":null,"DATETIME":null,"SE_ANNO_CAD_DATA":"","SIGNID":null,"GlobalID":"f98f25ba-a010-49a8-928c-34fdd91dc765"}},{"type":"Feature","id":229988,"geometry":{"type":"Point","coordinates":[-122.328766267159,47.6021140862607]},"properties":{"OBJECTID":229988,"BUSLIC_ID":533662,"BUSLIC_LOCATION_ID":594731,"DEA_FACILITY_OWNER":null,"DEA_FACILITY_NAME":"UNITED PARKING  4507","DEA_BUSINESS_CONTACT":"JONATHAN DIAMOND","DEA_BUSINESS_PHONE":"2062846303           ","DEA_FACILITY_ADDRESS":"400 4TH AVE, SEATTLE, WA 98104","DEA_STALLS":41,"FAC_NAME":"UNITED PARKING  4507","HRS_MONFRI":null,"HRS_SAT":null,"HRS_SUN":null,"FAC_TYPE":null,"RTE_1HR":null,"RTE_2HR":null,"RTE_3HR":null,"RTE_ALLDAY":null,"DISABLED":null,"OP_NAME":null,"OP_PHONE":null,"OP_PHONE2":null,"OP_WEB":null,"PAYMENT_TYPE":null,"OTHER":"N","WEBNAME":null,"REGIONID":null,"OUTOFSERV":null,"VACANT":null,"STATUS":null,"DATETIME":null,"SE_ANNO_CAD_DATA":"","SIGNID":null,"GlobalID":"68c02cc6-ccfb-4dd2-b3bb-cb98ab6d748b"}},{"type":"Feature","id":229989,"geometry":{"type":"Point","coordinates":[-122.328766267159,47.6021140862607]},"properties":{"OBJECTID":229989,"BUSLIC_ID":534465,"BUSLIC_LOCATION_ID":593923,"DEA_FACILITY_OWNER":null,"DEA_FACILITY_NAME":"DIAMOND   A260","DEA_BUSINESS_CONTACT":"JONATHAN DIAMOND","DEA_BUSINESS_PHONE":"2062843100           ","DEA_FACILITY_ADDRESS":"400 4TH AVE, SEATTLE, WA 98104","DEA_STALLS":68,"FAC_NAME":"DIAMOND   A260","HRS_MONFRI":null,"HRS_SAT":null,"HRS_SUN":null,"FAC_TYPE":null,"RTE_1HR":null,"RTE_2HR":null,"RTE_3HR":null,"RTE_ALLDAY":null,"DISABLED":null,"OP_NAME":null,"OP_PHONE":null,"OP_PHONE2":null,"OP_WEB":null,"PAYMENT_TYPE":null,"OTHER":"N","WEBNAME":null,"REGIONID":null,"OUTOFSERV":null,"VACANT":null,"STATUS":null,"DATETIME":null,"SE_ANNO_CAD_DATA":"","SIGNID":null,"GlobalID":"2261fdd3-6330-4f24-befc-4d4ce299fdc1"}},{"type":"Feature","id":229990,"geometry":{"type":"Point","coordinates":[-122.326601210152,47.6013812869491]},"properties":{"OBJECTID":229990,"BUSLIC_ID":19948,"BUSLIC_LOCATION_ID":17658,"DEA_FACILITY_OWNER":null,"DEA_FACILITY_NAME":"INTL DIST MERCHANTS  25","DEA_BUSINESS_CONTACT":"MICHAEL OLSON","DEA_BUSINESS_PHONE":"2066243426           ","DEA_FACILITY_ADDRESS":"537 YESLER WAY, SEATTLE, WA 98104","DEA_STALLS":30,"FAC_NAME":"INTL DIST MERCHANTS  25","HRS_MONFRI":null,"HRS_SAT":null,"HRS_SUN":null,"FAC_TYPE":null,"RTE_1HR":null,"RTE_2HR":null,"RTE_3HR":null,"RTE_ALLDAY":null,"DISABLED":null,"OP_NAME":null,"OP_PHONE":null,"OP_PHONE2":null,"OP_WEB":null,"PAYMENT_TYPE":null,"OTHER":"N","WEBNAME":null,"REGIONID":null,"OUTOFSERV":null,"VACANT":null,"STATUS":null,"DATETIME":null,"SE_ANNO_CAD_DATA":"","SIGNID":null,"GlobalID":"536852a7-8050-4c28-a1f3-d0673117b7df"}},{"type":"Feature","id":229991,"geometry":{"type":"Point","coordinates":[-122.332480333114,47.6012286968168]},"properties":{"OBJECTID":229991,"BUSLIC_ID":633817,"BUSLIC_LOCATION_ID":667143,"DEA_FACILITY_OWNER":null,"DEA_FACILITY_NAME":"DIAMOND PARKING  A402","DEA_BUSINESS_CONTACT":"JONATHAN DIAMOND","DEA_BUSINESS_PHONE":"2062843100           ","DEA_FACILITY_ADDRESS":"112 OCCIDENTAL AVE S, SEATTLE, WA 98104","DEA_STALLS":56,"FAC_NAME":"DIAMOND PARKING  A402","HRS_MONFRI":null,"HRS_SAT":null,"HRS_SUN":null,"FAC_TYPE":null,"RTE_1HR":null,"RTE_2HR":null,"RTE_3HR":null,"RTE_ALLDAY":null,"DISABLED":null,"OP_NAME":null,"OP_PHONE":null,"OP_PHONE2":null,"OP_WEB":null,"PAYMENT_TYPE":null,"OTHER":"N","WEBNAME":null,"REGIONID":null,"OUTOFSERV":null,"VACANT":null,"STATUS":null,"DATETIME":null,"SE_ANNO_CAD_DATA":"","SIGNID":null,"GlobalID":"6cdbc678-c1fe-4564-a728-5106b0de527e"}},{"type":"Feature","id":229992,"geometry":{"type":"Point","coordinates":[-122.328587221602,47.6005480567786]},"properties":{"OBJECTID":229992,"BUSLIC_ID":528253,"BUSLIC_LOCATION_ID":4558,"DEA_FACILITY_OWNER":null,"DEA_FACILITY_NAME":"U PARK 53","DEA_BUSINESS_CONTACT":"KEN JR PHILLIPS","DEA_BUSINESS_PHONE":"2062849797           ","DEA_FACILITY_ADDRESS":"425 S WASHINGTON ST, SEATTLE, WA 98104","DEA_STALLS":539,"FAC_NAME":"U PARK 53","HRS_MONFRI":null,"HRS_SAT":null,"HRS_SUN":null,"FAC_TYPE":null,"RTE_1HR":null,"RTE_2HR":null,"RTE_3HR":null,"RTE_ALLDAY":null,"DISABLED":null,"OP_NAME":null,"OP_PHONE":null,"OP_PHONE2":null,"OP_WEB":null,"PAYMENT_TYPE":null,"OTHER":"N","WEBNAME":null,"REGIONID":null,"OUTOFSERV":null,"VACANT":null,"STATUS":null,"DATETIME":null,"SE_ANNO_CAD_DATA":"","SIGNID":null,"GlobalID":"7e47c456-2b2e-48c7-a93d-d9eca24713a0"}},{"type":"Feature","id":229993,"geometry":{"type":"Point","coordinates":[-122.326732293838,47.6005449953762]},"properties":{"OBJECTID":229993,"BUSLIC_ID":588423,"BUSLIC_LOCATION_ID":635161,"DEA_FACILITY_OWNER":null,"DEA_FACILITY_NAME":"DIAMOND PARKING  A085","DEA_BUSINESS_CONTACT":"JONATHAN DIAMOND","DEA_BUSINESS_PHONE":"2062846303           ","DEA_FACILITY_ADDRESS":"251 6TH AVE S, SEATTLE, WA 98104","DEA_STALLS":24,"FAC_NAME":"DIAMOND PARKING  A085","HRS_MONFRI":null,"HRS_SAT":null,"HRS_SUN":null,"FAC_TYPE":null,"RTE_1HR":null,"RTE_2HR":null,"RTE_3HR":null,"RTE_ALLDAY":null,"DISABLED":null,"OP_NAME":null,"OP_PHONE":null,"OP_PHONE2":null,"OP_WEB":null,"PAYMENT_TYPE":null,"OTHER":"N","WEBNAME":null,"REGIONID":null,"OUTOFSERV":null,"VACANT":null,"STATUS":null,"DATETIME":null,"SE_ANNO_CAD_DATA":"","SIGNID":null,"GlobalID":"b3eb3b87-5932-4347-9e6b-28c1f6aab25c"}},{"type":"Feature","id":229994,"geometry":{"type":"Point","coordinates":[-122.328444228841,47.6002936386455]},"properties":{"OBJECTID":229994,"BUSLIC_ID":462135,"BUSLIC_LOCATION_ID":543206,"DEA_FACILITY_OWNER":null,"DEA_FACILITY_NAME":"IPM  08","DEA_BUSINESS_CONTACT":"JOAN SUNDBERG","DEA_BUSINESS_PHONE":"2069327809           ","DEA_FACILITY_ADDRESS":"412 S MAIN ST, SEATTLE, WA 98104","DEA_STALLS":52,"FAC_NAME":"IPM  08","HRS_MONFRI":null,"HRS_SAT":null,"HRS_SUN":null,"FAC_TYPE":null,"RTE_1HR":null,"RTE_2HR":null,"RTE_3HR":null,"RTE_ALLDAY":null,"DISABLED":null,"OP_NAME":null,"OP_PHONE":null,"OP_PHONE2":null,"OP_WEB":null,"PAYMENT_TYPE":null,"OTHER":"N","WEBNAME":null,"REGIONID":null,"OUTOFSERV":null,"VACANT":null,"STATUS":null,"DATETIME":null,"SE_ANNO_CAD_DATA":"","SIGNID":null,"GlobalID":"9f13bc37-55d3-43d9-873a-53c0fa25192d"}},{"type":"Feature","id":229995,"geometry":{"type":"Point","coordinates":[-122.322742887318,47.5972214575926]},"properties":{"OBJECTID":229995,"BUSLIC_ID":410443,"BUSLIC_LOCATION_ID":507314,"DEA_FACILITY_OWNER":null,"DEA_FACILITY_NAME":"MERCHANTS PARKING ASSOC  46","DEA_BUSINESS_CONTACT":"MICHAEL OLSON","DEA_BUSINESS_PHONE":"2066243426           ","DEA_FACILITY_ADDRESS":"607 8TH AVE S, SEATTLE, WA 98104","DEA_STALLS":7,"FAC_NAME":"MERCHANTS PARKING ASSOC  46","HRS_MONFRI":null,"HRS_SAT":null,"HRS_SUN":null,"FAC_TYPE":null,"RTE_1HR":null,"RTE_2HR":null,"RTE_3HR":null,"RTE_ALLDAY":null,"DISABLED":null,"OP_NAME":null,"OP_PHONE":null,"OP_PHONE2":null,"OP_WEB":null,"PAYMENT_TYPE":null,"OTHER":"N","WEBNAME":null,"REGIONID":null,"OUTOFSERV":null,"VACANT":null,"STATUS":null,"DATETIME":null,"SE_ANNO_CAD_DATA":"","SIGNID":null,"GlobalID":"da283ce7-fb21-40fd-a6c5-993fcbab8cc2"}},{"type":"Feature","id":229996,"geometry":{"type":"Point","coordinates":[-122.315528706889,47.6029406143689]},"properties":{"OBJECTID":229996,"BUSLIC_ID":681830,"BUSLIC_LOCATION_ID":625114,"DEA_FACILITY_OWNER":null,"DEA_FACILITY_NAME":"DIAMOND PARKING  A609","DEA_BUSINESS_CONTACT":"JONATHAN DIAMOND","DEA_BUSINESS_PHONE":"2062843100           ","DEA_FACILITY_ADDRESS":"1230 E FIR ST, SEATTLE, WA 98122","DEA_STALLS":60,"FAC_NAME":"DIAMOND PARKING  A609","HRS_MONFRI":null,"HRS_SAT":null,"HRS_SUN":null,"FAC_TYPE":null,"RTE_1HR":null,"RTE_2HR":null,"RTE_3HR":null,"RTE_ALLDAY":null,"DISABLED":null,"OP_NAME":null,"OP_PHONE":null,"OP_PHONE2":null,"OP_WEB":null,"PAYMENT_TYPE":null,"OTHER":"N","WEBNAME":null,"REGIONID":null,"OUTOFSERV":null,"VACANT":null,"STATUS":null,"DATETIME":null,"SE_ANNO_CAD_DATA":"","SIGNID":null,"GlobalID":"e77764b7-80f8-4b36-877d-eae97b9cbd38"}},{"type":"Feature","id":229997,"geometry":{"type":"Point","coordinates":[-122.312483677166,47.6024983900739]},"properties":{"OBJECTID":229997,"BUSLIC_ID":732100,"BUSLIC_LOCATION_ID":738918,"DEA_FACILITY_OWNER":null,"DEA_FACILITY_NAME":"DIAMOND PARKING A696","DEA_BUSINESS_CONTACT":"JONATHAN DIAMOND","DEA_BUSINESS_PHONE":"2062843100           ","DEA_FACILITY_ADDRESS":"126 15TH AVE, SEATTLE, WA 98122","DEA_STALLS":11,"FAC_NAME":"DIAMOND PARKING A696","HRS_MONFRI":null,"HRS_SAT":null,"HRS_SUN":null,"FAC_TYPE":null,"RTE_1HR":null,"RTE_2HR":null,"RTE_3HR":null,"RTE_ALLDAY":null,"DISABLED":null,"OP_NAME":null,"OP_PHONE":null,"OP_PHONE2":null,"OP_WEB":null,"PAYMENT_TYPE":null,"OTHER":"N","WEBNAME":null,"REGIONID":null,"OUTOFSERV":null,"VACANT":null,"STATUS":null,"DATETIME":null,"SE_ANNO_CAD_DATA":"","SIGNID":null,"GlobalID":"e20e95b7-31ab-4854-b796-cde7e81d304a"}},{"type":"Feature","id":229998,"geometry":{"type":"Point","coordinates":[-122.316746844937,47.5996049605871]},"properties":{"OBJECTID":229998,"BUSLIC_ID":718890,"BUSLIC_LOCATION_ID":728485,"DEA_FACILITY_OWNER":null,"DEA_FACILITY_NAME":"DIAMOND PARKING SERVICES A667","DEA_BUSINESS_CONTACT":"JONATHAN DIAMOND","DEA_BUSINESS_PHONE":"2062843100           ","DEA_FACILITY_ADDRESS":"1200 S JACKSON ST, SEATTLE, WA 98144","DEA_STALLS":46,"FAC_NAME":"DIAMOND PARKING SERVICES A667","HRS_MONFRI":null,"HRS_SAT":null,"HRS_SUN":null,"FAC_TYPE":null,"RTE_1HR":null,"RTE_2HR":null,"RTE_3HR":null,"RTE_ALLDAY":null,"DISABLED":null,"OP_NAME":null,"OP_PHONE":null,"OP_PHONE2":null,"OP_WEB":null,"PAYMENT_TYPE":null,"OTHER":"N","WEBNAME":null,"REGIONID":null,"OUTOFSERV":null,"VACANT":null,"STATUS":null,"DATETIME":null,"SE_ANNO_CAD_DATA":"","SIGNID":null,"GlobalID":"7299fad8-ed1f-4fda-827a-47bbe9fb8b25"}},{"type":"Feature","id":229999,"geometry":{"type":"Point","coordinates":[-122.321805710674,47.5969113646925]},"properties":{"OBJECTID":229999,"BUSLIC_ID":721033,"BUSLIC_LOCATION_ID":730227,"DEA_FACILITY_OWNER":null,"DEA_FACILITY_NAME":"DIAMOND PARKING SERVICES A675","DEA_BUSINESS_CONTACT":"JONATHAN DIAMOND","DEA_BUSINESS_PHONE":"2062843100           ","DEA_FACILITY_ADDRESS":"616 8TH AVE S, SEATTLE, WA 98104","DEA_STALLS":12,"FAC_NAME":"DIAMOND PARKING SERVICES A675","HRS_MONFRI":null,"HRS_SAT":null,"HRS_SUN":null,"FAC_TYPE":null,"RTE_1HR":null,"RTE_2HR":null,"RTE_3HR":null,"RTE_ALLDAY":null,"DISABLED":null,"OP_NAME":null,"OP_PHONE":null,"OP_PHONE2":null,"OP_WEB":null,"PAYMENT_TYPE":null,"OTHER":"N","WEBNAME":null,"REGIONID":null,"OUTOFSERV":null,"VACANT":null,"STATUS":null,"DATETIME":null,"SE_ANNO_CAD_DATA":"","SIGNID":null,"GlobalID":"fa1ada09-1d22-410c-a851-0ad552cb48d8"}},{"type":"Feature","id":230000,"geometry":{"type":"Point","coordinates":[-122.322187165746,47.5903945695494]},"properties":{"OBJECTID":230000,"BUSLIC_ID":588403,"BUSLIC_LOCATION_ID":635171,"DEA_FACILITY_OWNER":null,"DEA_FACILITY_NAME":"DIAMOND PARKING  A232","DEA_BUSINESS_CONTACT":"JONATHAN DIAMOND","DEA_BUSINESS_PHONE":"2062846303           ","DEA_FACILITY_ADDRESS":"1410 AIRPORT WAY S, SEATTLE, WA 98134","DEA_STALLS":26,"FAC_NAME":"DIAMOND PARKING  A232","HRS_MONFRI":null,"HRS_SAT":null,"HRS_SUN":null,"FAC_TYPE":null,"RTE_1HR":null,"RTE_2HR":null,"RTE_3HR":null,"RTE_ALLDAY":null,"DISABLED":null,"OP_NAME":null,"OP_PHONE":null,"OP_PHONE2":null,"OP_WEB":null,"PAYMENT_TYPE":null,"OTHER":"N","WEBNAME":null,"REGIONID":null,"OUTOFSERV":null,"VACANT":null,"STATUS":null,"DATETIME":null,"SE_ANNO_CAD_DATA":"","SIGNID":null,"GlobalID":"ad6c4485-5517-475a-b3ef-e808d5525513"}},{"type":"Feature","id":230001,"geometry":{"type":"Point","coordinates":[-122.393199270305,47.6688931715918]},"properties":{"OBJECTID":230001,"BUSLIC_ID":730818,"BUSLIC_LOCATION_ID":737906,"DEA_FACILITY_OWNER":null,"DEA_FACILITY_NAME":"REPUBLIC 30 181","DEA_BUSINESS_CONTACT":"GARY BECK","DEA_BUSINESS_PHONE":"2067834144           ","DEA_FACILITY_ADDRESS":"2804 NW MARKET ST, SEATTLE, WA 98107-4214","DEA_STALLS":21,"FAC_NAME":"REPUBLIC 30 181","HRS_MONFRI":null,"HRS_SAT":null,"HRS_SUN":null,"FAC_TYPE":null,"RTE_1HR":null,"RTE_2HR":null,"RTE_3HR":null,"RTE_ALLDAY":null,"DISABLED":null,"OP_NAME":null,"OP_PHONE":null,"OP_PHONE2":null,"OP_WEB":null,"PAYMENT_TYPE":null,"OTHER":"N","WEBNAME":null,"REGIONID":null,"OUTOFSERV":null,"VACANT":null,"STATUS":null,"DATETIME":null,"SE_ANNO_CAD_DATA":"","SIGNID":null,"GlobalID":"2df678d7-64aa-43c2-bf74-e77f39149ee4"}},{"type":"Feature","id":230002,"geometry":{"type":"Point","coordinates":[-122.386338987914,47.6699954585551]},"properties":{"OBJECTID":230002,"BUSLIC_ID":588664,"BUSLIC_LOCATION_ID":635360,"DEA_FACILITY_OWNER":null,"DEA_FACILITY_NAME":"DIAMOND PARKING  WU21","DEA_BUSINESS_CONTACT":"JONATHAN DIAMOND","DEA_BUSINESS_PHONE":"2062843100           ","DEA_FACILITY_ADDRESS":"2237 NW 57TH ST, SEATTLE, WA 98107","DEA_STALLS":45,"FAC_NAME":"DIAMOND PARKING  WU21","HRS_MONFRI":null,"HRS_SAT":null,"HRS_SUN":null,"FAC_TYPE":null,"RTE_1HR":null,"RTE_2HR":null,"RTE_3HR":null,"RTE_ALLDAY":null,"DISABLED":null,"OP_NAME":null,"OP_PHONE":null,"OP_PHONE2":null,"OP_WEB":null,"PAYMENT_TYPE":null,"OTHER":"N","WEBNAME":null,"REGIONID":null,"OUTOFSERV":null,"VACANT":null,"STATUS":null,"DATETIME":null,"SE_ANNO_CAD_DATA":"","SIGNID":null,"GlobalID":"2f9650b0-d173-4e8f-841f-5231cd254a25"}},{"type":"Feature","id":230003,"geometry":{"type":"Point","coordinates":[-122.383254977623,47.6696247640352]},"properties":{"OBJECTID":230003,"BUSLIC_ID":699059,"BUSLIC_LOCATION_ID":713288,"DEA_FACILITY_OWNER":null,"DEA_FACILITY_NAME":"DIAMOND PARKING A645","DEA_BUSINESS_CONTACT":"JONATHAN DIAMOND","DEA_BUSINESS_PHONE":"2062843100           ","DEA_FACILITY_ADDRESS":"2012 NW 56TH ST, SEATTLE, WA 98107","DEA_STALLS":14,"FAC_NAME":"DIAMOND PARKING A645","HRS_MONFRI":null,"HRS_SAT":null,"HRS_SUN":null,"FAC_TYPE":null,"RTE_1HR":null,"RTE_2HR":null,"RTE_3HR":null,"RTE_ALLDAY":null,"DISABLED":null,"OP_NAME":null,"OP_PHONE":null,"OP_PHONE2":null,"OP_WEB":null,"PAYMENT_TYPE":null,"OTHER":"N","WEBNAME":null,"REGIONID":null,"OUTOFSERV":null,"VACANT":null,"STATUS":null,"DATETIME":null,"SE_ANNO_CAD_DATA":"","SIGNID":null,"GlobalID":"53d6f671-45f3-484f-bac4-02a18e594e09"}},{"type":"Feature","id":230004,"geometry":{"type":"Point","coordinates":[-122.385124234069,47.6692877792814]},"properties":{"OBJECTID":230004,"BUSLIC_ID":574591,"BUSLIC_LOCATION_ID":625128,"DEA_FACILITY_OWNER":null,"DEA_FACILITY_NAME":"DIAMOND PARKING  WU14","DEA_BUSINESS_CONTACT":"JONATHAN DIAMOND","DEA_BUSINESS_PHONE":"2062843100           ","DEA_FACILITY_ADDRESS":"5511 22ND AVE NW, SEATTLE, WA 98107","DEA_STALLS":24,"FAC_NAME":"DIAMOND PARKING  WU14","HRS_MONFRI":null,"HRS_SAT":null,"HRS_SUN":null,"FAC_TYPE":null,"RTE_1HR":null,"RTE_2HR":null,"RTE_3HR":null,"RTE_ALLDAY":null,"DISABLED":null,"OP_NAME":null,"OP_PHONE":null,"OP_PHONE2":null,"OP_WEB":null,"PAYMENT_TYPE":null,"OTHER":"N","WEBNAME":null,"REGIONID":null,"OUTOFSERV":null,"VACANT":null,"STATUS":null,"DATETIME":null,"SE_ANNO_CAD_DATA":"","SIGNID":null,"GlobalID":"d3e898c3-f851-493b-8653-feffc8508329"}},{"type":"Feature","id":230005,"geometry":{"type":"Point","coordinates":[-122.387157100049,47.6691839549749]},"properties":{"OBJECTID":230005,"BUSLIC_ID":722204,"BUSLIC_LOCATION_ID":731132,"DEA_FACILITY_OWNER":null,"DEA_FACILITY_NAME":"DIAMOND PARKING SERVICES LLC A679","DEA_BUSINESS_CONTACT":"JONATHAN DIAMOND","DEA_BUSINESS_PHONE":"2062843100           ","DEA_FACILITY_ADDRESS":"5514 24TH AVE NW, SEATTLE, WA 98107","DEA_STALLS":10,"FAC_NAME":"DIAMOND PARKING SERVICES LLC A679","HRS_MONFRI":null,"HRS_SAT":null,"HRS_SUN":null,"FAC_TYPE":null,"RTE_1HR":null,"RTE_2HR":null,"RTE_3HR":null,"RTE_ALLDAY":null,"DISABLED":null,"OP_NAME":null,"OP_PHONE":null,"OP_PHONE2":null,"OP_WEB":null,"PAYMENT_TYPE":null,"OTHER":"N","WEBNAME":null,"REGIONID":null,"OUTOFSERV":null,"VACANT":null,"STATUS":null,"DATETIME":null,"SE_ANNO_CAD_DATA":"","SIGNID":null,"GlobalID":"15705ee5-27db-4134-a556-e6ae43e12a37"}},{"type":"Feature","id":230006,"geometry":{"type":"Point","coordinates":[-122.386267242824,47.6690793107326]},"properties":{"OBJECTID":230006,"BUSLIC_ID":479803,"BUSLIC_LOCATION_ID":76131,"DEA_FACILITY_OWNER":null,"DEA_FACILITY_NAME":"REPUBLIC PARKING  190","DEA_BUSINESS_CONTACT":"GARY BECK","DEA_BUSINESS_PHONE":"2067284457           ","DEA_FACILITY_ADDRESS":"2232 NW MARKET ST, SEATTLE, WA 98107","DEA_STALLS":35,"FAC_NAME":"REPUBLIC PARKING  190","HRS_MONFRI":null,"HRS_SAT":null,"HRS_SUN":null,"FAC_TYPE":null,"RTE_1HR":null,"RTE_2HR":null,"RTE_3HR":null,"RTE_ALLDAY":null,"DISABLED":null,"OP_NAME":null,"OP_PHONE":null,"OP_PHONE2":null,"OP_WEB":null,"PAYMENT_TYPE":null,"OTHER":"N","WEBNAME":null,"REGIONID":null,"OUTOFSERV":null,"VACANT":null,"STATUS":null,"DATETIME":null,"SE_ANNO_CAD_DATA":"","SIGNID":null,"GlobalID":"cee396ad-d569-49f1-9c50-4bc3a7319d46"}},{"type":"Feature","id":230007,"geometry":{"type":"Point","coordinates":[-122.382756580674,47.6689544023581]},"properties":{"OBJECTID":230007,"BUSLIC_ID":699058,"BUSLIC_LOCATION_ID":713287,"DEA_FACILITY_OWNER":null,"DEA_FACILITY_NAME":"DIAMOND PARKING A644","DEA_BUSINESS_CONTACT":"JONATHAN DIAMOND","DEA_BUSINESS_PHONE":"2062843100           ","DEA_FACILITY_ADDRESS":"2010 NW MARKET ST, SEATTLE, WA 98107","DEA_STALLS":41,"FAC_NAME":"DIAMOND PARKING A644","HRS_MONFRI":null,"HRS_SAT":null,"HRS_SUN":null,"FAC_TYPE":null,"RTE_1HR":null,"RTE_2HR":null,"RTE_3HR":null,"RTE_ALLDAY":null,"DISABLED":null,"OP_NAME":null,"OP_PHONE":null,"OP_PHONE2":null,"OP_WEB":null,"PAYMENT_TYPE":null,"OTHER":"N","WEBNAME":null,"REGIONID":null,"OUTOFSERV":null,"VACANT":null,"STATUS":null,"DATETIME":null,"SE_ANNO_CAD_DATA":"","SIGNID":null,"GlobalID":"cbce48d7-9b30-4cc0-bb57-4692507a1e37"}},{"type":"Feature","id":230008,"geometry":{"type":"Point","coordinates":[-122.382500815267,47.6696497293222]},"properties":{"OBJECTID":230008,"BUSLIC_ID":729157,"BUSLIC_LOCATION_ID":736646,"DEA_FACILITY_OWNER":null,"DEA_FACILITY_NAME":"U PARK 10","DEA_BUSINESS_CONTACT":"KEN JR PHILLIPS","DEA_BUSINESS_PHONE":"2064239554           ","DEA_FACILITY_ADDRESS":"2004 NW 56TH ST, SEATTLE, WA 98107","DEA_STALLS":11,"FAC_NAME":"U PARK 10","HRS_MONFRI":null,"HRS_SAT":null,"HRS_SUN":null,"FAC_TYPE":null,"RTE_1HR":null,"RTE_2HR":null,"RTE_3HR":null,"RTE_ALLDAY":null,"DISABLED":null,"OP_NAME":null,"OP_PHONE":null,"OP_PHONE2":null,"OP_WEB":null,"PAYMENT_TYPE":null,"OTHER":"N","WEBNAME":null,"REGIONID":null,"OUTOFSERV":null,"VACANT":null,"STATUS":null,"DATETIME":null,"SE_ANNO_CAD_DATA":"","SIGNID":null,"GlobalID":"b9c89251-a2f7-4a36-b69c-6b9df4762554"}},{"type":"Feature","id":230009,"geometry":{"type":"Point","coordinates":[-122.392067423779,47.6683107836115]},"properties":{"OBJECTID":230009,"BUSLIC_ID":730819,"BUSLIC_LOCATION_ID":737907,"DEA_FACILITY_OWNER":null,"DEA_FACILITY_NAME":"REPUBLIC 30 165 BALLARD NORDIC MUSEUM","DEA_BUSINESS_CONTACT":"GARY BECK","DEA_BUSINESS_PHONE":"2067834144           ","DEA_FACILITY_ADDRESS":"2655 NW MARKET ST, SEATTLE, WA 98107","DEA_STALLS":78,"FAC_NAME":"REPUBLIC 30 165 BALLARD NORDIC MUSEUM","HRS_MONFRI":null,"HRS_SAT":null,"HRS_SUN":null,"FAC_TYPE":null,"RTE_1HR":null,"RTE_2HR":null,"RTE_3HR":null,"RTE_ALLDAY":null,"DISABLED":null,"OP_NAME":null,"OP_PHONE":null,"OP_PHONE2":null,"OP_WEB":null,"PAYMENT_TYPE":null,"OTHER":"N","WEBNAME":null,"REGIONID":null,"OUTOFSERV":null,"VACANT":null,"STATUS":null,"DATETIME":null,"SE_ANNO_CAD_DATA":"","SIGNID":null,"GlobalID":"20c280ff-fdda-40d8-8fe5-f098e01313b1"}},{"type":"Feature","id":230010,"geometry":{"type":"Point","coordinates":[-122.39442014909,47.6667869570537]},"properties":{"OBJECTID":230010,"BUSLIC_ID":580619,"BUSLIC_LOCATION_ID":629202,"DEA_FACILITY_OWNER":null,"DEA_FACILITY_NAME":"REPUBLIC PARKING 30 241 JACOBSON TERMINAL","DEA_BUSINESS_CONTACT":"GARY BECK","DEA_BUSINESS_PHONE":"2067834144           ","DEA_FACILITY_ADDRESS":"5350 30TH AVE NW, SEATTLE, WA 98107","DEA_STALLS":44,"FAC_NAME":"REPUBLIC PARKING 30 241 JACOBSON TERMINAL","HRS_MONFRI":null,"HRS_SAT":null,"HRS_SUN":null,"FAC_TYPE":null,"RTE_1HR":null,"RTE_2HR":null,"RTE_3HR":null,"RTE_ALLDAY":null,"DISABLED":null,"OP_NAME":null,"OP_PHONE":null,"OP_PHONE2":null,"OP_WEB":null,"PAYMENT_TYPE":null,"OTHER":"N","WEBNAME":null,"REGIONID":null,"OUTOFSERV":null,"VACANT":null,"STATUS":null,"DATETIME":null,"SE_ANNO_CAD_DATA":"","SIGNID":null,"GlobalID":"c297e6f0-8751-462f-a075-45deecd38a97"}},{"type":"Feature","id":230011,"geometry":{"type":"Point","coordinates":[-122.381267876617,47.6685010696521]},"properties":{"OBJECTID":230011,"BUSLIC_ID":519705,"BUSLIC_LOCATION_ID":584054,"DEA_FACILITY_OWNER":null,"DEA_FACILITY_NAME":"DIAMOND PARKING  WU04","DEA_BUSINESS_CONTACT":"JONATHAN DIAMOND","DEA_BUSINESS_PHONE":"2062846303           ","DEA_FACILITY_ADDRESS":"1819 NW MARKET ST, SEATTLE, WA 98107","DEA_STALLS":7,"FAC_NAME":"DIAMOND PARKING  WU04","HRS_MONFRI":null,"HRS_SAT":null,"HRS_SUN":null,"FAC_TYPE":null,"RTE_1HR":null,"RTE_2HR":null,"RTE_3HR":null,"RTE_ALLDAY":null,"DISABLED":null,"OP_NAME":null,"OP_PHONE":null,"OP_PHONE2":null,"OP_WEB":null,"PAYMENT_TYPE":null,"OTHER":"N","WEBNAME":null,"REGIONID":null,"OUTOFSERV":null,"VACANT":null,"STATUS":null,"DATETIME":null,"SE_ANNO_CAD_DATA":"","SIGNID":null,"GlobalID":"bfa8e63c-aa98-4d11-b263-54c58e877305"}},{"type":"Feature","id":230012,"geometry":{"type":"Point","coordinates":[-122.332625189515,47.6190221272411]},"properties":{"OBJECTID":230012,"BUSLIC_ID":0,"BUSLIC_LOCATION_ID":2000018,"DEA_FACILITY_OWNER":null,"DEA_FACILITY_NAME":"CITY LIGHT LOT 41841","DEA_BUSINESS_CONTACT":null,"DEA_BUSINESS_PHONE":" ","DEA_FACILITY_ADDRESS":null,"DEA_STALLS":115,"FAC_NAME":"City Light Lot #41841","HRS_MONFRI":"Self park location","HRS_SAT":"Self park location","HRS_SUN":"Self park location","FAC_TYPE":"SURFACE LOT","RTE_1HR":"3","RTE_2HR":"10","RTE_3HR":"10","RTE_ALLDAY":"10","DISABLED":null,"OP_NAME":"Standard Parking Plus","OP_PHONE":"(206) 381-8552","OP_PHONE2":null,"OP_WEB":null,"PAYMENT_TYPE":null,"OTHER":"N","WEBNAME":"Standard","REGIONID":null,"OUTOFSERV":null,"VACANT":null,"STATUS":null,"DATETIME":null,"SE_ANNO_CAD_DATA":"","SIGNID":null,"GlobalID":"6dcb5a5f-e653-4511-a5f3-c5f9ef42a262"}},{"type":"Feature","id":230013,"geometry":{"type":"Point","coordinates":[-122.335565602364,47.6240568860788]},"properties":{"OBJECTID":230013,"BUSLIC_ID":0,"BUSLIC_LOCATION_ID":2000008,"DEA_FACILITY_OWNER":null,"DEA_FACILITY_NAME":"AMAZON PHASE 3 - 81876","DEA_BUSINESS_CONTACT":null,"DEA_BUSINESS_PHONE":" ","DEA_FACILITY_ADDRESS":null,"DEA_STALLS":371,"FAC_NAME":"AMAZON PHASE 3 #81876","HRS_MONFRI":"Self park location","HRS_SAT":"Self park location","HRS_SUN":"Self park location","FAC_TYPE":"GARAGE","RTE_1HR":"Permit only","RTE_2HR":"Permit only","RTE_3HR":"Permit only","RTE_ALLDAY":"Permit only","DISABLED":null,"OP_NAME":"Standard Parking Plus","OP_PHONE":"(206) 467-1810","OP_PHONE2":null,"OP_WEB":null,"PAYMENT_TYPE":null,"OTHER":"N","WEBNAME":"Standard","REGIONID":null,"OUTOFSERV":null,"VACANT":null,"STATUS":null,"DATETIME":null,"SE_ANNO_CAD_DATA":"","SIGNID":null,"GlobalID":"246b810b-ac4d-4913-8607-a46d4c6a8351"}},{"type":"Feature","id":230014,"geometry":{"type":"Point","coordinates":[-122.340127745175,47.6213846623963]},"properties":{"OBJECTID":230014,"BUSLIC_ID":0,"BUSLIC_LOCATION_ID":2000016,"DEA_FACILITY_OWNER":null,"DEA_FACILITY_NAME":"ANALYTICAL RESOURCES 81879","DEA_BUSINESS_CONTACT":null,"DEA_BUSINESS_PHONE":" ","DEA_FACILITY_ADDRESS":null,"DEA_STALLS":30,"FAC_NAME":"Analytical Resources #81879","HRS_MONFRI":"Self park location","HRS_SAT":"Self park location","HRS_SUN":"Self park location","FAC_TYPE":"SURFACE LOT","RTE_1HR":"Permit only","RTE_2HR":"Permit only","RTE_3HR":"Permit only","RTE_ALLDAY":"Permit only","DISABLED":null,"OP_NAME":"Standard Parking Plus","OP_PHONE":"(206) 381-8552","OP_PHONE2":null,"OP_WEB":null,"PAYMENT_TYPE":null,"OTHER":"N","WEBNAME":"Standard","REGIONID":null,"OUTOFSERV":null,"VACANT":null,"STATUS":null,"DATETIME":null,"SE_ANNO_CAD_DATA":"","SIGNID":null,"GlobalID":"6808e0e7-5bac-4c27-9e41-d0c09cf08400"}},{"type":"Feature","id":230015,"geometry":{"type":"Point","coordinates":[-122.340135310904,47.6139959886881]},"properties":{"OBJECTID":230015,"BUSLIC_ID":0,"BUSLIC_LOCATION_ID":2000017,"DEA_FACILITY_OWNER":null,"DEA_FACILITY_NAME":"CINERAMA LOT 81097","DEA_BUSINESS_CONTACT":null,"DEA_BUSINESS_PHONE":" ","DEA_FACILITY_ADDRESS":null,"DEA_STALLS":77,"FAC_NAME":"Cinerama #81097","HRS_MONFRI":"Self park location","HRS_SAT":"Self park location","HRS_SUN":"Self park location","FAC_TYPE":"SURFACE LOT","RTE_1HR":"4.9","RTE_2HR":"9.8","RTE_3HR":"12.2","RTE_ALLDAY":"14.65","DISABLED":null,"OP_NAME":"Standard Parking Plus","OP_PHONE":"(206) 381-8552","OP_PHONE2":null,"OP_WEB":null,"PAYMENT_TYPE":null,"OTHER":"N","WEBNAME":"Standard","REGIONID":null,"OUTOFSERV":null,"VACANT":null,"STATUS":null,"DATETIME":null,"SE_ANNO_CAD_DATA":"","SIGNID":null,"GlobalID":"adc42fff-253c-4b1e-873f-97cf6216d118"}},{"type":"Feature","id":230016,"geometry":{"type":"Point","coordinates":[-122.333780452477,47.586430153418]},"properties":{"OBJECTID":230016,"BUSLIC_ID":637197,"BUSLIC_LOCATION_ID":669467,"DEA_FACILITY_OWNER":null,"DEA_FACILITY_NAME":"DIAMOND PARKING  A408","DEA_BUSINESS_CONTACT":"JONATHAN DIAMOND","DEA_BUSINESS_PHONE":"2062843100           ","DEA_FACILITY_ADDRESS":"1760 1ST AVE S, SEATTLE, WA 98134","DEA_STALLS":48,"FAC_NAME":"DIAMOND PARKING  A408","HRS_MONFRI":null,"HRS_SAT":null,"HRS_SUN":null,"FAC_TYPE":null,"RTE_1HR":null,"RTE_2HR":null,"RTE_3HR":null,"RTE_ALLDAY":null,"DISABLED":null,"OP_NAME":null,"OP_PHONE":null,"OP_PHONE2":null,"OP_WEB":null,"PAYMENT_TYPE":null,"OTHER":"N","WEBNAME":null,"REGIONID":null,"OUTOFSERV":null,"VACANT":null,"STATUS":null,"DATETIME":null,"SE_ANNO_CAD_DATA":"","SIGNID":null,"GlobalID":"a47f440c-cbee-44b9-a12a-055960fb5bc8"}},{"type":"Feature","id":230017,"geometry":{"type":"Point","coordinates":[-122.334856805522,47.5855980148303]},"properties":{"OBJECTID":230017,"BUSLIC_ID":593062,"BUSLIC_LOCATION_ID":638431,"DEA_FACILITY_OWNER":null,"DEA_FACILITY_NAME":"DIAMOND PARKING  A307","DEA_BUSINESS_CONTACT":"JONATHAN DIAMOND","DEA_BUSINESS_PHONE":"2062843100           ","DEA_FACILITY_ADDRESS":"1915 1ST AVE S, SEATTLE, WA 98134","DEA_STALLS":15,"FAC_NAME":"DIAMOND PARKING  A307","HRS_MONFRI":null,"HRS_SAT":null,"HRS_SUN":null,"FAC_TYPE":null,"RTE_1HR":null,"RTE_2HR":null,"RTE_3HR":null,"RTE_ALLDAY":null,"DISABLED":null,"OP_NAME":null,"OP_PHONE":null,"OP_PHONE2":null,"OP_WEB":null,"PAYMENT_TYPE":null,"OTHER":"N","WEBNAME":null,"REGIONID":null,"OUTOFSERV":null,"VACANT":null,"STATUS":null,"DATETIME":null,"SE_ANNO_CAD_DATA":"","SIGNID":null,"GlobalID":"5e89003b-3a6f-4a1e-8c4a-191014743af7"}},{"type":"Feature","id":230018,"geometry":{"type":"Point","coordinates":[-122.334656070811,47.5843984513055]},"properties":{"OBJECTID":230018,"BUSLIC_ID":588401,"BUSLIC_LOCATION_ID":635169,"DEA_FACILITY_OWNER":null,"DEA_FACILITY_NAME":"DIAMOND PARKING  A817","DEA_BUSINESS_CONTACT":"JONATHAN DIAMOND","DEA_BUSINESS_PHONE":"2062846303           ","DEA_FACILITY_ADDRESS":"1955 1ST AVE S, SEATTLE, WA 98134","DEA_STALLS":75,"FAC_NAME":"DIAMOND PARKING  A817","HRS_MONFRI":null,"HRS_SAT":null,"HRS_SUN":null,"FAC_TYPE":null,"RTE_1HR":null,"RTE_2HR":null,"RTE_3HR":null,"RTE_ALLDAY":null,"DISABLED":null,"OP_NAME":null,"OP_PHONE":null,"OP_PHONE2":null,"OP_WEB":null,"PAYMENT_TYPE":null,"OTHER":"N","WEBNAME":null,"REGIONID":null,"OUTOFSERV":null,"VACANT":null,"STATUS":null,"DATETIME":null,"SE_ANNO_CAD_DATA":"","SIGNID":null,"GlobalID":"280f23d3-d82c-4410-b345-ee37cd9b5003"}},{"type":"Feature","id":230019,"geometry":{"type":"Point","coordinates":[-122.334669066533,47.5836511691167]},"properties":{"OBJECTID":230019,"BUSLIC_ID":681828,"BUSLIC_LOCATION_ID":625113,"DEA_FACILITY_OWNER":null,"DEA_FACILITY_NAME":"DIAMOND PARKING  A606","DEA_BUSINESS_CONTACT":"JONATHAN DIAMOND","DEA_BUSINESS_PHONE":"2062843100           ","DEA_FACILITY_ADDRESS":"2203 1ST AVE S, SEATTLE, WA 98134","DEA_STALLS":52,"FAC_NAME":"DIAMOND PARKING  A606","HRS_MONFRI":null,"HRS_SAT":null,"HRS_SUN":null,"FAC_TYPE":null,"RTE_1HR":null,"RTE_2HR":null,"RTE_3HR":null,"RTE_ALLDAY":null,"DISABLED":null,"OP_NAME":null,"OP_PHONE":null,"OP_PHONE2":null,"OP_WEB":null,"PAYMENT_TYPE":null,"OTHER":"N","WEBNAME":null,"REGIONID":null,"OUTOFSERV":null,"VACANT":null,"STATUS":null,"DATETIME":null,"SE_ANNO_CAD_DATA":"","SIGNID":null,"GlobalID":"bbe14904-08d4-4bc6-b7c6-2a72db594b78"}},{"type":"Feature","id":230020,"geometry":{"type":"Point","coordinates":[-122.333758494483,47.5825794823707]},"properties":{"OBJECTID":230020,"BUSLIC_ID":493030,"BUSLIC_LOCATION_ID":4602,"DEA_FACILITY_OWNER":null,"DEA_FACILITY_NAME":"U PARK 098","DEA_BUSINESS_CONTACT":"KEN JR PHILLIPS","DEA_BUSINESS_PHONE":"2066245353           ","DEA_FACILITY_ADDRESS":"2246 1ST AVE S, SEATTLE, WA 98134","DEA_STALLS":56,"FAC_NAME":"U PARK 098","HRS_MONFRI":null,"HRS_SAT":null,"HRS_SUN":null,"FAC_TYPE":null,"RTE_1HR":null,"RTE_2HR":null,"RTE_3HR":null,"RTE_ALLDAY":null,"DISABLED":null,"OP_NAME":null,"OP_PHONE":null,"OP_PHONE2":null,"OP_WEB":null,"PAYMENT_TYPE":null,"OTHER":"N","WEBNAME":null,"REGIONID":null,"OUTOFSERV":null,"VACANT":null,"STATUS":null,"DATETIME":null,"SE_ANNO_CAD_DATA":"","SIGNID":null,"GlobalID":"206b849d-7ed6-4709-ba86-7a31d965a34b"}},{"type":"Feature","id":230021,"geometry":{"type":"Point","coordinates":[-122.332642312397,47.5878095684279]},"properties":{"OBJECTID":230021,"BUSLIC_ID":535693,"BUSLIC_LOCATION_ID":596107,"DEA_FACILITY_OWNER":null,"DEA_FACILITY_NAME":"DIAMOND  A883","DEA_BUSINESS_CONTACT":"JONATHAN DIAMOND","DEA_BUSINESS_PHONE":"2062843100           ","DEA_FACILITY_ADDRESS":"1750 OCCIDENTAL AVE S, SEATTLE, WA 98134","DEA_STALLS":210,"FAC_NAME":"DIAMOND  A883","HRS_MONFRI":null,"HRS_SAT":null,"HRS_SUN":null,"FAC_TYPE":null,"RTE_1HR":null,"RTE_2HR":null,"RTE_3HR":null,"RTE_ALLDAY":null,"DISABLED":null,"OP_NAME":null,"OP_PHONE":null,"OP_PHONE2":null,"OP_WEB":null,"PAYMENT_TYPE":null,"OTHER":"N","WEBNAME":null,"REGIONID":null,"OUTOFSERV":null,"VACANT":null,"STATUS":null,"DATETIME":null,"SE_ANNO_CAD_DATA":"","SIGNID":null,"GlobalID":"86922972-b035-4752-98f5-987a9c621369"}},{"type":"Feature","id":230022,"geometry":{"type":"Point","coordinates":[-122.329346581738,47.5871788779754]},"properties":{"OBJECTID":230022,"BUSLIC_ID":519692,"BUSLIC_LOCATION_ID":577228,"DEA_FACILITY_OWNER":null,"DEA_FACILITY_NAME":"DIAMOND PARKING  A842","DEA_BUSINESS_CONTACT":"JONATHAN DIAMOND","DEA_BUSINESS_PHONE":"2062846303           ","DEA_FACILITY_ADDRESS":"1731 4TH AVE S, SEATTLE, WA 98134","DEA_STALLS":50,"FAC_NAME":"DIAMOND PARKING  A842","HRS_MONFRI":null,"HRS_SAT":null,"HRS_SUN":null,"FAC_TYPE":null,"RTE_1HR":null,"RTE_2HR":null,"RTE_3HR":null,"RTE_ALLDAY":null,"DISABLED":null,"OP_NAME":null,"OP_PHONE":null,"OP_PHONE2":null,"OP_WEB":null,"PAYMENT_TYPE":null,"OTHER":"N","WEBNAME":null,"REGIONID":null,"OUTOFSERV":null,"VACANT":null,"STATUS":null,"DATETIME":null,"SE_ANNO_CAD_DATA":"","SIGNID":null,"GlobalID":"d5998b72-caa8-42f2-b3a8-79fc91ee7a8c"}},{"type":"Feature","id":230023,"geometry":{"type":"Point","coordinates":[-122.325009052422,47.5868546219852]},"properties":{"OBJECTID":230023,"BUSLIC_ID":517431,"BUSLIC_LOCATION_ID":582320,"DEA_FACILITY_OWNER":null,"DEA_FACILITY_NAME":"STREAM PARKING","DEA_BUSINESS_CONTACT":"SCOTT STREAM","DEA_BUSINESS_PHONE":"2063613797           ","DEA_FACILITY_ADDRESS":"1762 6TH AVE S, SEATTLE, WA 98134","DEA_STALLS":84,"FAC_NAME":"STREAM PARKING","HRS_MONFRI":null,"HRS_SAT":null,"HRS_SUN":null,"FAC_TYPE":null,"RTE_1HR":null,"RTE_2HR":null,"RTE_3HR":null,"RTE_ALLDAY":null,"DISABLED":null,"OP_NAME":null,"OP_PHONE":null,"OP_PHONE2":null,"OP_WEB":null,"PAYMENT_TYPE":null,"OTHER":"N","WEBNAME":null,"REGIONID":null,"OUTOFSERV":null,"VACANT":null,"STATUS":null,"DATETIME":null,"SE_ANNO_CAD_DATA":"","SIGNID":null,"GlobalID":"8d4e2d54-8984-4ee6-a606-384f1a7f1086"}},{"type":"Feature","id":230024,"geometry":{"type":"Point","coordinates":[-122.329389038735,47.5863843628849]},"properties":{"OBJECTID":230024,"BUSLIC_ID":614821,"BUSLIC_LOCATION_ID":653863,"DEA_FACILITY_OWNER":null,"DEA_FACILITY_NAME":"DIAMOND PARKING  A265","DEA_BUSINESS_CONTACT":"JONATHAN DIAMOND","DEA_BUSINESS_PHONE":"2062843100           ","DEA_FACILITY_ADDRESS":"1763 4TH AVE S, SEATTLE, WA 98134","DEA_STALLS":34,"FAC_NAME":"DIAMOND PARKING  A265","HRS_MONFRI":null,"HRS_SAT":null,"HRS_SUN":null,"FAC_TYPE":null,"RTE_1HR":null,"RTE_2HR":null,"RTE_3HR":null,"RTE_ALLDAY":null,"DISABLED":null,"OP_NAME":null,"OP_PHONE":null,"OP_PHONE2":null,"OP_WEB":null,"PAYMENT_TYPE":null,"OTHER":"N","WEBNAME":null,"REGIONID":null,"OUTOFSERV":null,"VACANT":null,"STATUS":null,"DATETIME":null,"SE_ANNO_CAD_DATA":"","SIGNID":null,"GlobalID":"ea846dc0-b9f5-4924-a372-437300fb1fa6"}},{"type":"Feature","id":230025,"geometry":{"type":"Point","coordinates":[-122.332894762796,47.5830512523866]},"properties":{"OBJECTID":230025,"BUSLIC_ID":700767,"BUSLIC_LOCATION_ID":714355,"DEA_FACILITY_OWNER":null,"DEA_FACILITY_NAME":"DIAMOND PARKING  A643","DEA_BUSINESS_CONTACT":"JONATHAN DIAMOND","DEA_BUSINESS_PHONE":"2062843100           ","DEA_FACILITY_ADDRESS":"2228 OCCIDENTAL AVE S, SEATTLE, WA 98134","DEA_STALLS":60,"FAC_NAME":"DIAMOND PARKING  A643","HRS_MONFRI":null,"HRS_SAT":null,"HRS_SUN":null,"FAC_TYPE":null,"RTE_1HR":null,"RTE_2HR":null,"RTE_3HR":null,"RTE_ALLDAY":null,"DISABLED":null,"OP_NAME":null,"OP_PHONE":null,"OP_PHONE2":null,"OP_WEB":null,"PAYMENT_TYPE":null,"OTHER":"N","WEBNAME":null,"REGIONID":null,"OUTOFSERV":null,"VACANT":null,"STATUS":null,"DATETIME":null,"SE_ANNO_CAD_DATA":"","SIGNID":null,"GlobalID":"efbb0382-360c-4abb-90cd-9ff3be461737"}},{"type":"Feature","id":230026,"geometry":{"type":"Point","coordinates":[-122.333424423904,47.5894451416447]},"properties":{"OBJECTID":230026,"BUSLIC_ID":655622,"BUSLIC_LOCATION_ID":682649,"DEA_FACILITY_OWNER":null,"DEA_FACILITY_NAME":"HENRYS LOT","DEA_BUSINESS_CONTACT":"ANTHONY GIARRATANA","DEA_BUSINESS_PHONE":"6152382250           ","DEA_FACILITY_ADDRESS":"1526 1ST AVE S, SEATTLE, WA 98134-1402","DEA_STALLS":30,"FAC_NAME":"HENRYS LOT","HRS_MONFRI":null,"HRS_SAT":null,"HRS_SUN":null,"FAC_TYPE":null,"RTE_1HR":null,"RTE_2HR":null,"RTE_3HR":null,"RTE_ALLDAY":null,"DISABLED":null,"OP_NAME":null,"OP_PHONE":null,"OP_PHONE2":null,"OP_WEB":null,"PAYMENT_TYPE":null,"OTHER":"N","WEBNAME":null,"REGIONID":null,"OUTOFSERV":null,"VACANT":null,"STATUS":null,"DATETIME":null,"SE_ANNO_CAD_DATA":"","SIGNID":null,"GlobalID":"c1732da6-74d1-417f-aa8b-0e81577e04bc"}},{"type":"Feature","id":230027,"geometry":{"type":"Point","coordinates":[-122.328365878295,47.5872001299918]},"properties":{"OBJECTID":230027,"BUSLIC_ID":599579,"BUSLIC_LOCATION_ID":643028,"DEA_FACILITY_OWNER":null,"DEA_FACILITY_NAME":"EASY OUT PARKING","DEA_BUSINESS_CONTACT":"KURT BRAY","DEA_BUSINESS_PHONE":"2062321883           ","DEA_FACILITY_ADDRESS":"1732 4TH AVE S, SEATTLE, WA 98134","DEA_STALLS":108,"FAC_NAME":"EASY OUT PARKING","HRS_MONFRI":null,"HRS_SAT":null,"HRS_SUN":null,"FAC_TYPE":null,"RTE_1HR":null,"RTE_2HR":null,"RTE_3HR":null,"RTE_ALLDAY":null,"DISABLED":null,"OP_NAME":null,"OP_PHONE":null,"OP_PHONE2":null,"OP_WEB":null,"PAYMENT_TYPE":null,"OTHER":"N","WEBNAME":null,"REGIONID":null,"OUTOFSERV":null,"VACANT":null,"STATUS":null,"DATETIME":null,"SE_ANNO_CAD_DATA":"","SIGNID":null,"GlobalID":"5eefa320-60b2-4409-a37b-c7ff66c52fe3"}},{"type":"Feature","id":230028,"geometry":{"type":"Point","coordinates":[-122.385418841965,47.5821998904798]},"properties":{"OBJECTID":230028,"BUSLIC_ID":519594,"BUSLIC_LOCATION_ID":583989,"DEA_FACILITY_OWNER":null,"DEA_FACILITY_NAME":"UNITED PARKING  4506","DEA_BUSINESS_CONTACT":"JONATHAN DIAMOND","DEA_BUSINESS_PHONE":"2062846303           ","DEA_FACILITY_ADDRESS":"2331 42ND AVE SW, SEATTLE, WA 98116","DEA_STALLS":101,"FAC_NAME":"UNITED PARKING  4506","HRS_MONFRI":null,"HRS_SAT":null,"HRS_SUN":null,"FAC_TYPE":null,"RTE_1HR":null,"RTE_2HR":null,"RTE_3HR":null,"RTE_ALLDAY":null,"DISABLED":null,"OP_NAME":null,"OP_PHONE":null,"OP_PHONE2":null,"OP_WEB":null,"PAYMENT_TYPE":null,"OTHER":"N","WEBNAME":null,"REGIONID":null,"OUTOFSERV":null,"VACANT":null,"STATUS":null,"DATETIME":null,"SE_ANNO_CAD_DATA":"","SIGNID":null,"GlobalID":"03261ac0-d295-41c4-8446-13fa27e0ccc9"}},{"type":"Feature","id":230029,"geometry":{"type":"Point","coordinates":[-122.336239056637,47.5759523220071]},"properties":{"OBJECTID":230029,"BUSLIC_ID":628523,"BUSLIC_LOCATION_ID":663569,"DEA_FACILITY_OWNER":null,"DEA_FACILITY_NAME":"IPM  42","DEA_BUSINESS_CONTACT":"JOAN SUNDBERG","DEA_BUSINESS_PHONE":"2062540811           ","DEA_FACILITY_ADDRESS":"66 S HANFORD ST, SEATTLE, WA 98134-1826","DEA_STALLS":0,"FAC_NAME":"IPM  42","HRS_MONFRI":null,"HRS_SAT":null,"HRS_SUN":null,"FAC_TYPE":null,"RTE_1HR":null,"RTE_2HR":null,"RTE_3HR":null,"RTE_ALLDAY":null,"DISABLED":null,"OP_NAME":null,"OP_PHONE":null,"OP_PHONE2":null,"OP_WEB":null,"PAYMENT_TYPE":null,"OTHER":"N","WEBNAME":null,"REGIONID":null,"OUTOFSERV":null,"VACANT":null,"STATUS":null,"DATETIME":null,"SE_ANNO_CAD_DATA":"","SIGNID":null,"GlobalID":"e92c04ff-19bf-44fb-91aa-103ccfd429c8"}},{"type":"Feature","id":230030,"geometry":{"type":"Point","coordinates":[-122.332625038782,47.5821733286501]},"properties":{"OBJECTID":230030,"BUSLIC_ID":582299,"BUSLIC_LOCATION_ID":630527,"DEA_FACILITY_OWNER":null,"DEA_FACILITY_NAME":"DIAMOND PARKING A 984","DEA_BUSINESS_CONTACT":"JONATHAN DIAMOND","DEA_BUSINESS_PHONE":"2062843100           ","DEA_FACILITY_ADDRESS":"2250 OCCIDENTAL AVE S, SEATTLE, WA 98134","DEA_STALLS":80,"FAC_NAME":"DIAMOND PARKING A 984","HRS_MONFRI":null,"HRS_SAT":null,"HRS_SUN":null,"FAC_TYPE":null,"RTE_1HR":null,"RTE_2HR":null,"RTE_3HR":null,"RTE_ALLDAY":null,"DISABLED":null,"OP_NAME":null,"OP_PHONE":null,"OP_PHONE2":null,"OP_WEB":null,"PAYMENT_TYPE":null,"OTHER":"N","WEBNAME":null,"REGIONID":null,"OUTOFSERV":null,"VACANT":null,"STATUS":null,"DATETIME":null,"SE_ANNO_CAD_DATA":"","SIGNID":null,"GlobalID":"4b5870e9-3ed2-4428-ab74-0ddfda6e363b"}},{"type":"Feature","id":230031,"geometry":{"type":"Point","coordinates":[-122.325104907523,47.5791278006692]},"properties":{"OBJECTID":230031,"BUSLIC_ID":688158,"BUSLIC_LOCATION_ID":705816,"DEA_FACILITY_OWNER":null,"DEA_FACILITY_NAME":"LOT 60","DEA_BUSINESS_CONTACT":"JOAN SUNDBERG","DEA_BUSINESS_PHONE":"2062540811           ","DEA_FACILITY_ADDRESS":"2724 6TH PL S, SEATTLE, WA 98134-2129","DEA_STALLS":0,"FAC_NAME":"LOT 60","HRS_MONFRI":null,"HRS_SAT":null,"HRS_SUN":null,"FAC_TYPE":null,"RTE_1HR":null,"RTE_2HR":null,"RTE_3HR":null,"RTE_ALLDAY":null,"DISABLED":null,"OP_NAME":null,"OP_PHONE":null,"OP_PHONE2":null,"OP_WEB":null,"PAYMENT_TYPE":null,"OTHER":"N","WEBNAME":null,"REGIONID":null,"OUTOFSERV":null,"VACANT":null,"STATUS":null,"DATETIME":null,"SE_ANNO_CAD_DATA":"","SIGNID":null,"GlobalID":"97e45760-6446-47a3-8168-0f0d42dd0a1a"}},{"type":"Feature","id":230032,"geometry":{"type":"Point","coordinates":[-122.333791033948,47.5779370511237]},"properties":{"OBJECTID":230032,"BUSLIC_ID":643857,"BUSLIC_LOCATION_ID":673490,"DEA_FACILITY_OWNER":null,"DEA_FACILITY_NAME":"DIAMOND PARKING  A436","DEA_BUSINESS_CONTACT":"JONATHAN DIAMOND","DEA_BUSINESS_PHONE":"2062843100           ","DEA_FACILITY_ADDRESS":"2764 1ST AVE S, SEATTLE, WA 98134","DEA_STALLS":51,"FAC_NAME":"DIAMOND PARKING  A436","HRS_MONFRI":null,"HRS_SAT":null,"HRS_SUN":null,"FAC_TYPE":null,"RTE_1HR":null,"RTE_2HR":null,"RTE_3HR":null,"RTE_ALLDAY":null,"DISABLED":null,"OP_NAME":null,"OP_PHONE":null,"OP_PHONE2":null,"OP_WEB":null,"PAYMENT_TYPE":null,"OTHER":"N","WEBNAME":null,"REGIONID":null,"OUTOFSERV":null,"VACANT":null,"STATUS":null,"DATETIME":null,"SE_ANNO_CAD_DATA":"","SIGNID":null,"GlobalID":"8360f027-48af-46c9-867f-85e7b536b7b0"}},{"type":"Feature","id":230033,"geometry":{"type":"Point","coordinates":[-122.327891579832,47.5758677196554]},"properties":{"OBJECTID":230033,"BUSLIC_ID":725056,"BUSLIC_LOCATION_ID":733396,"DEA_FACILITY_OWNER":null,"DEA_FACILITY_NAME":"IMPARK 81","DEA_BUSINESS_CONTACT":"EDWARD DANYLUK","DEA_BUSINESS_PHONE":"2063811789           ","DEA_FACILITY_ADDRESS":"2960 4TH AVE S, SEATTLE, WA 98124","DEA_STALLS":25,"FAC_NAME":"IMPARK 81","HRS_MONFRI":null,"HRS_SAT":null,"HRS_SUN":null,"FAC_TYPE":null,"RTE_1HR":null,"RTE_2HR":null,"RTE_3HR":null,"RTE_ALLDAY":null,"DISABLED":null,"OP_NAME":null,"OP_PHONE":null,"OP_PHONE2":null,"OP_WEB":null,"PAYMENT_TYPE":null,"OTHER":"N","WEBNAME":null,"REGIONID":null,"OUTOFSERV":null,"VACANT":null,"STATUS":null,"DATETIME":null,"SE_ANNO_CAD_DATA":"","SIGNID":null,"GlobalID":"5f180b17-df47-44f4-a820-0f6ddc74a9e2"}},{"type":"Feature","id":230034,"geometry":{"type":"Point","coordinates":[-122.298733997025,47.5770135604821]},"properties":{"OBJECTID":230034,"BUSLIC_ID":584425,"BUSLIC_LOCATION_ID":632003,"DEA_FACILITY_OWNER":null,"DEA_FACILITY_NAME":"DIAMOND PARKING  A981","DEA_BUSINESS_CONTACT":"JONATHAN DIAMOND","DEA_BUSINESS_PHONE":"2062843100           ","DEA_FACILITY_ADDRESS":"2929 27TH AVE S, SEATTLE, WA 98144","DEA_STALLS":75,"FAC_NAME":"DIAMOND PARKING  A981","HRS_MONFRI":null,"HRS_SAT":null,"HRS_SUN":null,"FAC_TYPE":null,"RTE_1HR":null,"RTE_2HR":null,"RTE_3HR":null,"RTE_ALLDAY":null,"DISABLED":null,"OP_NAME":null,"OP_PHONE":null,"OP_PHONE2":null,"OP_WEB":null,"PAYMENT_TYPE":null,"OTHER":"N","WEBNAME":null,"REGIONID":null,"OUTOFSERV":null,"VACANT":null,"STATUS":null,"DATETIME":null,"SE_ANNO_CAD_DATA":"","SIGNID":null,"GlobalID":"bcfbf411-0f97-4011-878d-0f49bbdc204e"}},{"type":"Feature","id":230035,"geometry":{"type":"Point","coordinates":[-122.295616477005,47.5755280230941]},"properties":{"OBJECTID":230035,"BUSLIC_ID":603379,"BUSLIC_LOCATION_ID":645765,"DEA_FACILITY_OWNER":null,"DEA_FACILITY_NAME":"DIAMOND PARKING  A942","DEA_BUSINESS_CONTACT":"JONATHAN DIAMOND","DEA_BUSINESS_PHONE":"2062846303           ","DEA_FACILITY_ADDRESS":"3100 RAINIER AVE S, SEATTLE, WA 98144","DEA_STALLS":19,"FAC_NAME":"DIAMOND PARKING  A942","HRS_MONFRI":null,"HRS_SAT":null,"HRS_SUN":null,"FAC_TYPE":null,"RTE_1HR":null,"RTE_2HR":null,"RTE_3HR":null,"RTE_ALLDAY":null,"DISABLED":null,"OP_NAME":null,"OP_PHONE":null,"OP_PHONE2":null,"OP_WEB":null,"PAYMENT_TYPE":null,"OTHER":"N","WEBNAME":null,"REGIONID":null,"OUTOFSERV":null,"VACANT":null,"STATUS":null,"DATETIME":null,"SE_ANNO_CAD_DATA":"","SIGNID":null,"GlobalID":"13ffcfd4-e6bb-4bce-b3a0-37b2e16e6314"}},{"type":"Feature","id":230036,"geometry":{"type":"Point","coordinates":[-122.38789169056,47.5613665928826]},"properties":{"OBJECTID":230036,"BUSLIC_ID":574681,"BUSLIC_LOCATION_ID":581998,"DEA_FACILITY_OWNER":null,"DEA_FACILITY_NAME":"DIAMOND PARKING   A281","DEA_BUSINESS_CONTACT":"JONATHAN DIAMOND","DEA_BUSINESS_PHONE":"2069929475           ","DEA_FACILITY_ADDRESS":"4314 SW ALASKA ST, SEATTLE, WA 98116","DEA_STALLS":30,"FAC_NAME":"DIAMOND PARKING   A281","HRS_MONFRI":null,"HRS_SAT":null,"HRS_SUN":null,"FAC_TYPE":null,"RTE_1HR":null,"RTE_2HR":null,"RTE_3HR":null,"RTE_ALLDAY":null,"DISABLED":null,"OP_NAME":null,"OP_PHONE":null,"OP_PHONE2":null,"OP_WEB":null,"PAYMENT_TYPE":null,"OTHER":"N","WEBNAME":null,"REGIONID":null,"OUTOFSERV":null,"VACANT":null,"STATUS":null,"DATETIME":null,"SE_ANNO_CAD_DATA":"","SIGNID":null,"GlobalID":"cf13cfba-d690-41d9-8923-7f7ae586fa35"}},{"type":"Feature","id":230037,"geometry":{"type":"Point","coordinates":[-122.386455905884,47.5631160292341]},"properties":{"OBJECTID":230037,"BUSLIC_ID":707903,"BUSLIC_LOCATION_ID":719613,"DEA_FACILITY_OWNER":null,"DEA_FACILITY_NAME":"DIAMOND PARKING  A656","DEA_BUSINESS_CONTACT":"JONATHAN DIAMOND","DEA_BUSINESS_PHONE":"2062843100           ","DEA_FACILITY_ADDRESS":"4452 CALIFORNIA AVE SW, SEATTLE, WA 98116","DEA_STALLS":15,"FAC_NAME":"DIAMOND PARKING  A656","HRS_MONFRI":null,"HRS_SAT":null,"HRS_SUN":null,"FAC_TYPE":null,"RTE_1HR":null,"RTE_2HR":null,"RTE_3HR":null,"RTE_ALLDAY":null,"DISABLED":null,"OP_NAME":null,"OP_PHONE":null,"OP_PHONE2":null,"OP_WEB":null,"PAYMENT_TYPE":null,"OTHER":"N","WEBNAME":null,"REGIONID":null,"OUTOFSERV":null,"VACANT":null,"STATUS":null,"DATETIME":null,"SE_ANNO_CAD_DATA":"","SIGNID":null,"GlobalID":"1d38787f-9f64-4f77-a38b-0c34c5171970"}},{"type":"Feature","id":230038,"geometry":{"type":"Point","coordinates":[-122.386378304076,47.565078711695]},"properties":{"OBJECTID":230038,"BUSLIC_ID":692260,"BUSLIC_LOCATION_ID":596089,"DEA_FACILITY_OWNER":null,"DEA_FACILITY_NAME":"DIAMOND PARKING  A627","DEA_BUSINESS_CONTACT":"JONATHAN DIAMOND","DEA_BUSINESS_PHONE":"2062843100           ","DEA_FACILITY_ADDRESS":"4150 CALIFORNIA AVE SW, SEATTLE, WA 98116","DEA_STALLS":48,"FAC_NAME":"DIAMOND PARKING  A627","HRS_MONFRI":null,"HRS_SAT":null,"HRS_SUN":null,"FAC_TYPE":null,"RTE_1HR":null,"RTE_2HR":null,"RTE_3HR":null,"RTE_ALLDAY":null,"DISABLED":null,"OP_NAME":null,"OP_PHONE":null,"OP_PHONE2":null,"OP_WEB":null,"PAYMENT_TYPE":null,"OTHER":"N","WEBNAME":null,"REGIONID":null,"OUTOFSERV":null,"VACANT":null,"STATUS":null,"DATETIME":null,"SE_ANNO_CAD_DATA":"","SIGNID":null,"GlobalID":"12e2edc3-1b1b-4a0c-bb98-499b96064fde"}},{"type":"Feature","id":230039,"geometry":{"type":"Point","coordinates":[-122.276511461362,47.5659237527802]},"properties":{"OBJECTID":230039,"BUSLIC_ID":715390,"BUSLIC_LOCATION_ID":523313,"DEA_FACILITY_OWNER":null,"DEA_FACILITY_NAME":"WILLIS & SONS","DEA_BUSINESS_CONTACT":"VORN WILLIS","DEA_BUSINESS_PHONE":"2067227236           ","DEA_FACILITY_ADDRESS":"4114 45TH AVE S, SEATTLE, WA 98118","DEA_STALLS":100,"FAC_NAME":"WILLIS & SONS","HRS_MONFRI":null,"HRS_SAT":null,"HRS_SUN":null,"FAC_TYPE":null,"RTE_1HR":null,"RTE_2HR":null,"RTE_3HR":null,"RTE_ALLDAY":null,"DISABLED":null,"OP_NAME":null,"OP_PHONE":null,"OP_PHONE2":null,"OP_WEB":null,"PAYMENT_TYPE":null,"OTHER":"N","WEBNAME":null,"REGIONID":null,"OUTOFSERV":null,"VACANT":null,"STATUS":null,"DATETIME":null,"SE_ANNO_CAD_DATA":"","SIGNID":null,"GlobalID":"390378e2-394f-496f-86e0-69011295be16"}},{"type":"Feature","id":230040,"geometry":{"type":"Point","coordinates":[-122.276511461362,47.5659237527802]},"properties":{"OBJECTID":230040,"BUSLIC_ID":432774,"BUSLIC_LOCATION_ID":523313,"DEA_FACILITY_OWNER":null,"DEA_FACILITY_NAME":"WILLIS & SONS","DEA_BUSINESS_CONTACT":"VORN WILLIS","DEA_BUSINESS_PHONE":"2067227236           ","DEA_FACILITY_ADDRESS":"4114 45TH AVE S, SEATTLE, WA 98118","DEA_STALLS":100,"FAC_NAME":"WILLIS & SONS","HRS_MONFRI":null,"HRS_SAT":null,"HRS_SUN":null,"FAC_TYPE":null,"RTE_1HR":null,"RTE_2HR":null,"RTE_3HR":null,"RTE_ALLDAY":null,"DISABLED":null,"OP_NAME":null,"OP_PHONE":null,"OP_PHONE2":null,"OP_WEB":null,"PAYMENT_TYPE":null,"OTHER":"N","WEBNAME":null,"REGIONID":null,"OUTOFSERV":null,"VACANT":null,"STATUS":null,"DATETIME":null,"SE_ANNO_CAD_DATA":"","SIGNID":null,"GlobalID":"5beb52dc-5368-4840-aecd-327e85ea4582"}},{"type":"Feature","id":230041,"geometry":{"type":"Point","coordinates":[-122.387133537919,47.5609664426511]},"properties":{"OBJECTID":230041,"BUSLIC_ID":502272,"BUSLIC_LOCATION_ID":571455,"DEA_FACILITY_OWNER":null,"DEA_FACILITY_NAME":"DIAMOND PARKING  A831","DEA_BUSINESS_CONTACT":"JONATHAN DIAMOND","DEA_BUSINESS_PHONE":"2062843100           ","DEA_FACILITY_ADDRESS":"4701 CALIFORNIA AVE SW, SEATTLE, WA 98116","DEA_STALLS":18,"FAC_NAME":"DIAMOND PARKING  A831","HRS_MONFRI":null,"HRS_SAT":null,"HRS_SUN":null,"FAC_TYPE":null,"RTE_1HR":null,"RTE_2HR":null,"RTE_3HR":null,"RTE_ALLDAY":null,"DISABLED":null,"OP_NAME":null,"OP_PHONE":null,"OP_PHONE2":null,"OP_WEB":null,"PAYMENT_TYPE":null,"OTHER":"N","WEBNAME":null,"REGIONID":null,"OUTOFSERV":null,"VACANT":null,"STATUS":null,"DATETIME":null,"SE_ANNO_CAD_DATA":"","SIGNID":null,"GlobalID":"ab22b37d-e478-4a76-9d57-ad37243cc925"}},{"type":"Feature","id":230042,"geometry":{"type":"Point","coordinates":[-122.384793963163,47.5608074273405]},"properties":{"OBJECTID":230042,"BUSLIC_ID":574696,"BUSLIC_LOCATION_ID":584046,"DEA_FACILITY_OWNER":null,"DEA_FACILITY_NAME":"DIAMOND PARKING  A941","DEA_BUSINESS_CONTACT":"JONATHAN DIAMOND","DEA_BUSINESS_PHONE":"2062846303           ","DEA_FACILITY_ADDRESS":"4704 42ND AVE SW, SEATTLE, WA 98116","DEA_STALLS":213,"FAC_NAME":"DIAMOND PARKING  A941","HRS_MONFRI":null,"HRS_SAT":null,"HRS_SUN":null,"FAC_TYPE":null,"RTE_1HR":null,"RTE_2HR":null,"RTE_3HR":null,"RTE_ALLDAY":null,"DISABLED":null,"OP_NAME":null,"OP_PHONE":null,"OP_PHONE2":null,"OP_WEB":null,"PAYMENT_TYPE":null,"OTHER":"N","WEBNAME":null,"REGIONID":null,"OUTOFSERV":null,"VACANT":null,"STATUS":null,"DATETIME":null,"SE_ANNO_CAD_DATA":"","SIGNID":null,"GlobalID":"65c96cae-d43d-4790-84e0-29d31ee2c51e"}},{"type":"Feature","id":230043,"geometry":{"type":"Point","coordinates":[-122.385785645747,47.5594791088304]},"properties":{"OBJECTID":230043,"BUSLIC_ID":574693,"BUSLIC_LOCATION_ID":583157,"DEA_FACILITY_OWNER":null,"DEA_FACILITY_NAME":"DIAMOND PARKING  A932","DEA_BUSINESS_CONTACT":"JONATHAN DIAMOND","DEA_BUSINESS_PHONE":"2062846303           ","DEA_FACILITY_ADDRESS":"4200 SW EDMUNDS ST, SEATTLE, WA 98116","DEA_STALLS":36,"FAC_NAME":"DIAMOND PARKING  A932","HRS_MONFRI":null,"HRS_SAT":null,"HRS_SUN":null,"FAC_TYPE":null,"RTE_1HR":null,"RTE_2HR":null,"RTE_3HR":null,"RTE_ALLDAY":null,"DISABLED":null,"OP_NAME":null,"OP_PHONE":null,"OP_PHONE2":null,"OP_WEB":null,"PAYMENT_TYPE":null,"OTHER":"N","WEBNAME":null,"REGIONID":null,"OUTOFSERV":null,"VACANT":null,"STATUS":null,"DATETIME":null,"SE_ANNO_CAD_DATA":"","SIGNID":null,"GlobalID":"2b170e49-45b6-4c9d-ad53-01fdc848e74f"}},{"type":"Feature","id":230044,"geometry":{"type":"Point","coordinates":[-122.284794364872,47.5567683939519]},"properties":{"OBJECTID":230044,"BUSLIC_ID":612581,"BUSLIC_LOCATION_ID":652236,"DEA_FACILITY_OWNER":null,"DEA_FACILITY_NAME":"DIAMOND PARKING  A363","DEA_BUSINESS_CONTACT":"JONATHAN DIAMOND","DEA_BUSINESS_PHONE":"2063843100           ","DEA_FACILITY_ADDRESS":"5001 RAINIER AVE S, SEATTLE, WA 98118","DEA_STALLS":14,"FAC_NAME":"DIAMOND PARKING  A363","HRS_MONFRI":null,"HRS_SAT":null,"HRS_SUN":null,"FAC_TYPE":null,"RTE_1HR":null,"RTE_2HR":null,"RTE_3HR":null,"RTE_ALLDAY":null,"DISABLED":null,"OP_NAME":null,"OP_PHONE":null,"OP_PHONE2":null,"OP_WEB":null,"PAYMENT_TYPE":null,"OTHER":"N","WEBNAME":null,"REGIONID":null,"OUTOFSERV":null,"VACANT":null,"STATUS":null,"DATETIME":null,"SE_ANNO_CAD_DATA":"","SIGNID":null,"GlobalID":"caf93f80-e43d-4fbc-9e69-b594ff26c4d8"}},{"type":"Feature","id":230045,"geometry":{"type":"Point","coordinates":[-122.330299033162,47.5448754868708]},"properties":{"OBJECTID":230045,"BUSLIC_ID":641902,"BUSLIC_LOCATION_ID":672193,"DEA_FACILITY_OWNER":null,"DEA_FACILITY_NAME":"DIAMOND PARKING  A425","DEA_BUSINESS_CONTACT":"JONATHAN DIAMOND","DEA_BUSINESS_PHONE":"2062843100           ","DEA_FACILITY_ADDRESS":"303 S MICHIGAN ST, SEATTLE, WA 98108","DEA_STALLS":35,"FAC_NAME":"DIAMOND PARKING  A425","HRS_MONFRI":null,"HRS_SAT":null,"HRS_SUN":null,"FAC_TYPE":null,"RTE_1HR":null,"RTE_2HR":null,"RTE_3HR":null,"RTE_ALLDAY":null,"DISABLED":null,"OP_NAME":null,"OP_PHONE":null,"OP_PHONE2":null,"OP_WEB":null,"PAYMENT_TYPE":null,"OTHER":"N","WEBNAME":null,"REGIONID":null,"OUTOFSERV":null,"VACANT":null,"STATUS":null,"DATETIME":null,"SE_ANNO_CAD_DATA":"","SIGNID":null,"GlobalID":"18f804d9-bcbb-4c8f-908a-808b3047a2bc"}},{"type":"Feature","id":230046,"geometry":{"type":"Point","coordinates":[-122.283077367473,47.5374740404282]},"properties":{"OBJECTID":230046,"BUSLIC_ID":669068,"BUSLIC_LOCATION_ID":595312,"DEA_FACILITY_OWNER":null,"DEA_FACILITY_NAME":"DIAMOND PARKING  A985","DEA_BUSINESS_CONTACT":"JONATHAN DIAMOND","DEA_BUSINESS_PHONE":"2062843100           ","DEA_FACILITY_ADDRESS":"3900 S OTHELLO ST, SEATTLE, WA 98118","DEA_STALLS":31,"FAC_NAME":"DIAMOND PARKING  A985","HRS_MONFRI":null,"HRS_SAT":null,"HRS_SUN":null,"FAC_TYPE":null,"RTE_1HR":null,"RTE_2HR":null,"RTE_3HR":null,"RTE_ALLDAY":null,"DISABLED":null,"OP_NAME":null,"OP_PHONE":null,"OP_PHONE2":null,"OP_WEB":null,"PAYMENT_TYPE":null,"OTHER":"N","WEBNAME":null,"REGIONID":null,"OUTOFSERV":null,"VACANT":null,"STATUS":null,"DATETIME":null,"SE_ANNO_CAD_DATA":"","SIGNID":null,"GlobalID":"8157ee75-118f-46c3-a1e4-0e1b73a74336"}},{"type":"Feature","id":230047,"geometry":{"type":"Point","coordinates":[-122.31475021307,47.5234134081021]},"properties":{"OBJECTID":230047,"BUSLIC_ID":617379,"BUSLIC_LOCATION_ID":655420,"DEA_FACILITY_OWNER":null,"DEA_FACILITY_NAME":"AMAZON.COM SHUTTLE LOT 81123 NO PS","DEA_BUSINESS_CONTACT":"BILL BEATTIE","DEA_BUSINESS_PHONE":"2066247040           ","DEA_FACILITY_ADDRESS":"8914 14TH AVE S, SEATTLE, WA 98108-4814","DEA_STALLS":0,"FAC_NAME":"AMAZON.COM SHUTTLE LOT 81123 NO PS","HRS_MONFRI":null,"HRS_SAT":null,"HRS_SUN":null,"FAC_TYPE":null,"RTE_1HR":null,"RTE_2HR":null,"RTE_3HR":null,"RTE_ALLDAY":null,"DISABLED":null,"OP_NAME":null,"OP_PHONE":null,"OP_PHONE2":null,"OP_WEB":null,"PAYMENT_TYPE":null,"OTHER":"N","WEBNAME":null,"REGIONID":null,"OUTOFSERV":null,"VACANT":null,"STATUS":null,"DATETIME":null,"SE_ANNO_CAD_DATA":"","SIGNID":null,"GlobalID":"94ffcbd1-fe28-4976-b8fe-acbae6ac219e"}},{"type":"Feature","id":230048,"geometry":{"type":"Point","coordinates":[-122.30487904679,47.6637724751305]},"properties":{"OBJECTID":230048,"BUSLIC_ID":624004,"BUSLIC_LOCATION_ID":660329,"DEA_FACILITY_OWNER":null,"DEA_FACILITY_NAME":"REPUBLIC PARKING 46 IVY RIDGE APTS","DEA_BUSINESS_CONTACT":"GARY BECK","DEA_BUSINESS_PHONE":"2067834144           ","DEA_FACILITY_ADDRESS":"4730 21ST AVE NE, SEATTLE, WA 98105","DEA_STALLS":11,"FAC_NAME":"REPUBLIC PARKING 46 IVY RIDGE APTS","HRS_MONFRI":null,"HRS_SAT":null,"HRS_SUN":null,"FAC_TYPE":null,"RTE_1HR":null,"RTE_2HR":null,"RTE_3HR":null,"RTE_ALLDAY":null,"DISABLED":null,"OP_NAME":null,"OP_PHONE":null,"OP_PHONE2":null,"OP_WEB":null,"PAYMENT_TYPE":null,"OTHER":"N","WEBNAME":null,"REGIONID":null,"OUTOFSERV":null,"VACANT":null,"STATUS":null,"DATETIME":null,"SE_ANNO_CAD_DATA":"","SIGNID":null,"GlobalID":"850a54cf-9c29-4c76-8607-1a9b3755918a"}},{"type":"Feature","id":230049,"geometry":{"type":"Point","coordinates":[-122.31280755513,47.6501469031766]},"properties":{"OBJECTID":230049,"BUSLIC_ID":671800,"BUSLIC_LOCATION_ID":76124,"DEA_FACILITY_OWNER":null,"DEA_FACILITY_NAME":"REPUBLIC PARKING  203","DEA_BUSINESS_CONTACT":"GARY BECK","DEA_BUSINESS_PHONE":"2067834144           ","DEA_FACILITY_ADDRESS":"1401 NE BOAT ST, SEATTLE, WA 98105","DEA_STALLS":310,"FAC_NAME":"REPUBLIC PARKING  203","HRS_MONFRI":null,"HRS_SAT":null,"HRS_SUN":null,"FAC_TYPE":null,"RTE_1HR":null,"RTE_2HR":null,"RTE_3HR":null,"RTE_ALLDAY":null,"DISABLED":null,"OP_NAME":null,"OP_PHONE":null,"OP_PHONE2":null,"OP_WEB":null,"PAYMENT_TYPE":null,"OTHER":"N","WEBNAME":null,"REGIONID":null,"OUTOFSERV":null,"VACANT":null,"STATUS":null,"DATETIME":null,"SE_ANNO_CAD_DATA":"","SIGNID":null,"GlobalID":"19780c72-eda6-4d46-8705-d0347736c2de"}},{"type":"Feature","id":230050,"geometry":{"type":"Point","coordinates":[-122.311820172308,47.6190061734578]},"properties":{"OBJECTID":230050,"BUSLIC_ID":658575,"BUSLIC_LOCATION_ID":684528,"DEA_FACILITY_OWNER":null,"DEA_FACILITY_NAME":"ACE PARKING  3270 GROUP HEALTH CAPITOL HILL","DEA_BUSINESS_CONTACT":"KEITH JONES","DEA_BUSINESS_PHONE":"6192336624           ","DEA_FACILITY_ADDRESS":"125 16TH AVE E, SEATTLE, WA 98112","DEA_STALLS":880,"FAC_NAME":"ACE PARKING  3270 GROUP HEALTH CAPITOL HILL","HRS_MONFRI":null,"HRS_SAT":null,"HRS_SUN":null,"FAC_TYPE":null,"RTE_1HR":null,"RTE_2HR":null,"RTE_3HR":null,"RTE_ALLDAY":null,"DISABLED":null,"OP_NAME":null,"OP_PHONE":null,"OP_PHONE2":null,"OP_WEB":null,"PAYMENT_TYPE":null,"OTHER":"N","WEBNAME":null,"REGIONID":null,"OUTOFSERV":null,"VACANT":null,"STATUS":null,"DATETIME":null,"SE_ANNO_CAD_DATA":"","SIGNID":null,"GlobalID":"d556065e-150d-4b12-95e3-2cdeabaa527b"}},{"type":"Feature","id":230051,"geometry":{"type":"Point","coordinates":[-122.335603341953,47.6238338845894]},"properties":{"OBJECTID":230051,"BUSLIC_ID":591974,"BUSLIC_LOCATION_ID":637745,"DEA_FACILITY_OWNER":null,"DEA_FACILITY_NAME":"AMAZON PHASE 2 82171","DEA_BUSINESS_CONTACT":"BILL BEATTIE","DEA_BUSINESS_PHONE":"2063818552           ","DEA_FACILITY_ADDRESS":"500 BOREN AVE N, SEATTLE, WA 98109-5501","DEA_STALLS":259,"FAC_NAME":"AMAZON PHASE 2 82171","HRS_MONFRI":null,"HRS_SAT":null,"HRS_SUN":null,"FAC_TYPE":null,"RTE_1HR":null,"RTE_2HR":null,"RTE_3HR":null,"RTE_ALLDAY":null,"DISABLED":null,"OP_NAME":null,"OP_PHONE":null,"OP_PHONE2":null,"OP_WEB":null,"PAYMENT_TYPE":null,"OTHER":"N","WEBNAME":null,"REGIONID":null,"OUTOFSERV":null,"VACANT":null,"STATUS":null,"DATETIME":null,"SE_ANNO_CAD_DATA":"","SIGNID":null,"GlobalID":"d6e2f65e-20f6-46f6-9a6b-d11f37196321"}},{"type":"Feature","id":230052,"geometry":{"type":"Point","coordinates":[-122.311623464893,47.6236417934546]},"properties":{"OBJECTID":230052,"BUSLIC_ID":579887,"BUSLIC_LOCATION_ID":628636,"DEA_FACILITY_OWNER":null,"DEA_FACILITY_NAME":"REPUBLIC PARKING 30 559 SWEDISH CHERRY HILL","DEA_BUSINESS_CONTACT":"GARY BECK","DEA_BUSINESS_PHONE":"2067834144           ","DEA_FACILITY_ADDRESS":"511 16TH AVE E, SEATTLE, WA 98112","DEA_STALLS":726,"FAC_NAME":"REPUBLIC PARKING 30 559 SWEDISH CHERRY HILL","HRS_MONFRI":null,"HRS_SAT":null,"HRS_SUN":null,"FAC_TYPE":null,"RTE_1HR":null,"RTE_2HR":null,"RTE_3HR":null,"RTE_ALLDAY":null,"DISABLED":null,"OP_NAME":null,"OP_PHONE":null,"OP_PHONE2":null,"OP_WEB":null,"PAYMENT_TYPE":null,"OTHER":"N","WEBNAME":null,"REGIONID":null,"OUTOFSERV":null,"VACANT":null,"STATUS":null,"DATETIME":null,"SE_ANNO_CAD_DATA":"","SIGNID":null,"GlobalID":"4f343c74-bf38-4a22-9a40-cef9edc32068"}},{"type":"Feature","id":230053,"geometry":{"type":"Point","coordinates":[-122.327295488679,47.6010734506973]},"properties":{"OBJECTID":230053,"BUSLIC_ID":528254,"BUSLIC_LOCATION_ID":4592,"DEA_FACILITY_OWNER":null,"DEA_FACILITY_NAME":"U PARK 88","DEA_BUSINESS_CONTACT":"KEN JR PHILLIPS","DEA_BUSINESS_PHONE":"2062849797           ","DEA_FACILITY_ADDRESS":"120 5TH AVE S, SEATTLE, WA 98104","DEA_STALLS":70,"FAC_NAME":"U PARK 88","HRS_MONFRI":null,"HRS_SAT":null,"HRS_SUN":null,"FAC_TYPE":null,"RTE_1HR":null,"RTE_2HR":null,"RTE_3HR":null,"RTE_ALLDAY":null,"DISABLED":null,"OP_NAME":null,"OP_PHONE":null,"OP_PHONE2":null,"OP_WEB":null,"PAYMENT_TYPE":null,"OTHER":"N","WEBNAME":null,"REGIONID":null,"OUTOFSERV":null,"VACANT":null,"STATUS":null,"DATETIME":null,"SE_ANNO_CAD_DATA":"","SIGNID":null,"GlobalID":"f9f6bd99-21ee-498b-bd00-a7eb9eac050f"}},{"type":"Feature","id":230054,"geometry":{"type":"Point","coordinates":[-122.332252036601,47.6041087781979]},"properties":{"OBJECTID":230054,"BUSLIC_ID":662643,"BUSLIC_LOCATION_ID":687301,"DEA_FACILITY_OWNER":null,"DEA_FACILITY_NAME":"REPUBLIC PARKING 30 79","DEA_BUSINESS_CONTACT":"GARY BECK","DEA_BUSINESS_PHONE":"2067834144           ","DEA_FACILITY_ADDRESS":"720 3RD AVE, SEATTLE, WA 98104","DEA_STALLS":216,"FAC_NAME":"REPUBLIC PARKING 30 79","HRS_MONFRI":null,"HRS_SAT":null,"HRS_SUN":null,"FAC_TYPE":null,"RTE_1HR":null,"RTE_2HR":null,"RTE_3HR":null,"RTE_ALLDAY":null,"DISABLED":null,"OP_NAME":null,"OP_PHONE":null,"OP_PHONE2":null,"OP_WEB":null,"PAYMENT_TYPE":null,"OTHER":"N","WEBNAME":null,"REGIONID":null,"OUTOFSERV":null,"VACANT":null,"STATUS":null,"DATETIME":null,"SE_ANNO_CAD_DATA":"","SIGNID":null,"GlobalID":"8f65a3c5-399b-4234-8208-167102c70148"}},{"type":"Feature","id":230055,"geometry":{"type":"Point","coordinates":[-122.331935300857,47.6037588145472]},"properties":{"OBJECTID":230055,"BUSLIC_ID":616589,"BUSLIC_LOCATION_ID":654844,"DEA_FACILITY_OWNER":null,"DEA_FACILITY_NAME":"ARCTIC CLUB VALET SVC ONLY NO PS LIC REQUIRED","DEA_BUSINESS_CONTACT":"KEITH JONES","DEA_BUSINESS_PHONE":"6192336624           ","DEA_FACILITY_ADDRESS":"700 3RD AVE, SEATTLE, WA 98104","DEA_STALLS":0,"FAC_NAME":"ARCTIC CLUB VALET SVC ONLY NO PS LIC REQUIRED","HRS_MONFRI":null,"HRS_SAT":null,"HRS_SUN":null,"FAC_TYPE":null,"RTE_1HR":null,"RTE_2HR":null,"RTE_3HR":null,"RTE_ALLDAY":null,"DISABLED":null,"OP_NAME":null,"OP_PHONE":null,"OP_PHONE2":null,"OP_WEB":null,"PAYMENT_TYPE":null,"OTHER":"N","WEBNAME":null,"REGIONID":null,"OUTOFSERV":null,"VACANT":null,"STATUS":null,"DATETIME":null,"SE_ANNO_CAD_DATA":"","SIGNID":null,"GlobalID":"8de48321-d2fd-4341-96e8-5d60c3e518a3"}},{"type":"Feature","id":230056,"geometry":{"type":"Point","coordinates":[-122.331492154291,47.6040052273893]},"properties":{"OBJECTID":230056,"BUSLIC_ID":519469,"BUSLIC_LOCATION_ID":583926,"DEA_FACILITY_OWNER":null,"DEA_FACILITY_NAME":"UNITED PARKING 4560 4561","DEA_BUSINESS_CONTACT":"JONATHAN DIAMOND","DEA_BUSINESS_PHONE":"2062846303           ","DEA_FACILITY_ADDRESS":"701 4TH AVE, SEATTLE, WA 98104","DEA_STALLS":105,"FAC_NAME":"UNITED PARKING 4560 4561","HRS_MONFRI":null,"HRS_SAT":null,"HRS_SUN":null,"FAC_TYPE":null,"RTE_1HR":null,"RTE_2HR":null,"RTE_3HR":null,"RTE_ALLDAY":null,"DISABLED":null,"OP_NAME":null,"OP_PHONE":null,"OP_PHONE2":null,"OP_WEB":null,"PAYMENT_TYPE":null,"OTHER":"N","WEBNAME":null,"REGIONID":null,"OUTOFSERV":null,"VACANT":null,"STATUS":null,"DATETIME":null,"SE_ANNO_CAD_DATA":"","SIGNID":null,"GlobalID":"73a8570f-8080-4a60-b3d4-1d5f85e4c08d"}},{"type":"Feature","id":230057,"geometry":{"type":"Point","coordinates":[-122.322815681343,47.6081893158495]},"properties":{"OBJECTID":230057,"BUSLIC_ID":696205,"BUSLIC_LOCATION_ID":711435,"DEA_FACILITY_OWNER":null,"DEA_FACILITY_NAME":"MILE HI VALET SERVICE INC","DEA_BUSINESS_CONTACT":"MARK NORWICZ","DEA_BUSINESS_PHONE":"4102676111           ","DEA_FACILITY_ADDRESS":"1115 COLUMBIA ST, SEATTLE, WA 98104-2009","DEA_STALLS":0,"FAC_NAME":"MILE HI VALET SERVICE INC","HRS_MONFRI":null,"HRS_SAT":null,"HRS_SUN":null,"FAC_TYPE":null,"RTE_1HR":null,"RTE_2HR":null,"RTE_3HR":null,"RTE_ALLDAY":null,"DISABLED":null,"OP_NAME":null,"OP_PHONE":null,"OP_PHONE2":null,"OP_WEB":null,"PAYMENT_TYPE":null,"OTHER":"N","WEBNAME":null,"REGIONID":null,"OUTOFSERV":null,"VACANT":null,"STATUS":null,"DATETIME":null,"SE_ANNO_CAD_DATA":"","SIGNID":null,"GlobalID":"03aebd1d-0437-42e7-82a5-8fce20dadd14"}},{"type":"Feature","id":230058,"geometry":{"type":"Point","coordinates":[-122.321103485213,47.6077827028347]},"properties":{"OBJECTID":230058,"BUSLIC_ID":696404,"BUSLIC_LOCATION_ID":711576,"DEA_FACILITY_OWNER":null,"DEA_FACILITY_NAME":"SOI GARAGE  1393","DEA_BUSINESS_CONTACT":"MARK NORWICZ","DEA_BUSINESS_PHONE":"4102676111           ","DEA_FACILITY_ADDRESS":"601 BROADWAY, SEATTLE, WA 98122-5330","DEA_STALLS":864,"FAC_NAME":"SOI GARAGE  1393","HRS_MONFRI":null,"HRS_SAT":null,"HRS_SUN":null,"FAC_TYPE":null,"RTE_1HR":null,"RTE_2HR":null,"RTE_3HR":null,"RTE_ALLDAY":null,"DISABLED":null,"OP_NAME":null,"OP_PHONE":null,"OP_PHONE2":null,"OP_WEB":null,"PAYMENT_TYPE":null,"OTHER":"N","WEBNAME":null,"REGIONID":null,"OUTOFSERV":null,"VACANT":null,"STATUS":null,"DATETIME":null,"SE_ANNO_CAD_DATA":"","SIGNID":null,"GlobalID":"66776dc9-e874-49c8-ac80-27572b67bac5"}},{"type":"Feature","id":230059,"geometry":{"type":"Point","coordinates":[-122.322528442682,47.6069772413804]},"properties":{"OBJECTID":230059,"BUSLIC_ID":696405,"BUSLIC_LOCATION_ID":711578,"DEA_FACILITY_OWNER":null,"DEA_FACILITY_NAME":"MINOR AVE GARAGE   1394","DEA_BUSINESS_CONTACT":"MARK NORWICZ","DEA_BUSINESS_PHONE":"4102676111           ","DEA_FACILITY_ADDRESS":"601 MINOR, SEATTLE, WA 98104","DEA_STALLS":2070,"FAC_NAME":"MINOR AVE GARAGE   1394","HRS_MONFRI":null,"HRS_SAT":null,"HRS_SUN":null,"FAC_TYPE":null,"RTE_1HR":null,"RTE_2HR":null,"RTE_3HR":null,"RTE_ALLDAY":null,"DISABLED":null,"OP_NAME":null,"OP_PHONE":null,"OP_PHONE2":null,"OP_WEB":null,"PAYMENT_TYPE":null,"OTHER":"N","WEBNAME":null,"REGIONID":null,"OUTOFSERV":null,"VACANT":null,"STATUS":null,"DATETIME":null,"SE_ANNO_CAD_DATA":"","SIGNID":null,"GlobalID":"73bd59e9-31cf-40f9-9a0c-622902c607ea"}},{"type":"Feature","id":230060,"geometry":{"type":"Point","coordinates":[-122.321566015247,47.6066253969223]},"properties":{"OBJECTID":230060,"BUSLIC_ID":685818,"BUSLIC_LOCATION_ID":704189,"DEA_FACILITY_OWNER":null,"DEA_FACILITY_NAME":"IMPARK  132","DEA_BUSINESS_CONTACT":"EDWARD DANYLUK","DEA_BUSINESS_PHONE":"2063811789           ","DEA_FACILITY_ADDRESS":"515 MINOR AVE, SEATTLE, WA 98101","DEA_STALLS":297,"FAC_NAME":"IMPARK  132","HRS_MONFRI":null,"HRS_SAT":null,"HRS_SUN":null,"FAC_TYPE":null,"RTE_1HR":null,"RTE_2HR":null,"RTE_3HR":null,"RTE_ALLDAY":null,"DISABLED":null,"OP_NAME":null,"OP_PHONE":null,"OP_PHONE2":null,"OP_WEB":null,"PAYMENT_TYPE":null,"OTHER":"N","WEBNAME":null,"REGIONID":null,"OUTOFSERV":null,"VACANT":null,"STATUS":null,"DATETIME":null,"SE_ANNO_CAD_DATA":"","SIGNID":null,"GlobalID":"8b35976a-36e8-4df8-8af1-2bf4dc06742d"}},{"type":"Feature","id":230061,"geometry":{"type":"Point","coordinates":[-122.320569226046,47.6063888920416]},"properties":{"OBJECTID":230061,"BUSLIC_ID":534598,"BUSLIC_LOCATION_ID":595349,"DEA_FACILITY_OWNER":null,"DEA_FACILITY_NAME":"DIAMOND  A161","DEA_BUSINESS_CONTACT":"JONATHAN DIAMOND","DEA_BUSINESS_PHONE":"2062843100           ","DEA_FACILITY_ADDRESS":"500 BROADWAY, SEATTLE, WA 98122","DEA_STALLS":13,"FAC_NAME":"DIAMOND  A161","HRS_MONFRI":null,"HRS_SAT":null,"HRS_SUN":null,"FAC_TYPE":null,"RTE_1HR":null,"RTE_2HR":null,"RTE_3HR":null,"RTE_ALLDAY":null,"DISABLED":null,"OP_NAME":null,"OP_PHONE":null,"OP_PHONE2":null,"OP_WEB":null,"PAYMENT_TYPE":null,"OTHER":"N","WEBNAME":null,"REGIONID":null,"OUTOFSERV":null,"VACANT":null,"STATUS":null,"DATETIME":null,"SE_ANNO_CAD_DATA":"","SIGNID":null,"GlobalID":"a176c1e9-75c5-47d6-9791-15c217afd5e6"}},{"type":"Feature","id":230062,"geometry":{"type":"Point","coordinates":[-122.319005236227,47.6060245396934]},"properties":{"OBJECTID":230062,"BUSLIC_ID":603367,"BUSLIC_LOCATION_ID":645758,"DEA_FACILITY_OWNER":null,"DEA_FACILITY_NAME":"DIAMOND PARKING  A336","DEA_BUSINESS_CONTACT":"JONATHAN DIAMOND","DEA_BUSINESS_PHONE":"2062846303           ","DEA_FACILITY_ADDRESS":"1005 E JEFFERSON ST, SEATTLE, WA 98122","DEA_STALLS":20,"FAC_NAME":"DIAMOND PARKING  A336","HRS_MONFRI":null,"HRS_SAT":null,"HRS_SUN":null,"FAC_TYPE":null,"RTE_1HR":null,"RTE_2HR":null,"RTE_3HR":null,"RTE_ALLDAY":null,"DISABLED":null,"OP_NAME":null,"OP_PHONE":null,"OP_PHONE2":null,"OP_WEB":null,"PAYMENT_TYPE":null,"OTHER":"N","WEBNAME":null,"REGIONID":null,"OUTOFSERV":null,"VACANT":null,"STATUS":null,"DATETIME":null,"SE_ANNO_CAD_DATA":"","SIGNID":null,"GlobalID":"d9cf6c9a-8c6d-4c7d-b5d5-2e4ed4333e03"}},{"type":"Feature","id":230063,"geometry":{"type":"Point","coordinates":[-122.32045582617,47.6057088830045]},"properties":{"OBJECTID":230063,"BUSLIC_ID":715440,"BUSLIC_LOCATION_ID":725606,"DEA_FACILITY_OWNER":null,"DEA_FACILITY_NAME":"DIAMOND PARKING SERVICES A662","DEA_BUSINESS_CONTACT":"JONATHAN DIAMOND","DEA_BUSINESS_PHONE":"2062843100           ","DEA_FACILITY_ADDRESS":"412 BROADWAY, SEATTLE, WA 98122","DEA_STALLS":4,"FAC_NAME":"DIAMOND PARKING SERVICES A662","HRS_MONFRI":null,"HRS_SAT":null,"HRS_SUN":null,"FAC_TYPE":null,"RTE_1HR":null,"RTE_2HR":null,"RTE_3HR":null,"RTE_ALLDAY":null,"DISABLED":null,"OP_NAME":null,"OP_PHONE":null,"OP_PHONE2":null,"OP_WEB":null,"PAYMENT_TYPE":null,"OTHER":"N","WEBNAME":null,"REGIONID":null,"OUTOFSERV":null,"VACANT":null,"STATUS":null,"DATETIME":null,"SE_ANNO_CAD_DATA":"","SIGNID":null,"GlobalID":"6a5323de-a2e1-48b0-8e8a-e9860dd186aa"}},{"type":"Feature","id":230064,"geometry":{"type":"Point","coordinates":[-122.319736576567,47.604562146453]},"properties":{"OBJECTID":230064,"BUSLIC_ID":655333,"BUSLIC_LOCATION_ID":682462,"DEA_FACILITY_OWNER":null,"DEA_FACILITY_NAME":"DIAMOND PARKING  A459","DEA_BUSINESS_CONTACT":"JONATHAN DIAMOND","DEA_BUSINESS_PHONE":"2062843100           ","DEA_FACILITY_ADDRESS":"303 10TH AVE, SEATTLE, WA 98122","DEA_STALLS":15,"FAC_NAME":"DIAMOND PARKING  A459","HRS_MONFRI":null,"HRS_SAT":null,"HRS_SUN":null,"FAC_TYPE":null,"RTE_1HR":null,"RTE_2HR":null,"RTE_3HR":null,"RTE_ALLDAY":null,"DISABLED":null,"OP_NAME":null,"OP_PHONE":null,"OP_PHONE2":null,"OP_WEB":null,"PAYMENT_TYPE":null,"OTHER":"N","WEBNAME":null,"REGIONID":null,"OUTOFSERV":null,"VACANT":null,"STATUS":null,"DATETIME":null,"SE_ANNO_CAD_DATA":"","SIGNID":null,"GlobalID":"4d7cb0d5-afee-4a13-a2d6-a70933b93d70"}},{"type":"Feature","id":230065,"geometry":{"type":"Point","coordinates":[-122.315630301388,47.6033293182779]},"properties":{"OBJECTID":230065,"BUSLIC_ID":687628,"BUSLIC_LOCATION_ID":625120,"DEA_FACILITY_OWNER":null,"DEA_FACILITY_NAME":"DIAMOND PARKING  A619","DEA_BUSINESS_CONTACT":"JONATHAN DIAMOND","DEA_BUSINESS_PHONE":"2062843100           ","DEA_FACILITY_ADDRESS":"1225 E SPRUCE ST, SEATTLE, WA 98122","DEA_STALLS":28,"FAC_NAME":"DIAMOND PARKING  A619","HRS_MONFRI":null,"HRS_SAT":null,"HRS_SUN":null,"FAC_TYPE":null,"RTE_1HR":null,"RTE_2HR":null,"RTE_3HR":null,"RTE_ALLDAY":null,"DISABLED":null,"OP_NAME":null,"OP_PHONE":null,"OP_PHONE2":null,"OP_WEB":null,"PAYMENT_TYPE":null,"OTHER":"N","WEBNAME":null,"REGIONID":null,"OUTOFSERV":null,"VACANT":null,"STATUS":null,"DATETIME":null,"SE_ANNO_CAD_DATA":"","SIGNID":null,"GlobalID":"10a72316-325c-4d8d-b1a1-6dc803ec58ae"}},{"type":"Feature","id":230066,"geometry":{"type":"Point","coordinates":[-122.316361385297,47.6085694431035]},"properties":{"OBJECTID":230066,"BUSLIC_ID":534425,"BUSLIC_LOCATION_ID":593914,"DEA_FACILITY_OWNER":null,"DEA_FACILITY_NAME":"DIAMOND  A846 A","DEA_BUSINESS_CONTACT":"JONATHAN DIAMOND","DEA_BUSINESS_PHONE":"2062843100           ","DEA_FACILITY_ADDRESS":"728 12TH AVE, SEATTLE, WA 98112","DEA_STALLS":19,"FAC_NAME":"DIAMOND  A846 A","HRS_MONFRI":null,"HRS_SAT":null,"HRS_SUN":null,"FAC_TYPE":null,"RTE_1HR":null,"RTE_2HR":null,"RTE_3HR":null,"RTE_ALLDAY":null,"DISABLED":null,"OP_NAME":null,"OP_PHONE":null,"OP_PHONE2":null,"OP_WEB":null,"PAYMENT_TYPE":null,"OTHER":"N","WEBNAME":null,"REGIONID":null,"OUTOFSERV":null,"VACANT":null,"STATUS":null,"DATETIME":null,"SE_ANNO_CAD_DATA":"","SIGNID":null,"GlobalID":"51a1f004-3bd1-45b4-8e60-a86c7315d1a2"}},{"type":"Feature","id":230067,"geometry":{"type":"Point","coordinates":[-122.309656417664,47.6070547773371]},"properties":{"OBJECTID":230067,"BUSLIC_ID":696406,"BUSLIC_LOCATION_ID":711579,"DEA_FACILITY_OWNER":null,"DEA_FACILITY_NAME":"CHERRY HILL PLAZA GARAGE 1396","DEA_BUSINESS_CONTACT":"MARK NORWICZ","DEA_BUSINESS_PHONE":"4102676111           ","DEA_FACILITY_ADDRESS":"500 17TH AVE, SEATTLE, WA 98122-5711","DEA_STALLS":90,"FAC_NAME":"CHERRY HILL PLAZA GARAGE 1396","HRS_MONFRI":null,"HRS_SAT":null,"HRS_SUN":null,"FAC_TYPE":null,"RTE_1HR":null,"RTE_2HR":null,"RTE_3HR":null,"RTE_ALLDAY":null,"DISABLED":null,"OP_NAME":null,"OP_PHONE":null,"OP_PHONE2":null,"OP_WEB":null,"PAYMENT_TYPE":null,"OTHER":"N","WEBNAME":null,"REGIONID":null,"OUTOFSERV":null,"VACANT":null,"STATUS":null,"DATETIME":null,"SE_ANNO_CAD_DATA":"","SIGNID":null,"GlobalID":"7f49706e-e3fa-43bd-b9ca-b40ee18ad147"}},{"type":"Feature","id":230068,"geometry":{"type":"Point","coordinates":[-122.334336337044,47.6031091380531]},"properties":{"OBJECTID":230068,"BUSLIC_ID":737461,"BUSLIC_LOCATION_ID":742851,"DEA_FACILITY_OWNER":null,"DEA_FACILITY_NAME":"LOT #178","DEA_BUSINESS_CONTACT":"EDWARD DANYLUK","DEA_BUSINESS_PHONE":"2063811789           ","DEA_FACILITY_ADDRESS":"714 1ST AVE, SEATTLE, WA 98104","DEA_STALLS":220,"FAC_NAME":"LOT #178","HRS_MONFRI":null,"HRS_SAT":null,"HRS_SUN":null,"FAC_TYPE":null,"RTE_1HR":null,"RTE_2HR":null,"RTE_3HR":null,"RTE_ALLDAY":null,"DISABLED":null,"OP_NAME":null,"OP_PHONE":null,"OP_PHONE2":null,"OP_WEB":null,"PAYMENT_TYPE":null,"OTHER":"N","WEBNAME":null,"REGIONID":null,"OUTOFSERV":null,"VACANT":null,"STATUS":null,"DATETIME":null,"SE_ANNO_CAD_DATA":"","SIGNID":null,"GlobalID":"35e22096-c57d-4cbe-838b-ff15fe0b53eb"}},{"type":"Feature","id":230069,"geometry":{"type":"Point","coordinates":[-122.32921866538,47.6099951370149]},"properties":{"OBJECTID":230069,"BUSLIC_ID":444094,"BUSLIC_LOCATION_ID":529804,"DEA_FACILITY_OWNER":null,"DEA_FACILITY_NAME":"BENAROYA RESEARCH INSTITUTE PARKING","DEA_BUSINESS_CONTACT":"VIRGINIA MASON HOSPITAL","DEA_BUSINESS_PHONE":"2062236600           ","DEA_FACILITY_ADDRESS":"1201 9TH AVE, SEATTLE, WA 98101","DEA_STALLS":275,"FAC_NAME":"BENAROYA RESEARCH INSTITUTE PARKING","HRS_MONFRI":null,"HRS_SAT":null,"HRS_SUN":null,"FAC_TYPE":null,"RTE_1HR":null,"RTE_2HR":null,"RTE_3HR":null,"RTE_ALLDAY":null,"DISABLED":null,"OP_NAME":null,"OP_PHONE":null,"OP_PHONE2":null,"OP_WEB":null,"PAYMENT_TYPE":null,"OTHER":"N","WEBNAME":null,"REGIONID":null,"OUTOFSERV":null,"VACANT":null,"STATUS":null,"DATETIME":null,"SE_ANNO_CAD_DATA":"","SIGNID":null,"GlobalID":"e0ce06b0-5315-42bf-b26e-09c1573e1759"}},{"type":"Feature","id":230070,"geometry":{"type":"Point","coordinates":[-122.32921866538,47.6099951370149]},"properties":{"OBJECTID":230070,"BUSLIC_ID":716832,"BUSLIC_LOCATION_ID":726751,"DEA_FACILITY_OWNER":null,"DEA_FACILITY_NAME":"ABM PARKING 6174","DEA_BUSINESS_CONTACT":null,"DEA_BUSINESS_PHONE":"2062670446           ","DEA_FACILITY_ADDRESS":"1201 9TH AVE, SEATTLE, WA 98101","DEA_STALLS":275,"FAC_NAME":"ABM PARKING 6174","HRS_MONFRI":null,"HRS_SAT":null,"HRS_SUN":null,"FAC_TYPE":null,"RTE_1HR":null,"RTE_2HR":null,"RTE_3HR":null,"RTE_ALLDAY":null,"DISABLED":null,"OP_NAME":null,"OP_PHONE":null,"OP_PHONE2":null,"OP_WEB":null,"PAYMENT_TYPE":null,"OTHER":"N","WEBNAME":null,"REGIONID":null,"OUTOFSERV":null,"VACANT":null,"STATUS":null,"DATETIME":null,"SE_ANNO_CAD_DATA":"","SIGNID":null,"GlobalID":"6bf1a68e-f1d3-4a12-8430-a775dc0b5576"}},{"type":"Feature","id":230071,"geometry":{"type":"Point","coordinates":[-122.321401524312,47.6124404198401]},"properties":{"OBJECTID":230071,"BUSLIC_ID":420621,"BUSLIC_LOCATION_ID":4597,"DEA_FACILITY_OWNER":null,"DEA_FACILITY_NAME":"U PARK 93","DEA_BUSINESS_CONTACT":"KEN JR PHILLIPS","DEA_BUSINESS_PHONE":"2062849797           ","DEA_FACILITY_ADDRESS":"1145 BROADWAY, SEATTLE, WA 98122","DEA_STALLS":30,"FAC_NAME":"U PARK 93","HRS_MONFRI":null,"HRS_SAT":null,"HRS_SUN":null,"FAC_TYPE":null,"RTE_1HR":null,"RTE_2HR":null,"RTE_3HR":null,"RTE_ALLDAY":null,"DISABLED":null,"OP_NAME":null,"OP_PHONE":null,"OP_PHONE2":null,"OP_WEB":null,"PAYMENT_TYPE":null,"OTHER":"N","WEBNAME":null,"REGIONID":null,"OUTOFSERV":null,"VACANT":null,"STATUS":null,"DATETIME":null,"SE_ANNO_CAD_DATA":"","SIGNID":null,"GlobalID":"6e7130db-a4d0-4c8b-bd4d-bf601e38ce53"}},{"type":"Feature","id":230072,"geometry":{"type":"Point","coordinates":[-122.335331788399,47.6065539290974]},"properties":{"OBJECTID":230072,"BUSLIC_ID":669702,"BUSLIC_LOCATION_ID":692708,"DEA_FACILITY_OWNER":null,"DEA_FACILITY_NAME":"ACE PARKING LOT 3275 1111 3RD AVE GARAGE","DEA_BUSINESS_CONTACT":"KEITH JONES","DEA_BUSINESS_PHONE":"6192336624           ","DEA_FACILITY_ADDRESS":"1111 3RD AVE, SEATTLE, WA 98101","DEA_STALLS":366,"FAC_NAME":"ACE PARKING LOT 3275 1111 3RD AVE GARAGE","HRS_MONFRI":null,"HRS_SAT":null,"HRS_SUN":null,"FAC_TYPE":null,"RTE_1HR":null,"RTE_2HR":null,"RTE_3HR":null,"RTE_ALLDAY":null,"DISABLED":null,"OP_NAME":null,"OP_PHONE":null,"OP_PHONE2":null,"OP_WEB":null,"PAYMENT_TYPE":null,"OTHER":"N","WEBNAME":null,"REGIONID":null,"OUTOFSERV":null,"VACANT":null,"STATUS":null,"DATETIME":null,"SE_ANNO_CAD_DATA":"","SIGNID":null,"GlobalID":"cee896f0-bedc-4baa-9bf1-ff88408a3429"}},{"type":"Feature","id":230073,"geometry":{"type":"Point","coordinates":[-122.40014286151,47.6670297892437]},"properties":{"OBJECTID":230073,"BUSLIC_ID":726617,"BUSLIC_LOCATION_ID":734646,"DEA_FACILITY_OWNER":null,"DEA_FACILITY_NAME":"REPUBLIC PARKING 30 39","DEA_BUSINESS_CONTACT":"GARY BECK","DEA_BUSINESS_PHONE":"2067834144           ","DEA_FACILITY_ADDRESS":"5300 34TH AVE NE, SEATTLE, WA 98109","DEA_STALLS":50,"FAC_NAME":"REPUBLIC PARKING 30 39","HRS_MONFRI":null,"HRS_SAT":null,"HRS_SUN":null,"FAC_TYPE":null,"RTE_1HR":null,"RTE_2HR":null,"RTE_3HR":null,"RTE_ALLDAY":null,"DISABLED":null,"OP_NAME":null,"OP_PHONE":null,"OP_PHONE2":null,"OP_WEB":null,"PAYMENT_TYPE":null,"OTHER":"N","WEBNAME":null,"REGIONID":null,"OUTOFSERV":null,"VACANT":null,"STATUS":null,"DATETIME":null,"SE_ANNO_CAD_DATA":"","SIGNID":null,"GlobalID":"d92fed82-54bf-4f42-a376-ff0724a0c431"}},{"type":"Feature","id":230074,"geometry":{"type":"Point","coordinates":[-122.321498883021,47.6225612038057]},"properties":{"OBJECTID":230074,"BUSLIC_ID":712648,"BUSLIC_LOCATION_ID":723325,"DEA_FACILITY_OWNER":null,"DEA_FACILITY_NAME":"IMPARK  154","DEA_BUSINESS_CONTACT":"EDWARD DANYLUK","DEA_BUSINESS_PHONE":"2063811789           ","DEA_FACILITY_ADDRESS":"401 BROADWAY E, SEATTLE, WA 98102","DEA_STALLS":230,"FAC_NAME":"IMPARK  154","HRS_MONFRI":null,"HRS_SAT":null,"HRS_SUN":null,"FAC_TYPE":null,"RTE_1HR":null,"RTE_2HR":null,"RTE_3HR":null,"RTE_ALLDAY":null,"DISABLED":null,"OP_NAME":null,"OP_PHONE":null,"OP_PHONE2":null,"OP_WEB":null,"PAYMENT_TYPE":null,"OTHER":"N","WEBNAME":null,"REGIONID":null,"OUTOFSERV":null,"VACANT":null,"STATUS":null,"DATETIME":null,"SE_ANNO_CAD_DATA":"","SIGNID":null,"GlobalID":"08be4457-dac0-4120-bed6-47a90971d695"}},{"type":"Feature","id":230075,"geometry":{"type":"Point","coordinates":[-122.330877062996,47.5987762857172]},"properties":{"OBJECTID":230075,"BUSLIC_ID":588064,"BUSLIC_LOCATION_ID":634905,"DEA_FACILITY_OWNER":null,"DEA_FACILITY_NAME":"DIAMOND PARKING  A005","DEA_BUSINESS_CONTACT":"JONATHAN DIAMOND","DEA_BUSINESS_PHONE":"2062843100           ","DEA_FACILITY_ADDRESS":"201 S JACKSON ST, SEATTLE, WA 98104","DEA_STALLS":242,"FAC_NAME":"DIAMOND PARKING  A005","HRS_MONFRI":null,"HRS_SAT":null,"HRS_SUN":null,"FAC_TYPE":null,"RTE_1HR":null,"RTE_2HR":null,"RTE_3HR":null,"RTE_ALLDAY":null,"DISABLED":null,"OP_NAME":null,"OP_PHONE":null,"OP_PHONE2":null,"OP_WEB":null,"PAYMENT_TYPE":null,"OTHER":"N","WEBNAME":null,"REGIONID":null,"OUTOFSERV":null,"VACANT":null,"STATUS":null,"DATETIME":null,"SE_ANNO_CAD_DATA":"","SIGNID":null,"GlobalID":"b6670b2c-d0ec-45b9-9e27-e65ccde0eccd"}},{"type":"Feature","id":230076,"geometry":{"type":"Point","coordinates":[-122.342631508539,47.613160448503]},"properties":{"OBJECTID":230076,"BUSLIC_ID":633288,"BUSLIC_LOCATION_ID":666783,"DEA_FACILITY_OWNER":null,"DEA_FACILITY_NAME":"DIAMOND PARKING  A419","DEA_BUSINESS_CONTACT":"JONATHAN DIAMOND","DEA_BUSINESS_PHONE":"2062843100           ","DEA_FACILITY_ADDRESS":"2101 3RD AVE, SEATTLE, WA 98101","DEA_STALLS":22,"FAC_NAME":"DIAMOND PARKING  A419","HRS_MONFRI":null,"HRS_SAT":null,"HRS_SUN":null,"FAC_TYPE":null,"RTE_1HR":null,"RTE_2HR":null,"RTE_3HR":null,"RTE_ALLDAY":null,"DISABLED":null,"OP_NAME":null,"OP_PHONE":null,"OP_PHONE2":null,"OP_WEB":null,"PAYMENT_TYPE":null,"OTHER":"N","WEBNAME":null,"REGIONID":null,"OUTOFSERV":null,"VACANT":null,"STATUS":null,"DATETIME":null,"SE_ANNO_CAD_DATA":"","SIGNID":null,"GlobalID":"63df95fe-00b0-44b9-bbf1-5291f5d48f1e"}},{"type":"Feature","id":230077,"geometry":{"type":"Point","coordinates":[-122.315623749656,47.5481408677122]},"properties":{"OBJECTID":230077,"BUSLIC_ID":721030,"BUSLIC_LOCATION_ID":730226,"DEA_FACILITY_OWNER":null,"DEA_FACILITY_NAME":"DIAMOND PARKING SERVICES A674","DEA_BUSINESS_CONTACT":"JONATHAN DIAMOND","DEA_BUSINESS_PHONE":"2062843100           ","DEA_FACILITY_ADDRESS":"6101 AIRPORT WAY S, SEATTLE, WA 98108","DEA_STALLS":55,"FAC_NAME":"DIAMOND PARKING SERVICES A674","HRS_MONFRI":null,"HRS_SAT":null,"HRS_SUN":null,"FAC_TYPE":null,"RTE_1HR":null,"RTE_2HR":null,"RTE_3HR":null,"RTE_ALLDAY":null,"DISABLED":null,"OP_NAME":null,"OP_PHONE":null,"OP_PHONE2":null,"OP_WEB":null,"PAYMENT_TYPE":null,"OTHER":"N","WEBNAME":null,"REGIONID":null,"OUTOFSERV":null,"VACANT":null,"STATUS":null,"DATETIME":null,"SE_ANNO_CAD_DATA":"","SIGNID":null,"GlobalID":"317fb80d-4e81-42ca-b11d-891825bce941"}},{"type":"Feature","id":230078,"geometry":{"type":"Point","coordinates":[-122.332017279682,47.6090904220822]},"properties":{"OBJECTID":230078,"BUSLIC_ID":559032,"BUSLIC_LOCATION_ID":613634,"DEA_FACILITY_OWNER":null,"DEA_FACILITY_NAME":"ACE PARKING  3278 PARK PLACE BUILDING","DEA_BUSINESS_CONTACT":"KEITH JONES","DEA_BUSINESS_PHONE":"2069031219           ","DEA_FACILITY_ADDRESS":"1200 6TH AVE, SEATTLE, WA 98101","DEA_STALLS":165,"FAC_NAME":"ACE PARKING  3278 PARK PLACE BUILDING","HRS_MONFRI":null,"HRS_SAT":null,"HRS_SUN":null,"FAC_TYPE":null,"RTE_1HR":null,"RTE_2HR":null,"RTE_3HR":null,"RTE_ALLDAY":null,"DISABLED":null,"OP_NAME":null,"OP_PHONE":null,"OP_PHONE2":null,"OP_WEB":null,"PAYMENT_TYPE":null,"OTHER":"N","WEBNAME":null,"REGIONID":null,"OUTOFSERV":null,"VACANT":null,"STATUS":null,"DATETIME":null,"SE_ANNO_CAD_DATA":"","SIGNID":null,"GlobalID":"a6a70f27-6779-43bc-bb66-6f333d7c4df6"}},{"type":"Feature","id":230079,"geometry":{"type":"Point","coordinates":[-122.332645175634,47.6086654931041]},"properties":{"OBJECTID":230079,"BUSLIC_ID":584081,"BUSLIC_LOCATION_ID":631784,"DEA_FACILITY_OWNER":null,"DEA_FACILITY_NAME":"ACE PARKING  3215 PLYMOUTH CHURCH","DEA_BUSINESS_CONTACT":"KEITH JONES","DEA_BUSINESS_PHONE":"2066224865           ","DEA_FACILITY_ADDRESS":"1217 6TH AVE, SEATTLE, WA 98101","DEA_STALLS":85,"FAC_NAME":"ACE PARKING  3215 PLYMOUTH CHURCH","HRS_MONFRI":null,"HRS_SAT":null,"HRS_SUN":null,"FAC_TYPE":null,"RTE_1HR":null,"RTE_2HR":null,"RTE_3HR":null,"RTE_ALLDAY":null,"DISABLED":null,"OP_NAME":null,"OP_PHONE":null,"OP_PHONE2":null,"OP_WEB":null,"PAYMENT_TYPE":null,"OTHER":"N","WEBNAME":null,"REGIONID":null,"OUTOFSERV":null,"VACANT":null,"STATUS":null,"DATETIME":null,"SE_ANNO_CAD_DATA":"","SIGNID":null,"GlobalID":"e3177222-b0f2-4f83-8547-634a95a48702"}},{"type":"Feature","id":230080,"geometry":{"type":"Point","coordinates":[-122.344858808588,47.6108244614773]},"properties":{"OBJECTID":230080,"BUSLIC_ID":643704,"BUSLIC_LOCATION_ID":673394,"DEA_FACILITY_OWNER":null,"DEA_FACILITY_NAME":"REPUBLIC PARKING 30 593 MARKET PLACE GARAGE","DEA_BUSINESS_CONTACT":"GARY BECK","DEA_BUSINESS_PHONE":"2067834144           ","DEA_FACILITY_ADDRESS":"65 LENORA ST, SEATTLE, WA 98121","DEA_STALLS":412,"FAC_NAME":"REPUBLIC PARKING 30 593 MARKET PLACE GARAGE","HRS_MONFRI":null,"HRS_SAT":null,"HRS_SUN":null,"FAC_TYPE":null,"RTE_1HR":null,"RTE_2HR":null,"RTE_3HR":null,"RTE_ALLDAY":null,"DISABLED":null,"OP_NAME":null,"OP_PHONE":null,"OP_PHONE2":null,"OP_WEB":null,"PAYMENT_TYPE":null,"OTHER":"N","WEBNAME":null,"REGIONID":null,"OUTOFSERV":null,"VACANT":null,"STATUS":null,"DATETIME":null,"SE_ANNO_CAD_DATA":"","SIGNID":null,"GlobalID":"4ae80b6a-bc47-4919-9721-c583043cad9a"}},{"type":"Feature","id":230081,"geometry":{"type":"Point","coordinates":[-122.332251950656,47.6031082069306]},"properties":{"OBJECTID":230081,"BUSLIC_ID":519473,"BUSLIC_LOCATION_ID":583930,"DEA_FACILITY_OWNER":null,"DEA_FACILITY_NAME":"UNITED PARKING  4590","DEA_BUSINESS_CONTACT":"JONATHAN DIAMOND","DEA_BUSINESS_PHONE":"2062846303           ","DEA_FACILITY_ADDRESS":"213 CHERRY ST, SEATTLE, WA 98104","DEA_STALLS":225,"FAC_NAME":"UNITED PARKING  4590","HRS_MONFRI":null,"HRS_SAT":null,"HRS_SUN":null,"FAC_TYPE":null,"RTE_1HR":null,"RTE_2HR":null,"RTE_3HR":null,"RTE_ALLDAY":null,"DISABLED":null,"OP_NAME":null,"OP_PHONE":null,"OP_PHONE2":null,"OP_WEB":null,"PAYMENT_TYPE":null,"OTHER":"N","WEBNAME":null,"REGIONID":null,"OUTOFSERV":null,"VACANT":null,"STATUS":null,"DATETIME":null,"SE_ANNO_CAD_DATA":"","SIGNID":null,"GlobalID":"ece629c6-4f01-4777-9533-627d382351f9"}},{"type":"Feature","id":230082,"geometry":{"type":"Point","coordinates":[-122.332631380534,47.6029446849565]},"properties":{"OBJECTID":230082,"BUSLIC_ID":673772,"BUSLIC_LOCATION_ID":695646,"DEA_FACILITY_OWNER":null,"DEA_FACILITY_NAME":"TOWNE PARK LLC","DEA_BUSINESS_CONTACT":"MARK NORWICZ","DEA_BUSINESS_PHONE":"4102958070           ","DEA_FACILITY_ADDRESS":"612 2ND AVE, SEATTLE, WA 98104","DEA_STALLS":0,"FAC_NAME":"TOWNE PARK LLC","HRS_MONFRI":null,"HRS_SAT":null,"HRS_SUN":null,"FAC_TYPE":null,"RTE_1HR":null,"RTE_2HR":null,"RTE_3HR":null,"RTE_ALLDAY":null,"DISABLED":null,"OP_NAME":null,"OP_PHONE":null,"OP_PHONE2":null,"OP_WEB":null,"PAYMENT_TYPE":null,"OTHER":"N","WEBNAME":null,"REGIONID":null,"OUTOFSERV":null,"VACANT":null,"STATUS":null,"DATETIME":null,"SE_ANNO_CAD_DATA":"","SIGNID":null,"GlobalID":"c8a4da9d-d339-4821-bee8-2f3d8fe23344"}},{"type":"Feature","id":230083,"geometry":{"type":"Point","coordinates":[-122.343172306728,47.6086696476328]},"properties":{"OBJECTID":230083,"BUSLIC_ID":534472,"BUSLIC_LOCATION_ID":593926,"DEA_FACILITY_OWNER":null,"DEA_FACILITY_NAME":"DIAMOND   A172","DEA_BUSINESS_CONTACT":"JONATHAN DIAMOND","DEA_BUSINESS_PHONE":"2062843100           ","DEA_FACILITY_ADDRESS":"1524 ALASKAN WAY, SEATTLE, WA 98101","DEA_STALLS":60,"FAC_NAME":"DIAMOND   A172","HRS_MONFRI":null,"HRS_SAT":null,"HRS_SUN":null,"FAC_TYPE":null,"RTE_1HR":null,"RTE_2HR":null,"RTE_3HR":null,"RTE_ALLDAY":null,"DISABLED":null,"OP_NAME":null,"OP_PHONE":null,"OP_PHONE2":null,"OP_WEB":null,"PAYMENT_TYPE":null,"OTHER":"N","WEBNAME":null,"REGIONID":null,"OUTOFSERV":null,"VACANT":null,"STATUS":null,"DATETIME":null,"SE_ANNO_CAD_DATA":"","SIGNID":null,"GlobalID":"a56a11f6-39ae-4309-b7e4-49c51562501b"}},{"type":"Feature","id":230084,"geometry":{"type":"Point","coordinates":[-122.332062312007,47.6104251878231]},"properties":{"OBJECTID":230084,"BUSLIC_ID":184688,"BUSLIC_LOCATION_ID":165552,"DEA_FACILITY_OWNER":null,"DEA_FACILITY_NAME":"TWO UNION SQUARE  80474 CONSOLIDATED","DEA_BUSINESS_CONTACT":"BILL BEATTIE","DEA_BUSINESS_PHONE":"2063818552           ","DEA_FACILITY_ADDRESS":"601 UNION ST, SEATTLE, WA 98101-2341","DEA_STALLS":1016,"FAC_NAME":"TWO UNION SQUARE  80474 CONSOLIDATED","HRS_MONFRI":null,"HRS_SAT":null,"HRS_SUN":null,"FAC_TYPE":null,"RTE_1HR":null,"RTE_2HR":null,"RTE_3HR":null,"RTE_ALLDAY":null,"DISABLED":null,"OP_NAME":null,"OP_PHONE":null,"OP_PHONE2":null,"OP_WEB":null,"PAYMENT_TYPE":null,"OTHER":"N","WEBNAME":null,"REGIONID":null,"OUTOFSERV":null,"VACANT":null,"STATUS":null,"DATETIME":null,"SE_ANNO_CAD_DATA":"","SIGNID":null,"GlobalID":"bd801f0e-472f-4e92-9356-8875f4c7a7ff"}},{"type":"Feature","id":230085,"geometry":{"type":"Point","coordinates":[-122.3317399881,47.6019778307948]},"properties":{"OBJECTID":230085,"BUSLIC_ID":656750,"BUSLIC_LOCATION_ID":683342,"DEA_FACILITY_OWNER":null,"DEA_FACILITY_NAME":"IPM  49","DEA_BUSINESS_CONTACT":"JOAN SUNDBERG","DEA_BUSINESS_PHONE":"2062540811           ","DEA_FACILITY_ADDRESS":"510 2ND AVE, SEATTLE, WA 98104-2336","DEA_STALLS":10,"FAC_NAME":"IPM  49","HRS_MONFRI":null,"HRS_SAT":null,"HRS_SUN":null,"FAC_TYPE":null,"RTE_1HR":null,"RTE_2HR":null,"RTE_3HR":null,"RTE_ALLDAY":null,"DISABLED":null,"OP_NAME":null,"OP_PHONE":null,"OP_PHONE2":null,"OP_WEB":null,"PAYMENT_TYPE":null,"OTHER":"N","WEBNAME":null,"REGIONID":null,"OUTOFSERV":null,"VACANT":null,"STATUS":null,"DATETIME":null,"SE_ANNO_CAD_DATA":"","SIGNID":null,"GlobalID":"610ec0ab-cfca-4c25-8f0f-418981508c96"}},{"type":"Feature","id":230086,"geometry":{"type":"Point","coordinates":[-122.374390870058,47.6632721929111]},"properties":{"OBJECTID":230086,"BUSLIC_ID":679532,"BUSLIC_LOCATION_ID":625098,"DEA_FACILITY_OWNER":null,"DEA_FACILITY_NAME":"DIAMOND PARKING  A603","DEA_BUSINESS_CONTACT":"JONATHAN DIAMOND","DEA_BUSINESS_PHONE":"2062843100           ","DEA_FACILITY_ADDRESS":"1401 LEARY WAY NW, SEATTLE, WA 98117","DEA_STALLS":32,"FAC_NAME":"DIAMOND PARKING  A603","HRS_MONFRI":null,"HRS_SAT":null,"HRS_SUN":null,"FAC_TYPE":null,"RTE_1HR":null,"RTE_2HR":null,"RTE_3HR":null,"RTE_ALLDAY":null,"DISABLED":null,"OP_NAME":null,"OP_PHONE":null,"OP_PHONE2":null,"OP_WEB":null,"PAYMENT_TYPE":null,"OTHER":"N","WEBNAME":null,"REGIONID":null,"OUTOFSERV":null,"VACANT":null,"STATUS":null,"DATETIME":null,"SE_ANNO_CAD_DATA":"","SIGNID":null,"GlobalID":"250e5235-ff7c-4274-a038-1d257eb67bdc"}},{"type":"Feature","id":230087,"geometry":{"type":"Point","coordinates":[-122.332818257813,47.6019202230671]},"properties":{"OBJECTID":230087,"BUSLIC_ID":716833,"BUSLIC_LOCATION_ID":726752,"DEA_FACILITY_OWNER":null,"DEA_FACILITY_NAME":"ABM PARKING 6119","DEA_BUSINESS_CONTACT":null,"DEA_BUSINESS_PHONE":"2062670446           ","DEA_FACILITY_ADDRESS":"501 2ND AVE, SEATTLE, WA 98104","DEA_STALLS":252,"FAC_NAME":"ABM PARKING 6119","HRS_MONFRI":null,"HRS_SAT":null,"HRS_SUN":null,"FAC_TYPE":null,"RTE_1HR":null,"RTE_2HR":null,"RTE_3HR":null,"RTE_ALLDAY":null,"DISABLED":null,"OP_NAME":null,"OP_PHONE":null,"OP_PHONE2":null,"OP_WEB":null,"PAYMENT_TYPE":null,"OTHER":"N","WEBNAME":null,"REGIONID":null,"OUTOFSERV":null,"VACANT":null,"STATUS":null,"DATETIME":null,"SE_ANNO_CAD_DATA":"","SIGNID":null,"GlobalID":"a156cb2e-2568-4f2b-b912-408780545946"}},{"type":"Feature","id":230088,"geometry":{"type":"Point","coordinates":[-122.322834231183,47.5962491236563]},"properties":{"OBJECTID":230088,"BUSLIC_ID":681894,"BUSLIC_LOCATION_ID":701346,"DEA_FACILITY_OWNER":null,"DEA_FACILITY_NAME":"PARKING","DEA_BUSINESS_CONTACT":"MICHIO TESHIMA","DEA_BUSINESS_PHONE":"2068388231           ","DEA_FACILITY_ADDRESS":"701 8TH AVE S, SEATTLE, WA 98104","DEA_STALLS":78,"FAC_NAME":"PARKING","HRS_MONFRI":null,"HRS_SAT":null,"HRS_SUN":null,"FAC_TYPE":null,"RTE_1HR":null,"RTE_2HR":null,"RTE_3HR":null,"RTE_ALLDAY":null,"DISABLED":null,"OP_NAME":null,"OP_PHONE":null,"OP_PHONE2":null,"OP_WEB":null,"PAYMENT_TYPE":null,"OTHER":"N","WEBNAME":null,"REGIONID":null,"OUTOFSERV":null,"VACANT":null,"STATUS":null,"DATETIME":null,"SE_ANNO_CAD_DATA":"","SIGNID":null,"GlobalID":"1d12704d-b37a-42e6-9def-c1048a08ab2a"}},{"type":"Feature","id":230089,"geometry":{"type":"Point","coordinates":[-122.334574599347,47.59989552088]},"properties":{"OBJECTID":230089,"BUSLIC_ID":534755,"BUSLIC_LOCATION_ID":593908,"DEA_FACILITY_OWNER":null,"DEA_FACILITY_NAME":"DIAMOND A039","DEA_BUSINESS_CONTACT":"JONATHAN DIAMOND","DEA_BUSINESS_PHONE":"2062843100           ","DEA_FACILITY_ADDRESS":"305 1ST AVE S, SEATTLE, WA 98104","DEA_STALLS":22,"FAC_NAME":"DIAMOND A039","HRS_MONFRI":null,"HRS_SAT":null,"HRS_SUN":null,"FAC_TYPE":null,"RTE_1HR":null,"RTE_2HR":null,"RTE_3HR":null,"RTE_ALLDAY":null,"DISABLED":null,"OP_NAME":null,"OP_PHONE":null,"OP_PHONE2":null,"OP_WEB":null,"PAYMENT_TYPE":null,"OTHER":"N","WEBNAME":null,"REGIONID":null,"OUTOFSERV":null,"VACANT":null,"STATUS":null,"DATETIME":null,"SE_ANNO_CAD_DATA":"","SIGNID":null,"GlobalID":"e4933ad7-e64e-47ac-a994-cdcd4ac213b3"}},{"type":"Feature","id":230090,"geometry":{"type":"Point","coordinates":[-122.335141264093,47.5995131997816]},"properties":{"OBJECTID":230090,"BUSLIC_ID":698926,"BUSLIC_LOCATION_ID":713214,"DEA_FACILITY_OWNER":null,"DEA_FACILITY_NAME":"UNITED PARKING  4551","DEA_BUSINESS_CONTACT":"JONATHAN DIAMOND","DEA_BUSINESS_PHONE":"2062843100           ","DEA_FACILITY_ADDRESS":"74 S JACKSON ST, SEATTLE, WA 98104","DEA_STALLS":218,"FAC_NAME":"UNITED PARKING  4551","HRS_MONFRI":null,"HRS_SAT":null,"HRS_SUN":null,"FAC_TYPE":null,"RTE_1HR":null,"RTE_2HR":null,"RTE_3HR":null,"RTE_ALLDAY":null,"DISABLED":null,"OP_NAME":null,"OP_PHONE":null,"OP_PHONE2":null,"OP_WEB":null,"PAYMENT_TYPE":null,"OTHER":"N","WEBNAME":null,"REGIONID":null,"OUTOFSERV":null,"VACANT":null,"STATUS":null,"DATETIME":null,"SE_ANNO_CAD_DATA":"","SIGNID":null,"GlobalID":"1a501ee0-b81d-4675-9ec2-e47f61e7e951"}},{"type":"Feature","id":230091,"geometry":{"type":"Point","coordinates":[-122.321221057158,47.6096922516756]},"properties":{"OBJECTID":230091,"BUSLIC_ID":696415,"BUSLIC_LOCATION_ID":711587,"DEA_FACILITY_OWNER":null,"DEA_FACILITY_NAME":"MILE HI VALET SERVICE INC","DEA_BUSINESS_CONTACT":"MARK NORWICZ","DEA_BUSINESS_PHONE":"4102676111           ","DEA_FACILITY_ADDRESS":"819 BOYLSTON AVE, SEATTLE, WA 98104-1333","DEA_STALLS":0,"FAC_NAME":"MILE HI VALET SERVICE INC","HRS_MONFRI":null,"HRS_SAT":null,"HRS_SUN":null,"FAC_TYPE":null,"RTE_1HR":null,"RTE_2HR":null,"RTE_3HR":null,"RTE_ALLDAY":null,"DISABLED":null,"OP_NAME":null,"OP_PHONE":null,"OP_PHONE2":null,"OP_WEB":null,"PAYMENT_TYPE":null,"OTHER":"N","WEBNAME":null,"REGIONID":null,"OUTOFSERV":null,"VACANT":null,"STATUS":null,"DATETIME":null,"SE_ANNO_CAD_DATA":"","SIGNID":null,"GlobalID":"fa3120a3-fd42-4f5c-8d49-7b54c835bf4e"}},{"type":"Feature","id":230092,"geometry":{"type":"Point","coordinates":[-122.32372459517,47.6086207815801]},"properties":{"OBJECTID":230092,"BUSLIC_ID":675136,"BUSLIC_LOCATION_ID":76133,"DEA_FACILITY_OWNER":null,"DEA_FACILITY_NAME":"REPUBLIC PARKING 30 594","DEA_BUSINESS_CONTACT":"GARY BECK","DEA_BUSINESS_PHONE":"2067834144           ","DEA_FACILITY_ADDRESS":"1124 COLUMBIA ST, SEATTLE, WA 98104","DEA_STALLS":415,"FAC_NAME":"REPUBLIC PARKING 30 594","HRS_MONFRI":null,"HRS_SAT":null,"HRS_SUN":null,"FAC_TYPE":null,"RTE_1HR":null,"RTE_2HR":null,"RTE_3HR":null,"RTE_ALLDAY":null,"DISABLED":null,"OP_NAME":null,"OP_PHONE":null,"OP_PHONE2":null,"OP_WEB":null,"PAYMENT_TYPE":null,"OTHER":"N","WEBNAME":null,"REGIONID":null,"OUTOFSERV":null,"VACANT":null,"STATUS":null,"DATETIME":null,"SE_ANNO_CAD_DATA":"","SIGNID":null,"GlobalID":"47b10e1d-198d-4843-9139-cc77ebe84dcd"}},{"type":"Feature","id":230093,"geometry":{"type":"Point","coordinates":[-122.321927605525,47.6088420297966]},"properties":{"OBJECTID":230093,"BUSLIC_ID":697431,"BUSLIC_LOCATION_ID":712270,"DEA_FACILITY_OWNER":null,"DEA_FACILITY_NAME":"BROADWAY GARAGE   1392","DEA_BUSINESS_CONTACT":"MARK NORWICZ","DEA_BUSINESS_PHONE":"4102676111           ","DEA_FACILITY_ADDRESS":"747 BROADWAY, SEATTLE, WA 98122-4379","DEA_STALLS":1758,"FAC_NAME":"BROADWAY GARAGE   1392","HRS_MONFRI":null,"HRS_SAT":null,"HRS_SUN":null,"FAC_TYPE":null,"RTE_1HR":null,"RTE_2HR":null,"RTE_3HR":null,"RTE_ALLDAY":null,"DISABLED":null,"OP_NAME":null,"OP_PHONE":null,"OP_PHONE2":null,"OP_WEB":null,"PAYMENT_TYPE":null,"OTHER":"N","WEBNAME":null,"REGIONID":null,"OUTOFSERV":null,"VACANT":null,"STATUS":null,"DATETIME":null,"SE_ANNO_CAD_DATA":"","SIGNID":null,"GlobalID":"363cf45c-a1fa-42d0-86e3-8e5656688f3a"}},{"type":"Feature","id":230094,"geometry":{"type":"Point","coordinates":[-122.335159285095,47.6019464978999]},"properties":{"OBJECTID":230094,"BUSLIC_ID":704605,"BUSLIC_LOCATION_ID":519378,"DEA_FACILITY_OWNER":null,"DEA_FACILITY_NAME":"REPUBLIC PARKING  161","DEA_BUSINESS_CONTACT":"GARY BECK","DEA_BUSINESS_PHONE":"2067834144           ","DEA_FACILITY_ADDRESS":"76 YESLER WAY, SEATTLE, WA 98104","DEA_STALLS":35,"FAC_NAME":"REPUBLIC PARKING  161","HRS_MONFRI":null,"HRS_SAT":null,"HRS_SUN":null,"FAC_TYPE":null,"RTE_1HR":null,"RTE_2HR":null,"RTE_3HR":null,"RTE_ALLDAY":null,"DISABLED":null,"OP_NAME":null,"OP_PHONE":null,"OP_PHONE2":null,"OP_WEB":null,"PAYMENT_TYPE":null,"OTHER":"N","WEBNAME":null,"REGIONID":null,"OUTOFSERV":null,"VACANT":null,"STATUS":null,"DATETIME":null,"SE_ANNO_CAD_DATA":"","SIGNID":null,"GlobalID":"862f8a0e-7474-4c61-a56b-8465bf034cd0"}},{"type":"Feature","id":230095,"geometry":{"type":"Point","coordinates":[-122.320133087698,47.6077844157294]},"properties":{"OBJECTID":230095,"BUSLIC_ID":638842,"BUSLIC_LOCATION_ID":670305,"DEA_FACILITY_OWNER":null,"DEA_FACILITY_NAME":" 600 BROADWAY GARAGE","DEA_BUSINESS_CONTACT":"ANTHONY GIARRATANA","DEA_BUSINESS_PHONE":"6152382250           ","DEA_FACILITY_ADDRESS":"600 BROADWAY # 128, SEATTLE, WA 98122-5381","DEA_STALLS":355,"FAC_NAME":" 600 BROADWAY GARAGE","HRS_MONFRI":null,"HRS_SAT":null,"HRS_SUN":null,"FAC_TYPE":null,"RTE_1HR":null,"RTE_2HR":null,"RTE_3HR":null,"RTE_ALLDAY":null,"DISABLED":null,"OP_NAME":null,"OP_PHONE":null,"OP_PHONE2":null,"OP_WEB":null,"PAYMENT_TYPE":null,"OTHER":"N","WEBNAME":null,"REGIONID":null,"OUTOFSERV":null,"VACANT":null,"STATUS":null,"DATETIME":null,"SE_ANNO_CAD_DATA":"","SIGNID":null,"GlobalID":"81253dfd-c0d2-4fd1-8973-325898f3921b"}},{"type":"Feature","id":230096,"geometry":{"type":"Point","coordinates":[-122.38262868847,47.6664581729074]},"properties":{"OBJECTID":230096,"BUSLIC_ID":624584,"BUSLIC_LOCATION_ID":660807,"DEA_FACILITY_OWNER":null,"DEA_FACILITY_NAME":"BALLARD PARKING LLC","DEA_BUSINESS_CONTACT":"JAMES RIGGLE","DEA_BUSINESS_PHONE":"2067895010           ","DEA_FACILITY_ADDRESS":"5301 LEARY AVE NW, SEATTLE, WA 98107-4824","DEA_STALLS":0,"FAC_NAME":"BALLARD PARKING LLC","HRS_MONFRI":null,"HRS_SAT":null,"HRS_SUN":null,"FAC_TYPE":null,"RTE_1HR":null,"RTE_2HR":null,"RTE_3HR":null,"RTE_ALLDAY":null,"DISABLED":null,"OP_NAME":null,"OP_PHONE":null,"OP_PHONE2":null,"OP_WEB":null,"PAYMENT_TYPE":null,"OTHER":"N","WEBNAME":null,"REGIONID":null,"OUTOFSERV":null,"VACANT":null,"STATUS":null,"DATETIME":null,"SE_ANNO_CAD_DATA":"","SIGNID":null,"GlobalID":"cb4dfcc0-2af1-4ee2-829c-e1c3f4f7ab51"}},{"type":"Feature","id":230097,"geometry":{"type":"Point","coordinates":[-122.334273146,47.6050461684449]},"properties":{"OBJECTID":230097,"BUSLIC_ID":644448,"BUSLIC_LOCATION_ID":673882,"DEA_FACILITY_OWNER":null,"DEA_FACILITY_NAME":"ACE PARKING  3264 WELLS FARGO GARAGE","DEA_BUSINESS_CONTACT":"KEITH JONES","DEA_BUSINESS_PHONE":"6192336624           ","DEA_FACILITY_ADDRESS":"999 3RD AVE, SEATTLE, WA 98104","DEA_STALLS":676,"FAC_NAME":"ACE PARKING  3264 WELLS FARGO GARAGE","HRS_MONFRI":null,"HRS_SAT":null,"HRS_SUN":null,"FAC_TYPE":null,"RTE_1HR":null,"RTE_2HR":null,"RTE_3HR":null,"RTE_ALLDAY":null,"DISABLED":null,"OP_NAME":null,"OP_PHONE":null,"OP_PHONE2":null,"OP_WEB":null,"PAYMENT_TYPE":null,"OTHER":"N","WEBNAME":null,"REGIONID":null,"OUTOFSERV":null,"VACANT":null,"STATUS":null,"DATETIME":null,"SE_ANNO_CAD_DATA":"","SIGNID":null,"GlobalID":"78e582fd-a2cc-4f75-8e15-c5c504836754"}},{"type":"Feature","id":230098,"geometry":{"type":"Point","coordinates":[-122.344084834763,47.6249474334191]},"properties":{"OBJECTID":230098,"BUSLIC_ID":596843,"BUSLIC_LOCATION_ID":641230,"DEA_FACILITY_OWNER":null,"DEA_FACILITY_NAME":"DIAMOND PARKING  A326","DEA_BUSINESS_CONTACT":"JONATHAN DIAMOND","DEA_BUSINESS_PHONE":"2062843100           ","DEA_FACILITY_ADDRESS":"601 AURORA AVE N, SEATTLE, WA 98109","DEA_STALLS":20,"FAC_NAME":"DIAMOND PARKING  A326","HRS_MONFRI":null,"HRS_SAT":null,"HRS_SUN":null,"FAC_TYPE":null,"RTE_1HR":null,"RTE_2HR":null,"RTE_3HR":null,"RTE_ALLDAY":null,"DISABLED":null,"OP_NAME":null,"OP_PHONE":null,"OP_PHONE2":null,"OP_WEB":null,"PAYMENT_TYPE":null,"OTHER":"N","WEBNAME":null,"REGIONID":null,"OUTOFSERV":null,"VACANT":null,"STATUS":null,"DATETIME":null,"SE_ANNO_CAD_DATA":"","SIGNID":null,"GlobalID":"7d106460-5524-4820-83f6-9c751222ea32"}},{"type":"Feature","id":230099,"geometry":{"type":"Point","coordinates":[-122.332115251077,47.6080926679129]},"properties":{"OBJECTID":230099,"BUSLIC_ID":720668,"BUSLIC_LOCATION_ID":729928,"DEA_FACILITY_OWNER":null,"DEA_FACILITY_NAME":"54431 CROWN PLAZA SEATTLE","DEA_BUSINESS_CONTACT":"BILL BEATTIE","DEA_BUSINESS_PHONE":"2063818552           ","DEA_FACILITY_ADDRESS":"1113 6TH AVE, SEATTLE, WA 98101","DEA_STALLS":101,"FAC_NAME":"54431 CROWN PLAZA SEATTLE","HRS_MONFRI":null,"HRS_SAT":null,"HRS_SUN":null,"FAC_TYPE":null,"RTE_1HR":null,"RTE_2HR":null,"RTE_3HR":null,"RTE_ALLDAY":null,"DISABLED":null,"OP_NAME":null,"OP_PHONE":null,"OP_PHONE2":null,"OP_WEB":null,"PAYMENT_TYPE":null,"OTHER":"N","WEBNAME":null,"REGIONID":null,"OUTOFSERV":null,"VACANT":null,"STATUS":null,"DATETIME":null,"SE_ANNO_CAD_DATA":"","SIGNID":null,"GlobalID":"9bbc940d-3072-4d9c-bee4-59770147deea"}},{"type":"Feature","id":230100,"geometry":{"type":"Point","coordinates":[-122.332107415219,47.6245903702909]},"properties":{"OBJECTID":230100,"BUSLIC_ID":650251,"BUSLIC_LOCATION_ID":678597,"DEA_FACILITY_OWNER":null,"DEA_FACILITY_NAME":"DIAMOND PARKING  A446","DEA_BUSINESS_CONTACT":"JONATHAN DIAMOND","DEA_BUSINESS_PHONE":"2062843100           ","DEA_FACILITY_ADDRESS":"611 PONTIUS AVE N, SEATTLE, WA 98109","DEA_STALLS":7,"FAC_NAME":"DIAMOND PARKING  A446","HRS_MONFRI":null,"HRS_SAT":null,"HRS_SUN":null,"FAC_TYPE":null,"RTE_1HR":null,"RTE_2HR":null,"RTE_3HR":null,"RTE_ALLDAY":null,"DISABLED":null,"OP_NAME":null,"OP_PHONE":null,"OP_PHONE2":null,"OP_WEB":null,"PAYMENT_TYPE":null,"OTHER":"N","WEBNAME":null,"REGIONID":null,"OUTOFSERV":null,"VACANT":null,"STATUS":null,"DATETIME":null,"SE_ANNO_CAD_DATA":"","SIGNID":null,"GlobalID":"e61c8d0f-02af-4738-ac61-affa19addb89"}},{"type":"Feature","id":230101,"geometry":{"type":"Point","coordinates":[-122.341068793745,47.6094696318656]},"properties":{"OBJECTID":230101,"BUSLIC_ID":14927,"BUSLIC_LOCATION_ID":13063,"DEA_FACILITY_OWNER":null,"DEA_FACILITY_NAME":"PIKE PLACE MERCHANTS ASSN","DEA_BUSINESS_CONTACT":"JACK MATHEWS","DEA_BUSINESS_PHONE":"2065870351           ","DEA_FACILITY_ADDRESS":"1530 POST ALY # STE 6, SEATTLE, WA 98101-1566","DEA_STALLS":0,"FAC_NAME":"PIKE PLACE MERCHANTS ASSN","HRS_MONFRI":null,"HRS_SAT":null,"HRS_SUN":null,"FAC_TYPE":null,"RTE_1HR":null,"RTE_2HR":null,"RTE_3HR":null,"RTE_ALLDAY":null,"DISABLED":null,"OP_NAME":null,"OP_PHONE":null,"OP_PHONE2":null,"OP_WEB":null,"PAYMENT_TYPE":null,"OTHER":"N","WEBNAME":null,"REGIONID":null,"OUTOFSERV":null,"VACANT":null,"STATUS":null,"DATETIME":null,"SE_ANNO_CAD_DATA":"","SIGNID":null,"GlobalID":"b89a5db3-d45e-4486-a7b2-45ec3bb8c246"}},{"type":"Feature","id":230102,"geometry":{"type":"Point","coordinates":[-122.340131749265,47.6094559956241]},"properties":{"OBJECTID":230102,"BUSLIC_ID":579281,"BUSLIC_LOCATION_ID":560186,"DEA_FACILITY_OWNER":null,"DEA_FACILITY_NAME":"IPM  01","DEA_BUSINESS_CONTACT":"JOAN SUNDBERG","DEA_BUSINESS_PHONE":"2062540811           ","DEA_FACILITY_ADDRESS":"1516 1ST AVE, SEATTLE, WA 98101","DEA_STALLS":90,"FAC_NAME":"IPM  01","HRS_MONFRI":null,"HRS_SAT":null,"HRS_SUN":null,"FAC_TYPE":null,"RTE_1HR":null,"RTE_2HR":null,"RTE_3HR":null,"RTE_ALLDAY":null,"DISABLED":null,"OP_NAME":null,"OP_PHONE":null,"OP_PHONE2":null,"OP_WEB":null,"PAYMENT_TYPE":null,"OTHER":"N","WEBNAME":null,"REGIONID":null,"OUTOFSERV":null,"VACANT":null,"STATUS":null,"DATETIME":null,"SE_ANNO_CAD_DATA":"","SIGNID":null,"GlobalID":"25059129-cd84-4bdc-b1c1-05d0ea1511e7"}},{"type":"Feature","id":230103,"geometry":{"type":"Point","coordinates":[-122.345101260894,47.6129064599978]},"properties":{"OBJECTID":230103,"BUSLIC_ID":669041,"BUSLIC_LOCATION_ID":577627,"DEA_FACILITY_OWNER":null,"DEA_FACILITY_NAME":"DIAMOND PARKING  A353","DEA_BUSINESS_CONTACT":"JONATHAN DIAMOND","DEA_BUSINESS_PHONE":"2063843100           ","DEA_FACILITY_ADDRESS":"2204 1ST AVE, SEATTLE, WA 98121","DEA_STALLS":10,"FAC_NAME":"DIAMOND PARKING  A353","HRS_MONFRI":null,"HRS_SAT":null,"HRS_SUN":null,"FAC_TYPE":null,"RTE_1HR":null,"RTE_2HR":null,"RTE_3HR":null,"RTE_ALLDAY":null,"DISABLED":null,"OP_NAME":null,"OP_PHONE":null,"OP_PHONE2":null,"OP_WEB":null,"PAYMENT_TYPE":null,"OTHER":"N","WEBNAME":null,"REGIONID":null,"OUTOFSERV":null,"VACANT":null,"STATUS":null,"DATETIME":null,"SE_ANNO_CAD_DATA":"","SIGNID":null,"GlobalID":"85adb6a6-efba-4f72-bbf8-3aa3dfb52e64"}},{"type":"Feature","id":230104,"geometry":{"type":"Point","coordinates":[-122.346750016498,47.6126756793594]},"properties":{"OBJECTID":230104,"BUSLIC_ID":5405,"BUSLIC_LOCATION_ID":4545,"DEA_FACILITY_OWNER":null,"DEA_FACILITY_NAME":"U PARK 40","DEA_BUSINESS_CONTACT":"KEN JR PHILLIPS","DEA_BUSINESS_PHONE":"2062849797           ","DEA_FACILITY_ADDRESS":"2224 WESTERN AVE, SEATTLE, WA 98121","DEA_STALLS":88,"FAC_NAME":"U PARK 40","HRS_MONFRI":null,"HRS_SAT":null,"HRS_SUN":null,"FAC_TYPE":null,"RTE_1HR":null,"RTE_2HR":null,"RTE_3HR":null,"RTE_ALLDAY":null,"DISABLED":null,"OP_NAME":null,"OP_PHONE":null,"OP_PHONE2":null,"OP_WEB":null,"PAYMENT_TYPE":null,"OTHER":"N","WEBNAME":null,"REGIONID":null,"OUTOFSERV":null,"VACANT":null,"STATUS":null,"DATETIME":null,"SE_ANNO_CAD_DATA":"","SIGNID":null,"GlobalID":"86d77082-eaee-49f1-982d-e0cad9e46bc8"}},{"type":"Feature","id":230105,"geometry":{"type":"Point","coordinates":[-122.333892137093,47.6033098026945]},"properties":{"OBJECTID":230105,"BUSLIC_ID":579800,"BUSLIC_LOCATION_ID":628567,"DEA_FACILITY_OWNER":null,"DEA_FACILITY_NAME":"IMPARK   MILENNIUM BUILDING","DEA_BUSINESS_CONTACT":"EDWARD DANYLUK","DEA_BUSINESS_PHONE":"2063811789           ","DEA_FACILITY_ADDRESS":"719 2ND AVE, SEATTLE, WA 98104","DEA_STALLS":204,"FAC_NAME":"IMPARK   MILENNIUM BUILDING","HRS_MONFRI":null,"HRS_SAT":null,"HRS_SUN":null,"FAC_TYPE":null,"RTE_1HR":null,"RTE_2HR":null,"RTE_3HR":null,"RTE_ALLDAY":null,"DISABLED":null,"OP_NAME":null,"OP_PHONE":null,"OP_PHONE2":null,"OP_WEB":null,"PAYMENT_TYPE":null,"OTHER":"N","WEBNAME":null,"REGIONID":null,"OUTOFSERV":null,"VACANT":null,"STATUS":null,"DATETIME":null,"SE_ANNO_CAD_DATA":"","SIGNID":null,"GlobalID":"ea7c7e03-d03f-4550-9793-700d9b73475c"}},{"type":"Feature","id":230106,"geometry":{"type":"Point","coordinates":[-122.335191860873,47.5986676066365]},"properties":{"OBJECTID":230106,"BUSLIC_ID":588688,"BUSLIC_LOCATION_ID":635378,"DEA_FACILITY_OWNER":null,"DEA_FACILITY_NAME":"450 ALASKA IPM 30","DEA_BUSINESS_CONTACT":"JOAN SUNDBERG","DEA_BUSINESS_PHONE":"2062540811           ","DEA_FACILITY_ADDRESS":"76 S KING ST, SEATTLE, WA 98104","DEA_STALLS":116,"FAC_NAME":"450 ALASKA IPM 30","HRS_MONFRI":null,"HRS_SAT":null,"HRS_SUN":null,"FAC_TYPE":null,"RTE_1HR":null,"RTE_2HR":null,"RTE_3HR":null,"RTE_ALLDAY":null,"DISABLED":null,"OP_NAME":null,"OP_PHONE":null,"OP_PHONE2":null,"OP_WEB":null,"PAYMENT_TYPE":null,"OTHER":"N","WEBNAME":null,"REGIONID":null,"OUTOFSERV":null,"VACANT":null,"STATUS":null,"DATETIME":null,"SE_ANNO_CAD_DATA":"","SIGNID":null,"GlobalID":"63f5eff5-c445-46ef-93e9-d7d6412cb83b"}},{"type":"Feature","id":230107,"geometry":{"type":"Point","coordinates":[-122.299317348855,47.6646005874251]},"properties":{"OBJECTID":230107,"BUSLIC_ID":653853,"BUSLIC_LOCATION_ID":681391,"DEA_FACILITY_OWNER":null,"DEA_FACILITY_NAME":"DIAMOND PARKING  WU49","DEA_BUSINESS_CONTACT":"JONATHAN DIAMOND","DEA_BUSINESS_PHONE":"2062843100           ","DEA_FACILITY_ADDRESS":"4900 25TH AVE NE, SEATTLE, WA 98115","DEA_STALLS":25,"FAC_NAME":"DIAMOND PARKING  WU49","HRS_MONFRI":null,"HRS_SAT":null,"HRS_SUN":null,"FAC_TYPE":null,"RTE_1HR":null,"RTE_2HR":null,"RTE_3HR":null,"RTE_ALLDAY":null,"DISABLED":null,"OP_NAME":null,"OP_PHONE":null,"OP_PHONE2":null,"OP_WEB":null,"PAYMENT_TYPE":null,"OTHER":"N","WEBNAME":null,"REGIONID":null,"OUTOFSERV":null,"VACANT":null,"STATUS":null,"DATETIME":null,"SE_ANNO_CAD_DATA":"","SIGNID":null,"GlobalID":"3879b6f9-8d91-4265-9530-9ce248c1017a"}},{"type":"Feature","id":230108,"geometry":{"type":"Point","coordinates":[-122.333674156186,47.5940318177767]},"properties":{"OBJECTID":230108,"BUSLIC_ID":619012,"BUSLIC_LOCATION_ID":656603,"DEA_FACILITY_OWNER":null,"DEA_FACILITY_NAME":"DIAMOND PARKING  A362","DEA_BUSINESS_CONTACT":"JONATHAN DIAMOND","DEA_BUSINESS_PHONE":"2062843100           ","DEA_FACILITY_ADDRESS":"1000 1ST AVE S, SEATTLE, WA 98134","DEA_STALLS":25,"FAC_NAME":"DIAMOND PARKING  A362","HRS_MONFRI":null,"HRS_SAT":null,"HRS_SUN":null,"FAC_TYPE":null,"RTE_1HR":null,"RTE_2HR":null,"RTE_3HR":null,"RTE_ALLDAY":null,"DISABLED":null,"OP_NAME":null,"OP_PHONE":null,"OP_PHONE2":null,"OP_WEB":null,"PAYMENT_TYPE":null,"OTHER":"N","WEBNAME":null,"REGIONID":null,"OUTOFSERV":null,"VACANT":null,"STATUS":null,"DATETIME":null,"SE_ANNO_CAD_DATA":"","SIGNID":null,"GlobalID":"bb07c1ef-e517-4abc-bf5f-3b717eed090f"}},{"type":"Feature","id":230109,"geometry":{"type":"Point","coordinates":[-122.33486412584,47.5920188038746]},"properties":{"OBJECTID":230109,"BUSLIC_ID":5495,"BUSLIC_LOCATION_ID":4590,"DEA_FACILITY_OWNER":null,"DEA_FACILITY_NAME":"U PARK 86","DEA_BUSINESS_CONTACT":"KEN JR PHILLIPS","DEA_BUSINESS_PHONE":"2062849797           ","DEA_FACILITY_ADDRESS":"1201 1ST AVE S, SEATTLE, WA 98101","DEA_STALLS":224,"FAC_NAME":"U PARK 86","HRS_MONFRI":null,"HRS_SAT":null,"HRS_SUN":null,"FAC_TYPE":null,"RTE_1HR":null,"RTE_2HR":null,"RTE_3HR":null,"RTE_ALLDAY":null,"DISABLED":null,"OP_NAME":null,"OP_PHONE":null,"OP_PHONE2":null,"OP_WEB":null,"PAYMENT_TYPE":null,"OTHER":"N","WEBNAME":null,"REGIONID":null,"OUTOFSERV":null,"VACANT":null,"STATUS":null,"DATETIME":null,"SE_ANNO_CAD_DATA":"","SIGNID":null,"GlobalID":"9314cc1c-f1ab-4243-b8bf-1cdf60741773"}},{"type":"Feature","id":230110,"geometry":{"type":"Point","coordinates":[-122.334867873281,47.5908086109913]},"properties":{"OBJECTID":230110,"BUSLIC_ID":534577,"BUSLIC_LOCATION_ID":595335,"DEA_FACILITY_OWNER":null,"DEA_FACILITY_NAME":"DIAMOND  A133","DEA_BUSINESS_CONTACT":"JONATHAN DIAMOND","DEA_BUSINESS_PHONE":"2062843100           ","DEA_FACILITY_ADDRESS":"1251 1ST AVE S, SEATTLE, WA 98134","DEA_STALLS":60,"FAC_NAME":"DIAMOND  A133","HRS_MONFRI":null,"HRS_SAT":null,"HRS_SUN":null,"FAC_TYPE":null,"RTE_1HR":null,"RTE_2HR":null,"RTE_3HR":null,"RTE_ALLDAY":null,"DISABLED":null,"OP_NAME":null,"OP_PHONE":null,"OP_PHONE2":null,"OP_WEB":null,"PAYMENT_TYPE":null,"OTHER":"N","WEBNAME":null,"REGIONID":null,"OUTOFSERV":null,"VACANT":null,"STATUS":null,"DATETIME":null,"SE_ANNO_CAD_DATA":"","SIGNID":null,"GlobalID":"1f4a845e-5f8c-4e29-b3c9-5169542aa978"}},{"type":"Feature","id":230111,"geometry":{"type":"Point","coordinates":[-122.333706700162,47.5942581614023]},"properties":{"OBJECTID":230111,"BUSLIC_ID":534751,"BUSLIC_LOCATION_ID":593898,"DEA_FACILITY_OWNER":null,"DEA_FACILITY_NAME":"DIAMOND PARKING A028","DEA_BUSINESS_CONTACT":"JONATHAN DIAMOND","DEA_BUSINESS_PHONE":"2062843100           ","DEA_FACILITY_ADDRESS":"922 1ST AVE S, SEATTLE, WA 98104","DEA_STALLS":46,"FAC_NAME":"DIAMOND PARKING A028","HRS_MONFRI":null,"HRS_SAT":null,"HRS_SUN":null,"FAC_TYPE":null,"RTE_1HR":null,"RTE_2HR":null,"RTE_3HR":null,"RTE_ALLDAY":null,"DISABLED":null,"OP_NAME":null,"OP_PHONE":null,"OP_PHONE2":null,"OP_WEB":null,"PAYMENT_TYPE":null,"OTHER":"N","WEBNAME":null,"REGIONID":null,"OUTOFSERV":null,"VACANT":null,"STATUS":null,"DATETIME":null,"SE_ANNO_CAD_DATA":"","SIGNID":null,"GlobalID":"44f6e27d-18d7-4926-85d2-0e748a216bdc"}},{"type":"Feature","id":230112,"geometry":{"type":"Point","coordinates":[-122.334723404423,47.5899501090706]},"properties":{"OBJECTID":230112,"BUSLIC_ID":509363,"BUSLIC_LOCATION_ID":576428,"DEA_FACILITY_OWNER":null,"DEA_FACILITY_NAME":"IPM  HOMEPLATE","DEA_BUSINESS_CONTACT":"JOAN SUNDBERG","DEA_BUSINESS_PHONE":"2062540811           ","DEA_FACILITY_ADDRESS":"1501 1ST AVE S, SEATTLE, WA 98134","DEA_STALLS":299,"FAC_NAME":"IPM  HOMEPLATE","HRS_MONFRI":null,"HRS_SAT":null,"HRS_SUN":null,"FAC_TYPE":null,"RTE_1HR":null,"RTE_2HR":null,"RTE_3HR":null,"RTE_ALLDAY":null,"DISABLED":null,"OP_NAME":null,"OP_PHONE":null,"OP_PHONE2":null,"OP_WEB":null,"PAYMENT_TYPE":null,"OTHER":"N","WEBNAME":null,"REGIONID":null,"OUTOFSERV":null,"VACANT":null,"STATUS":null,"DATETIME":null,"SE_ANNO_CAD_DATA":"","SIGNID":null,"GlobalID":"76ab3e50-be91-4558-abb8-ceef6e4f251a"}},{"type":"Feature","id":230113,"geometry":{"type":"Point","coordinates":[-122.324148109623,47.5964438679676]},"properties":{"OBJECTID":230113,"BUSLIC_ID":19958,"BUSLIC_LOCATION_ID":17663,"DEA_FACILITY_OWNER":null,"DEA_FACILITY_NAME":"INTL DIST PARKING  43","DEA_BUSINESS_CONTACT":"MICHAEL OLSON","DEA_BUSINESS_PHONE":"2066243426           ","DEA_FACILITY_ADDRESS":"666 S DEARBORN ST, SEATTLE, WA 98104","DEA_STALLS":75,"FAC_NAME":"INTL DIST PARKING  43","HRS_MONFRI":null,"HRS_SAT":null,"HRS_SUN":null,"FAC_TYPE":null,"RTE_1HR":null,"RTE_2HR":null,"RTE_3HR":null,"RTE_ALLDAY":null,"DISABLED":null,"OP_NAME":null,"OP_PHONE":null,"OP_PHONE2":null,"OP_WEB":null,"PAYMENT_TYPE":null,"OTHER":"N","WEBNAME":null,"REGIONID":null,"OUTOFSERV":null,"VACANT":null,"STATUS":null,"DATETIME":null,"SE_ANNO_CAD_DATA":"","SIGNID":null,"GlobalID":"0156be53-d0d3-4c4d-af58-7b3e9557bb0b"}},{"type":"Feature","id":230114,"geometry":{"type":"Point","coordinates":[-122.328390550269,47.5943947619113]},"properties":{"OBJECTID":230114,"BUSLIC_ID":534474,"BUSLIC_LOCATION_ID":593927,"DEA_FACILITY_OWNER":null,"DEA_FACILITY_NAME":"DIAMOND   A235","DEA_BUSINESS_CONTACT":"JONATHAN DIAMOND","DEA_BUSINESS_PHONE":"2062843100           ","DEA_FACILITY_ADDRESS":"1000 4TH AVE S, SEATTLE, WA 98134","DEA_STALLS":150,"FAC_NAME":"DIAMOND   A235","HRS_MONFRI":null,"HRS_SAT":null,"HRS_SUN":null,"FAC_TYPE":null,"RTE_1HR":null,"RTE_2HR":null,"RTE_3HR":null,"RTE_ALLDAY":null,"DISABLED":null,"OP_NAME":null,"OP_PHONE":null,"OP_PHONE2":null,"OP_WEB":null,"PAYMENT_TYPE":null,"OTHER":"N","WEBNAME":null,"REGIONID":null,"OUTOFSERV":null,"VACANT":null,"STATUS":null,"DATETIME":null,"SE_ANNO_CAD_DATA":"","SIGNID":null,"GlobalID":"ff06b7f3-9641-47da-9832-eae5e1016cbc"}},{"type":"Feature","id":230115,"geometry":{"type":"Point","coordinates":[-122.326704903325,47.5941625005068]},"properties":{"OBJECTID":230115,"BUSLIC_ID":509780,"BUSLIC_LOCATION_ID":576754,"DEA_FACILITY_OWNER":null,"DEA_FACILITY_NAME":"DIAMOND PARKING  A848","DEA_BUSINESS_CONTACT":"JONATHAN DIAMOND","DEA_BUSINESS_PHONE":"2062846303           ","DEA_FACILITY_ADDRESS":"1005 6TH AVE S, SEATTLE, WA 98134","DEA_STALLS":350,"FAC_NAME":"DIAMOND PARKING  A848","HRS_MONFRI":null,"HRS_SAT":null,"HRS_SUN":null,"FAC_TYPE":null,"RTE_1HR":null,"RTE_2HR":null,"RTE_3HR":null,"RTE_ALLDAY":null,"DISABLED":null,"OP_NAME":null,"OP_PHONE":null,"OP_PHONE2":null,"OP_WEB":null,"PAYMENT_TYPE":null,"OTHER":"N","WEBNAME":null,"REGIONID":null,"OUTOFSERV":null,"VACANT":null,"STATUS":null,"DATETIME":null,"SE_ANNO_CAD_DATA":"","SIGNID":null,"GlobalID":"ebbd5256-00b9-4854-9596-1747f882c8c5"}},{"type":"Feature","id":230116,"geometry":{"type":"Point","coordinates":[-122.328646474017,47.5955962130107]},"properties":{"OBJECTID":230116,"BUSLIC_ID":454293,"BUSLIC_LOCATION_ID":537623,"DEA_FACILITY_OWNER":null,"DEA_FACILITY_NAME":"UNION STATION PARKING GARAGE SOUTH","DEA_BUSINESS_CONTACT":"JOAN SUNDBERG","DEA_BUSINESS_PHONE":"2069327809           ","DEA_FACILITY_ADDRESS":"820 4TH AVE S, SEATTLE, WA 98104","DEA_STALLS":684,"FAC_NAME":"UNION STATION PARKING GARAGE SOUTH","HRS_MONFRI":null,"HRS_SAT":null,"HRS_SUN":null,"FAC_TYPE":null,"RTE_1HR":null,"RTE_2HR":null,"RTE_3HR":null,"RTE_ALLDAY":null,"DISABLED":null,"OP_NAME":null,"OP_PHONE":null,"OP_PHONE2":null,"OP_WEB":null,"PAYMENT_TYPE":null,"OTHER":"N","WEBNAME":null,"REGIONID":null,"OUTOFSERV":null,"VACANT":null,"STATUS":null,"DATETIME":null,"SE_ANNO_CAD_DATA":"","SIGNID":null,"GlobalID":"fad89c05-e77f-48f4-af7a-389b6585a124"}},{"type":"Feature","id":230117,"geometry":{"type":"Point","coordinates":[-122.385993182139,47.5832415507812]},"properties":{"OBJECTID":230117,"BUSLIC_ID":619886,"BUSLIC_LOCATION_ID":657255,"DEA_FACILITY_OWNER":null,"DEA_FACILITY_NAME":"DIAMOND PARKING  A386","DEA_BUSINESS_CONTACT":"JONATHAN DIAMOND","DEA_BUSINESS_PHONE":"2062843100           ","DEA_FACILITY_ADDRESS":"2222 CALIFORNIA AVE SW, SEATTLE, WA 98116","DEA_STALLS":30,"FAC_NAME":"DIAMOND PARKING  A386","HRS_MONFRI":null,"HRS_SAT":null,"HRS_SUN":null,"FAC_TYPE":null,"RTE_1HR":null,"RTE_2HR":null,"RTE_3HR":null,"RTE_ALLDAY":null,"DISABLED":null,"OP_NAME":null,"OP_PHONE":null,"OP_PHONE2":null,"OP_WEB":null,"PAYMENT_TYPE":null,"OTHER":"N","WEBNAME":null,"REGIONID":null,"OUTOFSERV":null,"VACANT":null,"STATUS":null,"DATETIME":null,"SE_ANNO_CAD_DATA":"","SIGNID":null,"GlobalID":"a452f974-51e5-44ea-bc31-933337379ba0"}},{"type":"Feature","id":230118,"geometry":{"type":"Point","coordinates":[-122.335664540731,47.5892395230857]},"properties":{"OBJECTID":230118,"BUSLIC_ID":589940,"BUSLIC_LOCATION_ID":636326,"DEA_FACILITY_OWNER":null,"DEA_FACILITY_NAME":"IPM  37","DEA_BUSINESS_CONTACT":"JOAN SUNDBERG","DEA_BUSINESS_PHONE":"2062540811           ","DEA_FACILITY_ADDRESS":"1531 UTAH AVE S, SEATTLE, WA 98134","DEA_STALLS":220,"FAC_NAME":"IPM  37","HRS_MONFRI":null,"HRS_SAT":null,"HRS_SUN":null,"FAC_TYPE":null,"RTE_1HR":null,"RTE_2HR":null,"RTE_3HR":null,"RTE_ALLDAY":null,"DISABLED":null,"OP_NAME":null,"OP_PHONE":null,"OP_PHONE2":null,"OP_WEB":null,"PAYMENT_TYPE":null,"OTHER":"N","WEBNAME":null,"REGIONID":null,"OUTOFSERV":null,"VACANT":null,"STATUS":null,"DATETIME":null,"SE_ANNO_CAD_DATA":"","SIGNID":null,"GlobalID":"a5ef786f-6738-4ef3-88e5-35700c4a11cf"}},{"type":"Feature","id":230119,"geometry":{"type":"Point","coordinates":[-122.333682326615,47.5887660135002]},"properties":{"OBJECTID":230119,"BUSLIC_ID":574697,"BUSLIC_LOCATION_ID":584049,"DEA_FACILITY_OWNER":null,"DEA_FACILITY_NAME":"DIAMOND PARKING  A944","DEA_BUSINESS_CONTACT":"JONATHAN DIAMOND","DEA_BUSINESS_PHONE":"2062846303           ","DEA_FACILITY_ADDRESS":"1560 1ST AVE S, SEATTLE, WA 98134","DEA_STALLS":241,"FAC_NAME":"DIAMOND PARKING  A944","HRS_MONFRI":null,"HRS_SAT":null,"HRS_SUN":null,"FAC_TYPE":null,"RTE_1HR":null,"RTE_2HR":null,"RTE_3HR":null,"RTE_ALLDAY":null,"DISABLED":null,"OP_NAME":null,"OP_PHONE":null,"OP_PHONE2":null,"OP_WEB":null,"PAYMENT_TYPE":null,"OTHER":"N","WEBNAME":null,"REGIONID":null,"OUTOFSERV":null,"VACANT":null,"STATUS":null,"DATETIME":null,"SE_ANNO_CAD_DATA":"","SIGNID":null,"GlobalID":"f0f842ad-8f44-4e6b-8d1b-544e976bb1f7"}},{"type":"Feature","id":230120,"geometry":{"type":"Point","coordinates":[-122.333543447591,47.5871967963385]},"properties":{"OBJECTID":230120,"BUSLIC_ID":639579,"BUSLIC_LOCATION_ID":670656,"DEA_FACILITY_OWNER":null,"DEA_FACILITY_NAME":"DIAMOND PARKING  A428","DEA_BUSINESS_CONTACT":"JONATHAN DIAMOND","DEA_BUSINESS_PHONE":"2062843100           ","DEA_FACILITY_ADDRESS":"1730 1ST AVE S, SEATTLE, WA 98134","DEA_STALLS":7,"FAC_NAME":"DIAMOND PARKING  A428","HRS_MONFRI":null,"HRS_SAT":null,"HRS_SUN":null,"FAC_TYPE":null,"RTE_1HR":null,"RTE_2HR":null,"RTE_3HR":null,"RTE_ALLDAY":null,"DISABLED":null,"OP_NAME":null,"OP_PHONE":null,"OP_PHONE2":null,"OP_WEB":null,"PAYMENT_TYPE":null,"OTHER":"N","WEBNAME":null,"REGIONID":null,"OUTOFSERV":null,"VACANT":null,"STATUS":null,"DATETIME":null,"SE_ANNO_CAD_DATA":"","SIGNID":null,"GlobalID":"f90672da-6031-4379-b499-04cda28304e0"}},{"type":"Feature","id":230121,"geometry":{"type":"Point","coordinates":[-122.333730652594,47.5870574344448]},"properties":{"OBJECTID":230121,"BUSLIC_ID":637198,"BUSLIC_LOCATION_ID":669468,"DEA_FACILITY_OWNER":null,"DEA_FACILITY_NAME":"DIAMOND PARKING  A423","DEA_BUSINESS_CONTACT":"JONATHAN DIAMOND","DEA_BUSINESS_PHONE":"2062843100           ","DEA_FACILITY_ADDRESS":"1740 1ST AVE S, SEATTLE, WA 98134","DEA_STALLS":25,"FAC_NAME":"DIAMOND PARKING  A423","HRS_MONFRI":null,"HRS_SAT":null,"HRS_SUN":null,"FAC_TYPE":null,"RTE_1HR":null,"RTE_2HR":null,"RTE_3HR":null,"RTE_ALLDAY":null,"DISABLED":null,"OP_NAME":null,"OP_PHONE":null,"OP_PHONE2":null,"OP_WEB":null,"PAYMENT_TYPE":null,"OTHER":"N","WEBNAME":null,"REGIONID":null,"OUTOFSERV":null,"VACANT":null,"STATUS":null,"DATETIME":null,"SE_ANNO_CAD_DATA":"","SIGNID":null,"GlobalID":"2092ce0a-3aa4-4ffb-af8c-207023995a73"}},{"type":"Feature","id":230122,"geometry":{"type":"Point","coordinates":[-122.341119859497,47.6164094690085]},"properties":{"OBJECTID":230122,"BUSLIC_ID":445068,"BUSLIC_LOCATION_ID":530472,"DEA_FACILITY_OWNER":null,"DEA_FACILITY_NAME":"IMPARK  4","DEA_BUSINESS_CONTACT":"EDWARD DANYLUK","DEA_BUSINESS_PHONE":"2063811789           ","DEA_FACILITY_ADDRESS":"2200 6TH AVE, SEATTLE, WA 98101","DEA_STALLS":213,"FAC_NAME":"IMPARK  4","HRS_MONFRI":null,"HRS_SAT":null,"HRS_SUN":null,"FAC_TYPE":null,"RTE_1HR":null,"RTE_2HR":null,"RTE_3HR":null,"RTE_ALLDAY":null,"DISABLED":null,"OP_NAME":null,"OP_PHONE":null,"OP_PHONE2":null,"OP_WEB":null,"PAYMENT_TYPE":null,"OTHER":"N","WEBNAME":null,"REGIONID":null,"OUTOFSERV":null,"VACANT":null,"STATUS":null,"DATETIME":null,"SE_ANNO_CAD_DATA":"","SIGNID":null,"GlobalID":"f181de4b-951b-4202-87e7-ad6d59620722"}},{"type":"Feature","id":230123,"geometry":{"type":"Point","coordinates":[-122.334577175138,47.5878805462524]},"properties":{"OBJECTID":230123,"BUSLIC_ID":627227,"BUSLIC_LOCATION_ID":662686,"DEA_FACILITY_OWNER":null,"DEA_FACILITY_NAME":"REPUBLIC PARKING 30 145","DEA_BUSINESS_CONTACT":"GARY BECK","DEA_BUSINESS_PHONE":"2067834144           ","DEA_FACILITY_ADDRESS":"1701 1ST AVE S, SEATTLE, WA 98134","DEA_STALLS":60,"FAC_NAME":"REPUBLIC PARKING 30 145","HRS_MONFRI":null,"HRS_SAT":null,"HRS_SUN":null,"FAC_TYPE":null,"RTE_1HR":null,"RTE_2HR":null,"RTE_3HR":null,"RTE_ALLDAY":null,"DISABLED":null,"OP_NAME":null,"OP_PHONE":null,"OP_PHONE2":null,"OP_WEB":null,"PAYMENT_TYPE":null,"OTHER":"N","WEBNAME":null,"REGIONID":null,"OUTOFSERV":null,"VACANT":null,"STATUS":null,"DATETIME":null,"SE_ANNO_CAD_DATA":"","SIGNID":null,"GlobalID":"f6099193-6827-43f0-a6e0-d723f8692c32"}},{"type":"Feature","id":230124,"geometry":{"type":"Point","coordinates":[-122.31218253388,47.6682420539723]},"properties":{"OBJECTID":230124,"BUSLIC_ID":718896,"BUSLIC_LOCATION_ID":728488,"DEA_FACILITY_OWNER":null,"DEA_FACILITY_NAME":"DIAMOND PARKING SERVICES WX27","DEA_BUSINESS_CONTACT":"JONATHAN DIAMOND","DEA_BUSINESS_PHONE":"2062843100           ","DEA_FACILITY_ADDRESS":"5263 15TH AVE NE, SEATTLE, WA 98105","DEA_STALLS":5,"FAC_NAME":"DIAMOND PARKING SERVICES WX27","HRS_MONFRI":null,"HRS_SAT":null,"HRS_SUN":null,"FAC_TYPE":null,"RTE_1HR":null,"RTE_2HR":null,"RTE_3HR":null,"RTE_ALLDAY":null,"DISABLED":null,"OP_NAME":null,"OP_PHONE":null,"OP_PHONE2":null,"OP_WEB":null,"PAYMENT_TYPE":null,"OTHER":"N","WEBNAME":null,"REGIONID":null,"OUTOFSERV":null,"VACANT":null,"STATUS":null,"DATETIME":null,"SE_ANNO_CAD_DATA":"","SIGNID":null,"GlobalID":"f1d5f0b8-e479-4847-9ea9-9502d34cc1d5"}},{"type":"Feature","id":230125,"geometry":{"type":"Point","coordinates":[-122.313893653092,47.6642915805576]},"properties":{"OBJECTID":230125,"BUSLIC_ID":591250,"BUSLIC_LOCATION_ID":637245,"DEA_FACILITY_OWNER":null,"DEA_FACILITY_NAME":"DIAMOND PARKING  WU57","DEA_BUSINESS_CONTACT":"JONATHAN DIAMOND","DEA_BUSINESS_PHONE":"2062843100           ","DEA_FACILITY_ADDRESS":"4732 BROOKLYN AVE NE, SEATTLE, WA 98105","DEA_STALLS":10,"FAC_NAME":"DIAMOND PARKING  WU57","HRS_MONFRI":null,"HRS_SAT":null,"HRS_SUN":null,"FAC_TYPE":null,"RTE_1HR":null,"RTE_2HR":null,"RTE_3HR":null,"RTE_ALLDAY":null,"DISABLED":null,"OP_NAME":null,"OP_PHONE":null,"OP_PHONE2":null,"OP_WEB":null,"PAYMENT_TYPE":null,"OTHER":"N","WEBNAME":null,"REGIONID":null,"OUTOFSERV":null,"VACANT":null,"STATUS":null,"DATETIME":null,"SE_ANNO_CAD_DATA":"","SIGNID":null,"GlobalID":"6a9de2d1-77cb-45ab-93b1-1f1ee57f45f3"}},{"type":"Feature","id":230126,"geometry":{"type":"Point","coordinates":[-122.313447064168,47.6638248618933]},"properties":{"OBJECTID":230126,"BUSLIC_ID":534456,"BUSLIC_LOCATION_ID":593922,"DEA_FACILITY_OWNER":null,"DEA_FACILITY_NAME":"DIAMOND  WU58","DEA_BUSINESS_CONTACT":"JONATHAN DIAMOND","DEA_BUSINESS_PHONE":"2062843100           ","DEA_FACILITY_ADDRESS":"4725 UNIVERSITY WAY NE, SEATTLE, WA 98105","DEA_STALLS":63,"FAC_NAME":"DIAMOND  WU58","HRS_MONFRI":null,"HRS_SAT":null,"HRS_SUN":null,"FAC_TYPE":null,"RTE_1HR":null,"RTE_2HR":null,"RTE_3HR":null,"RTE_ALLDAY":null,"DISABLED":null,"OP_NAME":null,"OP_PHONE":null,"OP_PHONE2":null,"OP_WEB":null,"PAYMENT_TYPE":null,"OTHER":"N","WEBNAME":null,"REGIONID":null,"OUTOFSERV":null,"VACANT":null,"STATUS":null,"DATETIME":null,"SE_ANNO_CAD_DATA":"","SIGNID":null,"GlobalID":"99e25614-8ffd-4411-ac94-10af176328cb"}},{"type":"Feature","id":230127,"geometry":{"type":"Point","coordinates":[-122.313397307509,47.6634494695784]},"properties":{"OBJECTID":230127,"BUSLIC_ID":666881,"BUSLIC_LOCATION_ID":690568,"DEA_FACILITY_OWNER":null,"DEA_FACILITY_NAME":"DIAMOND PARKING  WU77   B OF A","DEA_BUSINESS_CONTACT":"JONATHAN DIAMOND","DEA_BUSINESS_PHONE":"2062843100           ","DEA_FACILITY_ADDRESS":"4701 UNIVERSITY WAY NE, SEATTLE, WA 98105","DEA_STALLS":36,"FAC_NAME":"DIAMOND PARKING  WU77   B OF A","HRS_MONFRI":null,"HRS_SAT":null,"HRS_SUN":null,"FAC_TYPE":null,"RTE_1HR":null,"RTE_2HR":null,"RTE_3HR":null,"RTE_ALLDAY":null,"DISABLED":null,"OP_NAME":null,"OP_PHONE":null,"OP_PHONE2":null,"OP_WEB":null,"PAYMENT_TYPE":null,"OTHER":"N","WEBNAME":null,"REGIONID":null,"OUTOFSERV":null,"VACANT":null,"STATUS":null,"DATETIME":null,"SE_ANNO_CAD_DATA":"","SIGNID":null,"GlobalID":"405ea71a-866b-40fa-90dc-c2c4e1495f1c"}},{"type":"Feature","id":230128,"geometry":{"type":"Point","coordinates":[-122.351409041969,47.6170643939771]},"properties":{"OBJECTID":230128,"BUSLIC_ID":720316,"BUSLIC_LOCATION_ID":729620,"DEA_FACILITY_OWNER":null,"DEA_FACILITY_NAME":"LAZ PARKING BAY VISTA","DEA_BUSINESS_CONTACT":"ALAN LAZOWSKI","DEA_BUSINESS_PHONE":"8605227641           ","DEA_FACILITY_ADDRESS":"2821 2ND AVE, SEATTLE, WA 98121-1282","DEA_STALLS":173,"FAC_NAME":"LAZ PARKING BAY VISTA","HRS_MONFRI":null,"HRS_SAT":null,"HRS_SUN":null,"FAC_TYPE":null,"RTE_1HR":null,"RTE_2HR":null,"RTE_3HR":null,"RTE_ALLDAY":null,"DISABLED":null,"OP_NAME":null,"OP_PHONE":null,"OP_PHONE2":null,"OP_WEB":null,"PAYMENT_TYPE":null,"OTHER":"N","WEBNAME":null,"REGIONID":null,"OUTOFSERV":null,"VACANT":null,"STATUS":null,"DATETIME":null,"SE_ANNO_CAD_DATA":"","SIGNID":null,"GlobalID":"ab9e14a3-ae5a-42e1-bd4b-478355ba6d23"}},{"type":"Feature","id":230129,"geometry":{"type":"Point","coordinates":[-122.319490503414,47.6784166626625]},"properties":{"OBJECTID":230129,"BUSLIC_ID":643217,"BUSLIC_LOCATION_ID":673071,"DEA_FACILITY_OWNER":null,"DEA_FACILITY_NAME":"DIAMOND PARKING  WU11","DEA_BUSINESS_CONTACT":"JONATHAN DIAMOND","DEA_BUSINESS_PHONE":"2062843100           ","DEA_FACILITY_ADDRESS":"6801 ROOSEVELT WAY NE, SEATTLE, WA 98115","DEA_STALLS":155,"FAC_NAME":"DIAMOND PARKING  WU11","HRS_MONFRI":null,"HRS_SAT":null,"HRS_SUN":null,"FAC_TYPE":null,"RTE_1HR":null,"RTE_2HR":null,"RTE_3HR":null,"RTE_ALLDAY":null,"DISABLED":null,"OP_NAME":null,"OP_PHONE":null,"OP_PHONE2":null,"OP_WEB":null,"PAYMENT_TYPE":null,"OTHER":"N","WEBNAME":null,"REGIONID":null,"OUTOFSERV":null,"VACANT":null,"STATUS":null,"DATETIME":null,"SE_ANNO_CAD_DATA":"","SIGNID":null,"GlobalID":"919ec4c8-2324-4dec-a686-7a255a3e6e46"}},{"type":"Feature","id":230130,"geometry":{"type":"Point","coordinates":[-122.333683700909,47.5933026245974]},"properties":{"OBJECTID":230130,"BUSLIC_ID":139348,"BUSLIC_LOCATION_ID":125205,"DEA_FACILITY_OWNER":null,"DEA_FACILITY_NAME":"DOME PARKING","DEA_BUSINESS_CONTACT":"MARVIN APPLE","DEA_BUSINESS_PHONE":"4253491700           ","DEA_FACILITY_ADDRESS":"1030 1ST AVE S, SEATTLE, WA 98134","DEA_STALLS":120,"FAC_NAME":"DOME PARKING","HRS_MONFRI":null,"HRS_SAT":null,"HRS_SUN":null,"FAC_TYPE":null,"RTE_1HR":null,"RTE_2HR":null,"RTE_3HR":null,"RTE_ALLDAY":null,"DISABLED":null,"OP_NAME":null,"OP_PHONE":null,"OP_PHONE2":null,"OP_WEB":null,"PAYMENT_TYPE":null,"OTHER":"N","WEBNAME":null,"REGIONID":null,"OUTOFSERV":null,"VACANT":null,"STATUS":null,"DATETIME":null,"SE_ANNO_CAD_DATA":"","SIGNID":null,"GlobalID":"d822e989-2b82-4778-b333-99ca613af4e7"}},{"type":"Feature","id":230131,"geometry":{"type":"Point","coordinates":[-122.382598284946,47.6662893081908]},"properties":{"OBJECTID":230131,"BUSLIC_ID":681926,"BUSLIC_LOCATION_ID":701367,"DEA_FACILITY_OWNER":null,"DEA_FACILITY_NAME":"BALLARD PARKING","DEA_BUSINESS_CONTACT":"JAMES RIGGLE","DEA_BUSINESS_PHONE":"2067895010           ","DEA_FACILITY_ADDRESS":"5216 BALLARD AVE NW, SEATTLE, WA 98107","DEA_STALLS":66,"FAC_NAME":"BALLARD PARKING","HRS_MONFRI":null,"HRS_SAT":null,"HRS_SUN":null,"FAC_TYPE":null,"RTE_1HR":null,"RTE_2HR":null,"RTE_3HR":null,"RTE_ALLDAY":null,"DISABLED":null,"OP_NAME":null,"OP_PHONE":null,"OP_PHONE2":null,"OP_WEB":null,"PAYMENT_TYPE":null,"OTHER":"N","WEBNAME":null,"REGIONID":null,"OUTOFSERV":null,"VACANT":null,"STATUS":null,"DATETIME":null,"SE_ANNO_CAD_DATA":"","SIGNID":null,"GlobalID":"48e6c189-c09a-4afc-b8ef-04505687f7cf"}},{"type":"Feature","id":230132,"geometry":{"type":"Point","coordinates":[-122.321352937575,47.6167676342092]},"properties":{"OBJECTID":230132,"BUSLIC_ID":588416,"BUSLIC_LOCATION_ID":635154,"DEA_FACILITY_OWNER":null,"DEA_FACILITY_NAME":"DIAMOND PARKING  A025","DEA_BUSINESS_CONTACT":"JONATHAN DIAMOND","DEA_BUSINESS_PHONE":"2062846303           ","DEA_FACILITY_ADDRESS":"1701 BROADWAY, SEATTLE, WA 98122","DEA_STALLS":36,"FAC_NAME":"DIAMOND PARKING  A025","HRS_MONFRI":null,"HRS_SAT":null,"HRS_SUN":null,"FAC_TYPE":null,"RTE_1HR":null,"RTE_2HR":null,"RTE_3HR":null,"RTE_ALLDAY":null,"DISABLED":null,"OP_NAME":null,"OP_PHONE":null,"OP_PHONE2":null,"OP_WEB":null,"PAYMENT_TYPE":null,"OTHER":"N","WEBNAME":null,"REGIONID":null,"OUTOFSERV":null,"VACANT":null,"STATUS":null,"DATETIME":null,"SE_ANNO_CAD_DATA":"","SIGNID":null,"GlobalID":"c14b2a58-be72-447d-8774-261af8f554ff"}},{"type":"Feature","id":230133,"geometry":{"type":"Point","coordinates":[-122.318050428376,47.6591700093788]},"properties":{"OBJECTID":230133,"BUSLIC_ID":591549,"BUSLIC_LOCATION_ID":4548,"DEA_FACILITY_OWNER":null,"DEA_FACILITY_NAME":"U PARK 43","DEA_BUSINESS_CONTACT":"KEN JR PHILLIPS","DEA_BUSINESS_PHONE":"2062849797           ","DEA_FACILITY_ADDRESS":"4259 ROOSEVELT WAY NE, SEATTLE, WA 98015","DEA_STALLS":15,"FAC_NAME":"U PARK 43","HRS_MONFRI":null,"HRS_SAT":null,"HRS_SUN":null,"FAC_TYPE":null,"RTE_1HR":null,"RTE_2HR":null,"RTE_3HR":null,"RTE_ALLDAY":null,"DISABLED":null,"OP_NAME":null,"OP_PHONE":null,"OP_PHONE2":null,"OP_WEB":null,"PAYMENT_TYPE":null,"OTHER":"N","WEBNAME":null,"REGIONID":null,"OUTOFSERV":null,"VACANT":null,"STATUS":null,"DATETIME":null,"SE_ANNO_CAD_DATA":"","SIGNID":null,"GlobalID":"27d2779d-682f-4ec4-bc86-19c118bc96e6"}},{"type":"Feature","id":230134,"geometry":{"type":"Point","coordinates":[-122.333683992845,47.5808497310786]},"properties":{"OBJECTID":230134,"BUSLIC_ID":633818,"BUSLIC_LOCATION_ID":667144,"DEA_FACILITY_OWNER":null,"DEA_FACILITY_NAME":"DIAMOND PARKING  420","DEA_BUSINESS_CONTACT":"JONATHAN DIAMOND","DEA_BUSINESS_PHONE":"2062843100           ","DEA_FACILITY_ADDRESS":"2430 1ST AVE S, SEATTLE, WA 98134","DEA_STALLS":36,"FAC_NAME":"DIAMOND PARKING  420","HRS_MONFRI":null,"HRS_SAT":null,"HRS_SUN":null,"FAC_TYPE":null,"RTE_1HR":null,"RTE_2HR":null,"RTE_3HR":null,"RTE_ALLDAY":null,"DISABLED":null,"OP_NAME":null,"OP_PHONE":null,"OP_PHONE2":null,"OP_WEB":null,"PAYMENT_TYPE":null,"OTHER":"N","WEBNAME":null,"REGIONID":null,"OUTOFSERV":null,"VACANT":null,"STATUS":null,"DATETIME":null,"SE_ANNO_CAD_DATA":"","SIGNID":null,"GlobalID":"b12bab23-e969-4ca1-8169-5afda26b5f24"}},{"type":"Feature","id":230135,"geometry":{"type":"Point","coordinates":[-122.335439011047,47.6076874921869]},"properties":{"OBJECTID":230135,"BUSLIC_ID":642473,"BUSLIC_LOCATION_ID":672586,"DEA_FACILITY_OWNER":null,"DEA_FACILITY_NAME":"IMPARK 114","DEA_BUSINESS_CONTACT":"EDWARD DANYLUK","DEA_BUSINESS_PHONE":"2063811789           ","DEA_FACILITY_ADDRESS":"1218 3RD AVE, SEATTLE, WA 98101","DEA_STALLS":53,"FAC_NAME":"IMPARK 114","HRS_MONFRI":null,"HRS_SAT":null,"HRS_SUN":null,"FAC_TYPE":null,"RTE_1HR":null,"RTE_2HR":null,"RTE_3HR":null,"RTE_ALLDAY":null,"DISABLED":null,"OP_NAME":null,"OP_PHONE":null,"OP_PHONE2":null,"OP_WEB":null,"PAYMENT_TYPE":null,"OTHER":"N","WEBNAME":null,"REGIONID":null,"OUTOFSERV":null,"VACANT":null,"STATUS":null,"DATETIME":null,"SE_ANNO_CAD_DATA":"","SIGNID":null,"GlobalID":"203146c9-5c9c-443c-8255-b66a994f3a0c"}},{"type":"Feature","id":230136,"geometry":{"type":"Point","coordinates":[-122.348542560574,47.6142151195445]},"properties":{"OBJECTID":230136,"BUSLIC_ID":574689,"BUSLIC_LOCATION_ID":581999,"DEA_FACILITY_OWNER":null,"DEA_FACILITY_NAME":"DIAMOND PARKING  A921","DEA_BUSINESS_CONTACT":"JONATHAN DIAMOND","DEA_BUSINESS_PHONE":"2062843100           ","DEA_FACILITY_ADDRESS":"2407 1ST AVE, SEATTLE, WA 98121","DEA_STALLS":63,"FAC_NAME":"DIAMOND PARKING  A921","HRS_MONFRI":null,"HRS_SAT":null,"HRS_SUN":null,"FAC_TYPE":null,"RTE_1HR":null,"RTE_2HR":null,"RTE_3HR":null,"RTE_ALLDAY":null,"DISABLED":null,"OP_NAME":null,"OP_PHONE":null,"OP_PHONE2":null,"OP_WEB":null,"PAYMENT_TYPE":null,"OTHER":"N","WEBNAME":null,"REGIONID":null,"OUTOFSERV":null,"VACANT":null,"STATUS":null,"DATETIME":null,"SE_ANNO_CAD_DATA":"","SIGNID":null,"GlobalID":"b68c3321-d052-4818-9385-91c8be286015"}},{"type":"Feature","id":230137,"geometry":{"type":"Point","coordinates":[-122.313338663566,47.6144520739283]},"properties":{"OBJECTID":230137,"BUSLIC_ID":718892,"BUSLIC_LOCATION_ID":728486,"DEA_FACILITY_OWNER":null,"DEA_FACILITY_NAME":"DIAMOND PARKING SERVICES A669 A670","DEA_BUSINESS_CONTACT":"JONATHAN DIAMOND","DEA_BUSINESS_PHONE":"2062843100           ","DEA_FACILITY_ADDRESS":"1420 E MADISON ST, SEATTLE, WA 98122","DEA_STALLS":40,"FAC_NAME":"DIAMOND PARKING SERVICES A669 A670","HRS_MONFRI":null,"HRS_SAT":null,"HRS_SUN":null,"FAC_TYPE":null,"RTE_1HR":null,"RTE_2HR":null,"RTE_3HR":null,"RTE_ALLDAY":null,"DISABLED":null,"OP_NAME":null,"OP_PHONE":null,"OP_PHONE2":null,"OP_WEB":null,"PAYMENT_TYPE":null,"OTHER":"N","WEBNAME":null,"REGIONID":null,"OUTOFSERV":null,"VACANT":null,"STATUS":null,"DATETIME":null,"SE_ANNO_CAD_DATA":"","SIGNID":null,"GlobalID":"a1d162e8-ce1e-4ea1-ab00-704c0930a75e"}},{"type":"Feature","id":230138,"geometry":{"type":"Point","coordinates":[-122.332834003283,47.6138990876241]},"properties":{"OBJECTID":230138,"BUSLIC_ID":669649,"BUSLIC_LOCATION_ID":692663,"DEA_FACILITY_OWNER":null,"DEA_FACILITY_NAME":"WORLDMARK AT THE CAMLIN","DEA_BUSINESS_CONTACT":"ANTHONY GIARRATANA","DEA_BUSINESS_PHONE":"6155642858           ","DEA_FACILITY_ADDRESS":"1619 9TH AVE, SEATTLE, WA 98101-1824","DEA_STALLS":40,"FAC_NAME":"WORLDMARK AT THE CAMLIN","HRS_MONFRI":null,"HRS_SAT":null,"HRS_SUN":null,"FAC_TYPE":null,"RTE_1HR":null,"RTE_2HR":null,"RTE_3HR":null,"RTE_ALLDAY":null,"DISABLED":null,"OP_NAME":null,"OP_PHONE":null,"OP_PHONE2":null,"OP_WEB":null,"PAYMENT_TYPE":null,"OTHER":"N","WEBNAME":null,"REGIONID":null,"OUTOFSERV":null,"VACANT":null,"STATUS":null,"DATETIME":null,"SE_ANNO_CAD_DATA":"","SIGNID":null,"GlobalID":"9a226f5a-3cf5-4c2a-bcd5-35d678c92e48"}},{"type":"Feature","id":230139,"geometry":{"type":"Point","coordinates":[-122.313824812768,47.6149701140275]},"properties":{"OBJECTID":230139,"BUSLIC_ID":574694,"BUSLIC_LOCATION_ID":583622,"DEA_FACILITY_OWNER":null,"DEA_FACILITY_NAME":"DIAMOND PARKING  A936","DEA_BUSINESS_CONTACT":"JONATHAN DIAMOND","DEA_BUSINESS_PHONE":"2069929436           ","DEA_FACILITY_ADDRESS":"1522 14TH AVE, SEATTLE, WA 98122","DEA_STALLS":57,"FAC_NAME":"DIAMOND PARKING  A936","HRS_MONFRI":null,"HRS_SAT":null,"HRS_SUN":null,"FAC_TYPE":null,"RTE_1HR":null,"RTE_2HR":null,"RTE_3HR":null,"RTE_ALLDAY":null,"DISABLED":null,"OP_NAME":null,"OP_PHONE":null,"OP_PHONE2":null,"OP_WEB":null,"PAYMENT_TYPE":null,"OTHER":"N","WEBNAME":null,"REGIONID":null,"OUTOFSERV":null,"VACANT":null,"STATUS":null,"DATETIME":null,"SE_ANNO_CAD_DATA":"","SIGNID":null,"GlobalID":"ff93a573-8c63-4081-9a95-d4d666e3bc9d"}},{"type":"Feature","id":230140,"geometry":{"type":"Point","coordinates":[-122.357085809194,47.6242217347659]},"properties":{"OBJECTID":230140,"BUSLIC_ID":699145,"BUSLIC_LOCATION_ID":713343,"DEA_FACILITY_OWNER":null,"DEA_FACILITY_NAME":"DIAMOND PARKING A642","DEA_BUSINESS_CONTACT":"JONATHAN DIAMOND","DEA_BUSINESS_PHONE":"2062843100           ","DEA_FACILITY_ADDRESS":"11 W MERCER ST, SEATTLE, WA 98119","DEA_STALLS":15,"FAC_NAME":"DIAMOND PARKING A642","HRS_MONFRI":null,"HRS_SAT":null,"HRS_SUN":null,"FAC_TYPE":null,"RTE_1HR":null,"RTE_2HR":null,"RTE_3HR":null,"RTE_ALLDAY":null,"DISABLED":null,"OP_NAME":null,"OP_PHONE":null,"OP_PHONE2":null,"OP_WEB":null,"PAYMENT_TYPE":null,"OTHER":"N","WEBNAME":null,"REGIONID":null,"OUTOFSERV":null,"VACANT":null,"STATUS":null,"DATETIME":null,"SE_ANNO_CAD_DATA":"","SIGNID":null,"GlobalID":"f8367660-20e1-4394-9bb4-63ce3c29b778"}},{"type":"Feature","id":230141,"geometry":{"type":"Point","coordinates":[-122.356375736524,47.6234327952901]},"properties":{"OBJECTID":230141,"BUSLIC_ID":625525,"BUSLIC_LOCATION_ID":661551,"DEA_FACILITY_OWNER":null,"DEA_FACILITY_NAME":"DIAMOND PARKING  A396","DEA_BUSINESS_CONTACT":"JONATHAN DIAMOND","DEA_BUSINESS_PHONE":"2062843100           ","DEA_FACILITY_ADDRESS":"500 QUEEN ANNE AVE N, SEATTLE, WA 98109","DEA_STALLS":13,"FAC_NAME":"DIAMOND PARKING  A396","HRS_MONFRI":null,"HRS_SAT":null,"HRS_SUN":null,"FAC_TYPE":null,"RTE_1HR":null,"RTE_2HR":null,"RTE_3HR":null,"RTE_ALLDAY":null,"DISABLED":null,"OP_NAME":null,"OP_PHONE":null,"OP_PHONE2":null,"OP_WEB":null,"PAYMENT_TYPE":null,"OTHER":"N","WEBNAME":null,"REGIONID":null,"OUTOFSERV":null,"VACANT":null,"STATUS":null,"DATETIME":null,"SE_ANNO_CAD_DATA":"","SIGNID":null,"GlobalID":"d081969a-8150-41bc-994d-9196c92a2167"}},{"type":"Feature","id":230142,"geometry":{"type":"Point","coordinates":[-122.337552214868,47.6240191103157]},"properties":{"OBJECTID":230142,"BUSLIC_ID":599101,"BUSLIC_LOCATION_ID":642662,"DEA_FACILITY_OWNER":null,"DEA_FACILITY_NAME":"AMAZON GARAGE 82170","DEA_BUSINESS_CONTACT":"BILL BEATTIE","DEA_BUSINESS_PHONE":"2066247040           ","DEA_FACILITY_ADDRESS":"535 TERRY AVE N, SEATTLE, WA 98109-4361","DEA_STALLS":152,"FAC_NAME":"AMAZON GARAGE 82170","HRS_MONFRI":null,"HRS_SAT":null,"HRS_SUN":null,"FAC_TYPE":null,"RTE_1HR":null,"RTE_2HR":null,"RTE_3HR":null,"RTE_ALLDAY":null,"DISABLED":null,"OP_NAME":null,"OP_PHONE":null,"OP_PHONE2":null,"OP_WEB":null,"PAYMENT_TYPE":null,"OTHER":"N","WEBNAME":null,"REGIONID":null,"OUTOFSERV":null,"VACANT":null,"STATUS":null,"DATETIME":null,"SE_ANNO_CAD_DATA":"","SIGNID":null,"GlobalID":"7f59211e-73d2-4817-b08c-4810fd63009e"}},{"type":"Feature","id":230143,"geometry":{"type":"Point","coordinates":[-122.327150046464,47.6150739450481]},"properties":{"OBJECTID":230143,"BUSLIC_ID":726615,"BUSLIC_LOCATION_ID":734647,"DEA_FACILITY_OWNER":null,"DEA_FACILITY_NAME":"REPUBLIC PARKING 30 125","DEA_BUSINESS_CONTACT":"GARY BECK","DEA_BUSINESS_PHONE":"2067834144           ","DEA_FACILITY_ADDRESS":"1535 BELLEVUE WAY, SEATTLE, WA 98122","DEA_STALLS":35,"FAC_NAME":"REPUBLIC PARKING 30 125","HRS_MONFRI":null,"HRS_SAT":null,"HRS_SUN":null,"FAC_TYPE":null,"RTE_1HR":null,"RTE_2HR":null,"RTE_3HR":null,"RTE_ALLDAY":null,"DISABLED":null,"OP_NAME":null,"OP_PHONE":null,"OP_PHONE2":null,"OP_WEB":null,"PAYMENT_TYPE":null,"OTHER":"N","WEBNAME":null,"REGIONID":null,"OUTOFSERV":null,"VACANT":null,"STATUS":null,"DATETIME":null,"SE_ANNO_CAD_DATA":"","SIGNID":null,"GlobalID":"b510c314-2fdb-4fd5-b7e3-37a732bb1aab"}},{"type":"Feature","id":230144,"geometry":{"type":"Point","coordinates":[-122.322587634038,47.6107413554414]},"properties":{"OBJECTID":230144,"BUSLIC_ID":535845,"BUSLIC_LOCATION_ID":596046,"DEA_FACILITY_OWNER":null,"DEA_FACILITY_NAME":"FIRST HILL PLAZA GARAGE 41134","DEA_BUSINESS_CONTACT":"BILL BEATTIE","DEA_BUSINESS_PHONE":"2063818552           ","DEA_FACILITY_ADDRESS":"1300 MADISON ST, SEATTLE, WA 98104-1315","DEA_STALLS":72,"FAC_NAME":"FIRST HILL PLAZA GARAGE 41134","HRS_MONFRI":null,"HRS_SAT":null,"HRS_SUN":null,"FAC_TYPE":null,"RTE_1HR":null,"RTE_2HR":null,"RTE_3HR":null,"RTE_ALLDAY":null,"DISABLED":null,"OP_NAME":null,"OP_PHONE":null,"OP_PHONE2":null,"OP_WEB":null,"PAYMENT_TYPE":null,"OTHER":"N","WEBNAME":null,"REGIONID":null,"OUTOFSERV":null,"VACANT":null,"STATUS":null,"DATETIME":null,"SE_ANNO_CAD_DATA":"","SIGNID":null,"GlobalID":"7e8f6c61-9375-4a10-9feb-9e27eff1f7fa"}},{"type":"Feature","id":230145,"geometry":{"type":"Point","coordinates":[-122.323524395987,47.6097181063795]},"properties":{"OBJECTID":230145,"BUSLIC_ID":485065,"BUSLIC_LOCATION_ID":4610,"DEA_FACILITY_OWNER":null,"DEA_FACILITY_NAME":"U PARK 106","DEA_BUSINESS_CONTACT":"KEN JR PHILLIPS","DEA_BUSINESS_PHONE":"2066245353           ","DEA_FACILITY_ADDRESS":"1201 MADISON ST, SEATTLE, WA 98104","DEA_STALLS":35,"FAC_NAME":"U PARK 106","HRS_MONFRI":null,"HRS_SAT":null,"HRS_SUN":null,"FAC_TYPE":null,"RTE_1HR":null,"RTE_2HR":null,"RTE_3HR":null,"RTE_ALLDAY":null,"DISABLED":null,"OP_NAME":null,"OP_PHONE":null,"OP_PHONE2":null,"OP_WEB":null,"PAYMENT_TYPE":null,"OTHER":"N","WEBNAME":null,"REGIONID":null,"OUTOFSERV":null,"VACANT":null,"STATUS":null,"DATETIME":null,"SE_ANNO_CAD_DATA":"","SIGNID":null,"GlobalID":"91bed611-2607-4c8c-ac04-9686f2eaa5b1"}},{"type":"Feature","id":230146,"geometry":{"type":"Point","coordinates":[-122.324252754961,47.6092058782928]},"properties":{"OBJECTID":230146,"BUSLIC_ID":638844,"BUSLIC_LOCATION_ID":670307,"DEA_FACILITY_OWNER":null,"DEA_FACILITY_NAME":" MARION & MINOR GARAGE","DEA_BUSINESS_CONTACT":"ANTHONY GIARRATANA","DEA_BUSINESS_PHONE":"6152382250           ","DEA_FACILITY_ADDRESS":"1101 MADISON ST, SEATTLE, WA 98104-1306","DEA_STALLS":1025,"FAC_NAME":" MARION & MINOR GARAGE","HRS_MONFRI":null,"HRS_SAT":null,"HRS_SUN":null,"FAC_TYPE":null,"RTE_1HR":null,"RTE_2HR":null,"RTE_3HR":null,"RTE_ALLDAY":null,"DISABLED":null,"OP_NAME":null,"OP_PHONE":null,"OP_PHONE2":null,"OP_WEB":null,"PAYMENT_TYPE":null,"OTHER":"N","WEBNAME":null,"REGIONID":null,"OUTOFSERV":null,"VACANT":null,"STATUS":null,"DATETIME":null,"SE_ANNO_CAD_DATA":"","SIGNID":null,"GlobalID":"71051b69-85b7-4db8-97ae-6c23fa930bbf"}},{"type":"Feature","id":230147,"geometry":{"type":"Point","coordinates":[-122.329880718782,47.6050073740255]},"properties":{"OBJECTID":230147,"BUSLIC_ID":560693,"BUSLIC_LOCATION_ID":614872,"DEA_FACILITY_OWNER":null,"DEA_FACILITY_NAME":"IMPARK  65","DEA_BUSINESS_CONTACT":"EDWARD DANYLUK","DEA_BUSINESS_PHONE":"2063811789           ","DEA_FACILITY_ADDRESS":"700 5TH AVE, SEATTLE, WA 98104","DEA_STALLS":589,"FAC_NAME":"IMPARK  65","HRS_MONFRI":null,"HRS_SAT":null,"HRS_SUN":null,"FAC_TYPE":null,"RTE_1HR":null,"RTE_2HR":null,"RTE_3HR":null,"RTE_ALLDAY":null,"DISABLED":null,"OP_NAME":null,"OP_PHONE":null,"OP_PHONE2":null,"OP_WEB":null,"PAYMENT_TYPE":null,"OTHER":"N","WEBNAME":null,"REGIONID":null,"OUTOFSERV":null,"VACANT":null,"STATUS":null,"DATETIME":null,"SE_ANNO_CAD_DATA":"","SIGNID":null,"GlobalID":"b55722b5-3f3c-42b4-8c7b-0f622adeebe6"}},{"type":"Feature","id":230148,"geometry":{"type":"Point","coordinates":[-122.321811417703,47.620531976985]},"properties":{"OBJECTID":230148,"BUSLIC_ID":677759,"BUSLIC_LOCATION_ID":593917,"DEA_FACILITY_OWNER":null,"DEA_FACILITY_NAME":"DIAMOND  PARKING  A496","DEA_BUSINESS_CONTACT":"JONATHAN DIAMOND","DEA_BUSINESS_PHONE":"2062843100           ","DEA_FACILITY_ADDRESS":"218 HARVARD AVE E, SEATTLE, WA 98102","DEA_STALLS":22,"FAC_NAME":"DIAMOND  PARKING  A496","HRS_MONFRI":null,"HRS_SAT":null,"HRS_SUN":null,"FAC_TYPE":null,"RTE_1HR":null,"RTE_2HR":null,"RTE_3HR":null,"RTE_ALLDAY":null,"DISABLED":null,"OP_NAME":null,"OP_PHONE":null,"OP_PHONE2":null,"OP_WEB":null,"PAYMENT_TYPE":null,"OTHER":"N","WEBNAME":null,"REGIONID":null,"OUTOFSERV":null,"VACANT":null,"STATUS":null,"DATETIME":null,"SE_ANNO_CAD_DATA":"","SIGNID":null,"GlobalID":"10e2dd68-bae3-482f-9909-0ca3a43e3a7a"}},{"type":"Feature","id":230149,"geometry":{"type":"Point","coordinates":[-122.33418108564,47.6136101265421]},"properties":{"OBJECTID":230149,"BUSLIC_ID":720677,"BUSLIC_LOCATION_ID":729935,"DEA_FACILITY_OWNER":null,"DEA_FACILITY_NAME":"81762 HYATT OLIVE 8","DEA_BUSINESS_CONTACT":"BILL BEATTIE","DEA_BUSINESS_PHONE":"2063818552           ","DEA_FACILITY_ADDRESS":"1635 8TH AVE, SEATTLE, WA 98101","DEA_STALLS":100,"FAC_NAME":"81762 HYATT OLIVE 8","HRS_MONFRI":null,"HRS_SAT":null,"HRS_SUN":null,"FAC_TYPE":null,"RTE_1HR":null,"RTE_2HR":null,"RTE_3HR":null,"RTE_ALLDAY":null,"DISABLED":null,"OP_NAME":null,"OP_PHONE":null,"OP_PHONE2":null,"OP_WEB":null,"PAYMENT_TYPE":null,"OTHER":"N","WEBNAME":null,"REGIONID":null,"OUTOFSERV":null,"VACANT":null,"STATUS":null,"DATETIME":null,"SE_ANNO_CAD_DATA":"","SIGNID":null,"GlobalID":"e05bc256-839e-4c69-b965-4867c57ff3bb"}},{"type":"Feature","id":230150,"geometry":{"type":"Point","coordinates":[-122.337171640146,47.611924151374]},"properties":{"OBJECTID":230150,"BUSLIC_ID":618881,"BUSLIC_LOCATION_ID":656512,"DEA_FACILITY_OWNER":null,"DEA_FACILITY_NAME":"REPUBLIC PARKING 590 WESTLAKE CENTER","DEA_BUSINESS_CONTACT":"GARY BECK","DEA_BUSINESS_PHONE":"2067834144           ","DEA_FACILITY_ADDRESS":"1601 5TH AVE, SEATTLE, WA 98101","DEA_STALLS":256,"FAC_NAME":"REPUBLIC PARKING 590 WESTLAKE CENTER","HRS_MONFRI":null,"HRS_SAT":null,"HRS_SUN":null,"FAC_TYPE":null,"RTE_1HR":null,"RTE_2HR":null,"RTE_3HR":null,"RTE_ALLDAY":null,"DISABLED":null,"OP_NAME":null,"OP_PHONE":null,"OP_PHONE2":null,"OP_WEB":null,"PAYMENT_TYPE":null,"OTHER":"N","WEBNAME":null,"REGIONID":null,"OUTOFSERV":null,"VACANT":null,"STATUS":null,"DATETIME":null,"SE_ANNO_CAD_DATA":"","SIGNID":null,"GlobalID":"c04d8fc8-d569-48d3-865e-9ea7c3881b8f"}},{"type":"Feature","id":230151,"geometry":{"type":"Point","coordinates":[-122.330398530138,47.6298465806225]},"properties":{"OBJECTID":230151,"BUSLIC_ID":593715,"BUSLIC_LOCATION_ID":638926,"DEA_FACILITY_OWNER":null,"DEA_FACILITY_NAME":"DIAMOND PARKING  A048","DEA_BUSINESS_CONTACT":"JONATHAN DIAMOND","DEA_BUSINESS_PHONE":"2062843100           ","DEA_FACILITY_ADDRESS":"1111 FAIRVIEW AVE N, SEATTLE, WA 98109","DEA_STALLS":66,"FAC_NAME":"DIAMOND PARKING  A048","HRS_MONFRI":null,"HRS_SAT":null,"HRS_SUN":null,"FAC_TYPE":null,"RTE_1HR":null,"RTE_2HR":null,"RTE_3HR":null,"RTE_ALLDAY":null,"DISABLED":null,"OP_NAME":null,"OP_PHONE":null,"OP_PHONE2":null,"OP_WEB":null,"PAYMENT_TYPE":null,"OTHER":"N","WEBNAME":null,"REGIONID":null,"OUTOFSERV":null,"VACANT":null,"STATUS":null,"DATETIME":null,"SE_ANNO_CAD_DATA":"","SIGNID":null,"GlobalID":"f82d3182-ac06-4041-9d74-5b6eaed9b1d1"}},{"type":"Feature","id":230152,"geometry":{"type":"Point","coordinates":[-122.385129342562,47.6697434611366]},"properties":{"OBJECTID":230152,"BUSLIC_ID":703525,"BUSLIC_LOCATION_ID":716441,"DEA_FACILITY_OWNER":null,"DEA_FACILITY_NAME":"BALLARD COMMONS","DEA_BUSINESS_CONTACT":"ANTHONY GIARRATANA","DEA_BUSINESS_PHONE":"6155642858           ","DEA_FACILITY_ADDRESS":"5601 22ND AVE NW, SEATTLE, WA 98107-3119","DEA_STALLS":0,"FAC_NAME":"BALLARD COMMONS","HRS_MONFRI":null,"HRS_SAT":null,"HRS_SUN":null,"FAC_TYPE":null,"RTE_1HR":null,"RTE_2HR":null,"RTE_3HR":null,"RTE_ALLDAY":null,"DISABLED":null,"OP_NAME":null,"OP_PHONE":null,"OP_PHONE2":null,"OP_WEB":null,"PAYMENT_TYPE":null,"OTHER":"N","WEBNAME":null,"REGIONID":null,"OUTOFSERV":null,"VACANT":null,"STATUS":null,"DATETIME":null,"SE_ANNO_CAD_DATA":"","SIGNID":null,"GlobalID":"5353abff-cc7a-44df-9220-593e4efa4679"}},{"type":"Feature","id":230153,"geometry":{"type":"Point","coordinates":[-122.319204249122,47.6609682792252]},"properties":{"OBJECTID":230153,"BUSLIC_ID":631003,"BUSLIC_LOCATION_ID":665262,"DEA_FACILITY_OWNER":null,"DEA_FACILITY_NAME":"DIAMOND PARKING  WU64","DEA_BUSINESS_CONTACT":"JONATHAN DIAMOND","DEA_BUSINESS_PHONE":"2062843100           ","DEA_FACILITY_ADDRESS":"809 NE 45TH ST, SEATTLE, WA 98105","DEA_STALLS":100,"FAC_NAME":"DIAMOND PARKING  WU64","HRS_MONFRI":null,"HRS_SAT":null,"HRS_SUN":null,"FAC_TYPE":null,"RTE_1HR":null,"RTE_2HR":null,"RTE_3HR":null,"RTE_ALLDAY":null,"DISABLED":null,"OP_NAME":null,"OP_PHONE":null,"OP_PHONE2":null,"OP_WEB":null,"PAYMENT_TYPE":null,"OTHER":"N","WEBNAME":null,"REGIONID":null,"OUTOFSERV":null,"VACANT":null,"STATUS":null,"DATETIME":null,"SE_ANNO_CAD_DATA":"","SIGNID":null,"GlobalID":"8bc21286-045a-4a4d-a5a7-32ced1bc0f10"}},{"type":"Feature","id":230154,"geometry":{"type":"Point","coordinates":[-122.379934831689,47.6688954782017]},"properties":{"OBJECTID":230154,"BUSLIC_ID":706805,"BUSLIC_LOCATION_ID":718789,"DEA_FACILITY_OWNER":null,"DEA_FACILITY_NAME":"DIAMOND PARKING  A654","DEA_BUSINESS_CONTACT":"JONATHAN DIAMOND","DEA_BUSINESS_PHONE":"2062843100           ","DEA_FACILITY_ADDRESS":"1722 NW MARKET ST, SEATTLE, WA 98107","DEA_STALLS":18,"FAC_NAME":"DIAMOND PARKING  A654","HRS_MONFRI":null,"HRS_SAT":null,"HRS_SUN":null,"FAC_TYPE":null,"RTE_1HR":null,"RTE_2HR":null,"RTE_3HR":null,"RTE_ALLDAY":null,"DISABLED":null,"OP_NAME":null,"OP_PHONE":null,"OP_PHONE2":null,"OP_WEB":null,"PAYMENT_TYPE":null,"OTHER":"N","WEBNAME":null,"REGIONID":null,"OUTOFSERV":null,"VACANT":null,"STATUS":null,"DATETIME":null,"SE_ANNO_CAD_DATA":"","SIGNID":null,"GlobalID":"ee3f114f-a5f9-41d0-be78-8a6532e89c34"}},{"type":"Feature","id":230155,"geometry":{"type":"Point","coordinates":[-122.352627349223,47.6142929586945]},"properties":{"OBJECTID":230155,"BUSLIC_ID":725037,"BUSLIC_LOCATION_ID":733392,"DEA_FACILITY_OWNER":null,"DEA_FACILITY_NAME":"IMPARK 161","DEA_BUSINESS_CONTACT":"EDWARD DANYLUK","DEA_BUSINESS_PHONE":"2063811789           ","DEA_FACILITY_ADDRESS":"2601 ELLIOTT AVE, SEATTLE, WA 98121","DEA_STALLS":592,"FAC_NAME":"IMPARK 161","HRS_MONFRI":null,"HRS_SAT":null,"HRS_SUN":null,"FAC_TYPE":null,"RTE_1HR":null,"RTE_2HR":null,"RTE_3HR":null,"RTE_ALLDAY":null,"DISABLED":null,"OP_NAME":null,"OP_PHONE":null,"OP_PHONE2":null,"OP_WEB":null,"PAYMENT_TYPE":null,"OTHER":"N","WEBNAME":null,"REGIONID":null,"OUTOFSERV":null,"VACANT":null,"STATUS":null,"DATETIME":null,"SE_ANNO_CAD_DATA":"","SIGNID":null,"GlobalID":"54e7dc87-19b8-4c76-90f8-37bcf7ce58e7"}},{"type":"Feature","id":230156,"geometry":{"type":"Point","coordinates":[-122.340978437429,47.6128410667757]},"properties":{"OBJECTID":230156,"BUSLIC_ID":504209,"BUSLIC_LOCATION_ID":4529,"DEA_FACILITY_OWNER":null,"DEA_FACILITY_NAME":"U PARK 24","DEA_BUSINESS_CONTACT":"KEN JR PHILLIPS","DEA_BUSINESS_PHONE":"2062849797           ","DEA_FACILITY_ADDRESS":"2010 3RD AVE, SEATTLE, WA 98121","DEA_STALLS":44,"FAC_NAME":"U PARK 24","HRS_MONFRI":null,"HRS_SAT":null,"HRS_SUN":null,"FAC_TYPE":null,"RTE_1HR":null,"RTE_2HR":null,"RTE_3HR":null,"RTE_ALLDAY":null,"DISABLED":null,"OP_NAME":null,"OP_PHONE":null,"OP_PHONE2":null,"OP_WEB":null,"PAYMENT_TYPE":null,"OTHER":"N","WEBNAME":null,"REGIONID":null,"OUTOFSERV":null,"VACANT":null,"STATUS":null,"DATETIME":null,"SE_ANNO_CAD_DATA":"","SIGNID":null,"GlobalID":"d97c99b2-f772-40cc-9c39-f7c8819b5e2c"}},{"type":"Feature","id":230157,"geometry":{"type":"Point","coordinates":[-122.341648398395,47.6120321620207]},"properties":{"OBJECTID":230157,"BUSLIC_ID":701915,"BUSLIC_LOCATION_ID":715228,"DEA_FACILITY_OWNER":null,"DEA_FACILITY_NAME":"LAZ PARKING","DEA_BUSINESS_CONTACT":"ALAN LAZOWSKI","DEA_BUSINESS_PHONE":"8605227641           ","DEA_FACILITY_ADDRESS":"2000 2ND AVE, SEATTLE, WA 98121-2234","DEA_STALLS":0,"FAC_NAME":"LAZ PARKING","HRS_MONFRI":null,"HRS_SAT":null,"HRS_SUN":null,"FAC_TYPE":null,"RTE_1HR":null,"RTE_2HR":null,"RTE_3HR":null,"RTE_ALLDAY":null,"DISABLED":null,"OP_NAME":null,"OP_PHONE":null,"OP_PHONE2":null,"OP_WEB":null,"PAYMENT_TYPE":null,"OTHER":"N","WEBNAME":null,"REGIONID":null,"OUTOFSERV":null,"VACANT":null,"STATUS":null,"DATETIME":null,"SE_ANNO_CAD_DATA":"","SIGNID":null,"GlobalID":"e7dfa5c7-733f-4669-941f-a7945a714933"}},{"type":"Feature","id":230158,"geometry":{"type":"Point","coordinates":[-122.357561523376,47.6238983183352]},"properties":{"OBJECTID":230158,"BUSLIC_ID":574734,"BUSLIC_LOCATION_ID":573814,"DEA_FACILITY_OWNER":null,"DEA_FACILITY_NAME":"DIAMOND PARKING  A844","DEA_BUSINESS_CONTACT":"JONATHAN DIAMOND","DEA_BUSINESS_PHONE":"2062846303           ","DEA_FACILITY_ADDRESS":"516 1ST AVE W, SEATTLE, WA 98119","DEA_STALLS":13,"FAC_NAME":"DIAMOND PARKING  A844","HRS_MONFRI":null,"HRS_SAT":null,"HRS_SUN":null,"FAC_TYPE":null,"RTE_1HR":null,"RTE_2HR":null,"RTE_3HR":null,"RTE_ALLDAY":null,"DISABLED":null,"OP_NAME":null,"OP_PHONE":null,"OP_PHONE2":null,"OP_WEB":null,"PAYMENT_TYPE":null,"OTHER":"N","WEBNAME":null,"REGIONID":null,"OUTOFSERV":null,"VACANT":null,"STATUS":null,"DATETIME":null,"SE_ANNO_CAD_DATA":"","SIGNID":null,"GlobalID":"d6e435f9-d5b0-4475-b9d8-f39a8f0c15c8"}},{"type":"Feature","id":230159,"geometry":{"type":"Point","coordinates":[-122.313927105939,47.661600650764]},"properties":{"OBJECTID":230159,"BUSLIC_ID":574597,"BUSLIC_LOCATION_ID":625132,"DEA_FACILITY_OWNER":null,"DEA_FACILITY_NAME":"DIAMOND PARKING  WU50","DEA_BUSINESS_CONTACT":"JONATHAN DIAMOND","DEA_BUSINESS_PHONE":"2062843100           ","DEA_FACILITY_ADDRESS":"1300 NE 45TH ST, SEATTLE, WA 98105","DEA_STALLS":51,"FAC_NAME":"DIAMOND PARKING  WU50","HRS_MONFRI":null,"HRS_SAT":null,"HRS_SUN":null,"FAC_TYPE":null,"RTE_1HR":null,"RTE_2HR":null,"RTE_3HR":null,"RTE_ALLDAY":null,"DISABLED":null,"OP_NAME":null,"OP_PHONE":null,"OP_PHONE2":null,"OP_WEB":null,"PAYMENT_TYPE":null,"OTHER":"N","WEBNAME":null,"REGIONID":null,"OUTOFSERV":null,"VACANT":null,"STATUS":null,"DATETIME":null,"SE_ANNO_CAD_DATA":"","SIGNID":null,"GlobalID":"02e11067-0d1e-4abd-8c62-a7d2a9513024"}},{"type":"Feature","id":230160,"geometry":{"type":"Point","coordinates":[-122.313861446821,47.6624126631384]},"properties":{"OBJECTID":230160,"BUSLIC_ID":57570,"BUSLIC_LOCATION_ID":52864,"DEA_FACILITY_OWNER":null,"DEA_FACILITY_NAME":"U DISTRICT PARKING 10","DEA_BUSINESS_CONTACT":null,"DEA_BUSINESS_PHONE":"2065277006           ","DEA_FACILITY_ADDRESS":"4526 BROOKLYN AVE NE, SEATTLE, WA 98105","DEA_STALLS":72,"FAC_NAME":"U DISTRICT PARKING 10","HRS_MONFRI":null,"HRS_SAT":null,"HRS_SUN":null,"FAC_TYPE":null,"RTE_1HR":null,"RTE_2HR":null,"RTE_3HR":null,"RTE_ALLDAY":null,"DISABLED":null,"OP_NAME":null,"OP_PHONE":null,"OP_PHONE2":null,"OP_WEB":null,"PAYMENT_TYPE":null,"OTHER":"N","WEBNAME":null,"REGIONID":null,"OUTOFSERV":null,"VACANT":null,"STATUS":null,"DATETIME":null,"SE_ANNO_CAD_DATA":"","SIGNID":null,"GlobalID":"5889ff52-eec1-4f4d-bc75-873408143cb6"}},{"type":"Feature","id":230161,"geometry":{"type":"Point","coordinates":[-122.336738836813,47.6061372824856]},"properties":{"OBJECTID":230161,"BUSLIC_ID":712650,"BUSLIC_LOCATION_ID":723329,"DEA_FACILITY_OWNER":null,"DEA_FACILITY_NAME":"IMPARK  155","DEA_BUSINESS_CONTACT":"EDWARD DANYLUK","DEA_BUSINESS_PHONE":"2063811789           ","DEA_FACILITY_ADDRESS":"1191 2ND AVE, SEATTLE, WA 98101","DEA_STALLS":310,"FAC_NAME":"IMPARK  155","HRS_MONFRI":null,"HRS_SAT":null,"HRS_SUN":null,"FAC_TYPE":null,"RTE_1HR":null,"RTE_2HR":null,"RTE_3HR":null,"RTE_ALLDAY":null,"DISABLED":null,"OP_NAME":null,"OP_PHONE":null,"OP_PHONE2":null,"OP_WEB":null,"PAYMENT_TYPE":null,"OTHER":"N","WEBNAME":null,"REGIONID":null,"OUTOFSERV":null,"VACANT":null,"STATUS":null,"DATETIME":null,"SE_ANNO_CAD_DATA":"","SIGNID":null,"GlobalID":"e6e1b83a-0366-4d7d-9348-12074bf98b01"}},{"type":"Feature","id":230162,"geometry":{"type":"Point","coordinates":[-122.336643815811,47.6058129240851]},"properties":{"OBJECTID":230162,"BUSLIC_ID":712649,"BUSLIC_LOCATION_ID":723326,"DEA_FACILITY_OWNER":null,"DEA_FACILITY_NAME":"IMPARK  156","DEA_BUSINESS_CONTACT":"EDWARD DANYLUK","DEA_BUSINESS_PHONE":"2063811789           ","DEA_FACILITY_ADDRESS":"1101 2ND AVE, SEATTLE, WA 98101","DEA_STALLS":121,"FAC_NAME":"IMPARK  156","HRS_MONFRI":null,"HRS_SAT":null,"HRS_SUN":null,"FAC_TYPE":null,"RTE_1HR":null,"RTE_2HR":null,"RTE_3HR":null,"RTE_ALLDAY":null,"DISABLED":null,"OP_NAME":null,"OP_PHONE":null,"OP_PHONE2":null,"OP_WEB":null,"PAYMENT_TYPE":null,"OTHER":"N","WEBNAME":null,"REGIONID":null,"OUTOFSERV":null,"VACANT":null,"STATUS":null,"DATETIME":null,"SE_ANNO_CAD_DATA":"","SIGNID":null,"GlobalID":"6c8537ae-3d9f-473e-972e-a2902a8f3710"}},{"type":"Feature","id":230163,"geometry":{"type":"Point","coordinates":[-122.313149163196,47.615060734161]},"properties":{"OBJECTID":230163,"BUSLIC_ID":648225,"BUSLIC_LOCATION_ID":677040,"DEA_FACILITY_OWNER":null,"DEA_FACILITY_NAME":"UNITED PARKING LOT 4596","DEA_BUSINESS_CONTACT":"JONATHAN DIAMOND","DEA_BUSINESS_PHONE":"2062843100           ","DEA_FACILITY_ADDRESS":"1527 15TH AVE, SEATTLE, WA 98112","DEA_STALLS":12,"FAC_NAME":"UNITED PARKING LOT 4596","HRS_MONFRI":null,"HRS_SAT":null,"HRS_SUN":null,"FAC_TYPE":null,"RTE_1HR":null,"RTE_2HR":null,"RTE_3HR":null,"RTE_ALLDAY":null,"DISABLED":null,"OP_NAME":null,"OP_PHONE":null,"OP_PHONE2":null,"OP_WEB":null,"PAYMENT_TYPE":null,"OTHER":"N","WEBNAME":null,"REGIONID":null,"OUTOFSERV":null,"VACANT":null,"STATUS":null,"DATETIME":null,"SE_ANNO_CAD_DATA":"","SIGNID":null,"GlobalID":"da715e72-cddf-4b15-a2d0-a1d98d9307de"}},{"type":"Feature","id":230164,"geometry":{"type":"Point","coordinates":[-122.336195359929,47.6133965287349]},"properties":{"OBJECTID":230164,"BUSLIC_ID":548231,"BUSLIC_LOCATION_ID":605780,"DEA_FACILITY_OWNER":null,"DEA_FACILITY_NAME":"IMPARK  58","DEA_BUSINESS_CONTACT":"EDWARD DANYLUK","DEA_BUSINESS_PHONE":"2063811789           ","DEA_FACILITY_ADDRESS":"600 OLIVE WAY, SEATTLE, WA 98101","DEA_STALLS":233,"FAC_NAME":"IMPARK  58","HRS_MONFRI":null,"HRS_SAT":null,"HRS_SUN":null,"FAC_TYPE":null,"RTE_1HR":null,"RTE_2HR":null,"RTE_3HR":null,"RTE_ALLDAY":null,"DISABLED":null,"OP_NAME":null,"OP_PHONE":null,"OP_PHONE2":null,"OP_WEB":null,"PAYMENT_TYPE":null,"OTHER":"N","WEBNAME":null,"REGIONID":null,"OUTOFSERV":null,"VACANT":null,"STATUS":null,"DATETIME":null,"SE_ANNO_CAD_DATA":"","SIGNID":null,"GlobalID":"e7b2023f-271a-4a7c-a313-4ee517b32738"}},{"type":"Feature","id":230165,"geometry":{"type":"Point","coordinates":[-122.328724082966,47.6043902484739]},"properties":{"OBJECTID":230165,"BUSLIC_ID":560695,"BUSLIC_LOCATION_ID":614874,"DEA_FACILITY_OWNER":null,"DEA_FACILITY_NAME":"IMPARK  66","DEA_BUSINESS_CONTACT":"EDWARD DANYLUK","DEA_BUSINESS_PHONE":"2063811789           ","DEA_FACILITY_ADDRESS":"609 6TH AVE, SEATTLE, WA 98104","DEA_STALLS":490,"FAC_NAME":"IMPARK  66","HRS_MONFRI":null,"HRS_SAT":null,"HRS_SUN":null,"FAC_TYPE":null,"RTE_1HR":null,"RTE_2HR":null,"RTE_3HR":null,"RTE_ALLDAY":null,"DISABLED":null,"OP_NAME":null,"OP_PHONE":null,"OP_PHONE2":null,"OP_WEB":null,"PAYMENT_TYPE":null,"OTHER":"N","WEBNAME":null,"REGIONID":null,"OUTOFSERV":null,"VACANT":null,"STATUS":null,"DATETIME":null,"SE_ANNO_CAD_DATA":"","SIGNID":null,"GlobalID":"ca7df91e-94a9-42ee-a33b-3326e79c43dc"}},{"type":"Feature","id":230166,"geometry":{"type":"Point","coordinates":[-122.328724082966,47.6043902484739]},"properties":{"OBJECTID":230166,"BUSLIC_ID":470316,"BUSLIC_LOCATION_ID":531661,"DEA_FACILITY_OWNER":null,"DEA_FACILITY_NAME":"SEAPARK AUTO PARKING GARAGE REVENUE","DEA_BUSINESS_CONTACT":null,"DEA_BUSINESS_PHONE":"2063864038           ","DEA_FACILITY_ADDRESS":"609 6TH AVE, SEATTLE, WA 98104","DEA_STALLS":0,"FAC_NAME":"SEAPARK AUTO PARKING GARAGE REVENUE","HRS_MONFRI":null,"HRS_SAT":null,"HRS_SUN":null,"FAC_TYPE":null,"RTE_1HR":null,"RTE_2HR":null,"RTE_3HR":null,"RTE_ALLDAY":null,"DISABLED":null,"OP_NAME":null,"OP_PHONE":null,"OP_PHONE2":null,"OP_WEB":null,"PAYMENT_TYPE":null,"OTHER":"N","WEBNAME":null,"REGIONID":null,"OUTOFSERV":null,"VACANT":null,"STATUS":null,"DATETIME":null,"SE_ANNO_CAD_DATA":"","SIGNID":null,"GlobalID":"d3cd6fb2-4f5e-44df-bacf-689b4d5c6e56"}},{"type":"Feature","id":230167,"geometry":{"type":"Point","coordinates":[-122.328724082966,47.6043902484739]},"properties":{"OBJECTID":230167,"BUSLIC_ID":470316,"BUSLIC_LOCATION_ID":531661,"DEA_FACILITY_OWNER":null,"DEA_FACILITY_NAME":"SEAPARK AUTO PARKING GARAGE REVENUE","DEA_BUSINESS_CONTACT":null,"DEA_BUSINESS_PHONE":"6192336624           ","DEA_FACILITY_ADDRESS":"609 6TH AVE, SEATTLE, WA 98104","DEA_STALLS":0,"FAC_NAME":"SEAPARK AUTO PARKING GARAGE REVENUE","HRS_MONFRI":null,"HRS_SAT":null,"HRS_SUN":null,"FAC_TYPE":null,"RTE_1HR":null,"RTE_2HR":null,"RTE_3HR":null,"RTE_ALLDAY":null,"DISABLED":null,"OP_NAME":null,"OP_PHONE":null,"OP_PHONE2":null,"OP_WEB":null,"PAYMENT_TYPE":null,"OTHER":"N","WEBNAME":null,"REGIONID":null,"OUTOFSERV":null,"VACANT":null,"STATUS":null,"DATETIME":null,"SE_ANNO_CAD_DATA":"","SIGNID":null,"GlobalID":"d1dc21c5-8298-4247-89e5-af3dc44cf599"}},{"type":"Feature","id":230168,"geometry":{"type":"Point","coordinates":[-122.343275276719,47.6146286130552]},"properties":{"OBJECTID":230168,"BUSLIC_ID":603313,"BUSLIC_LOCATION_ID":645726,"DEA_FACILITY_OWNER":null,"DEA_FACILITY_NAME":"DIAMOND PARKING  A009","DEA_BUSINESS_CONTACT":"JONATHAN DIAMOND","DEA_BUSINESS_PHONE":"2062846303           ","DEA_FACILITY_ADDRESS":"2201 4TH AVE, SEATTLE, WA 98121","DEA_STALLS":146,"FAC_NAME":"DIAMOND PARKING  A009","HRS_MONFRI":null,"HRS_SAT":null,"HRS_SUN":null,"FAC_TYPE":null,"RTE_1HR":null,"RTE_2HR":null,"RTE_3HR":null,"RTE_ALLDAY":null,"DISABLED":null,"OP_NAME":null,"OP_PHONE":null,"OP_PHONE2":null,"OP_WEB":null,"PAYMENT_TYPE":null,"OTHER":"N","WEBNAME":null,"REGIONID":null,"OUTOFSERV":null,"VACANT":null,"STATUS":null,"DATETIME":null,"SE_ANNO_CAD_DATA":"","SIGNID":null,"GlobalID":"fc1ed700-df8e-44ff-819e-09cda48637fb"}},{"type":"Feature","id":230169,"geometry":{"type":"Point","coordinates":[-122.33531301965,47.6128922511664]},"properties":{"OBJECTID":230169,"BUSLIC_ID":720315,"BUSLIC_LOCATION_ID":729619,"DEA_FACILITY_OWNER":null,"DEA_FACILITY_NAME":"LAZ PARKING PACIFIC PLACE","DEA_BUSINESS_CONTACT":"ALAN LAZOWSKI","DEA_BUSINESS_PHONE":"8605227641           ","DEA_FACILITY_ADDRESS":"600 PINE ST, SEATTLE, WA 98101-3700","DEA_STALLS":1210,"FAC_NAME":"LAZ PARKING PACIFIC PLACE","HRS_MONFRI":null,"HRS_SAT":null,"HRS_SUN":null,"FAC_TYPE":null,"RTE_1HR":null,"RTE_2HR":null,"RTE_3HR":null,"RTE_ALLDAY":null,"DISABLED":null,"OP_NAME":null,"OP_PHONE":null,"OP_PHONE2":null,"OP_WEB":null,"PAYMENT_TYPE":null,"OTHER":"N","WEBNAME":null,"REGIONID":null,"OUTOFSERV":null,"VACANT":null,"STATUS":null,"DATETIME":null,"SE_ANNO_CAD_DATA":"","SIGNID":null,"GlobalID":"bd046336-de4e-47a5-a0fb-91b03323d9ec"}},{"type":"Feature","id":230170,"geometry":{"type":"Point","coordinates":[-122.33531301965,47.6128922511664]},"properties":{"OBJECTID":230170,"BUSLIC_ID":703924,"BUSLIC_LOCATION_ID":716742,"DEA_FACILITY_OWNER":null,"DEA_FACILITY_NAME":"MPH PP GARAGE LLC","DEA_BUSINESS_CONTACT":"MPH PP GARAGE LP","DEA_BUSINESS_PHONE":"2027413857           ","DEA_FACILITY_ADDRESS":"600 PINE ST # 228, SEATTLE, WA 98101-3705","DEA_STALLS":0,"FAC_NAME":"MPH PP GARAGE LLC","HRS_MONFRI":null,"HRS_SAT":null,"HRS_SUN":null,"FAC_TYPE":null,"RTE_1HR":null,"RTE_2HR":null,"RTE_3HR":null,"RTE_ALLDAY":null,"DISABLED":null,"OP_NAME":null,"OP_PHONE":null,"OP_PHONE2":null,"OP_WEB":null,"PAYMENT_TYPE":null,"OTHER":"N","WEBNAME":null,"REGIONID":null,"OUTOFSERV":null,"VACANT":null,"STATUS":null,"DATETIME":null,"SE_ANNO_CAD_DATA":"","SIGNID":null,"GlobalID":"710b7fd4-1224-449d-bd91-711b6f92fb41"}},{"type":"Feature","id":230171,"geometry":{"type":"Point","coordinates":[-122.320610885573,47.6249448987047]},"properties":{"OBJECTID":230171,"BUSLIC_ID":574558,"BUSLIC_LOCATION_ID":620708,"DEA_FACILITY_OWNER":null,"DEA_FACILITY_NAME":"DIAMOND PARKING  A110","DEA_BUSINESS_CONTACT":"JONATHAN DIAMOND","DEA_BUSINESS_PHONE":"2062843100           ","DEA_FACILITY_ADDRESS":"622 BROADWAY E, SEATTLE, WA 98102","DEA_STALLS":25,"FAC_NAME":"DIAMOND PARKING  A110","HRS_MONFRI":null,"HRS_SAT":null,"HRS_SUN":null,"FAC_TYPE":null,"RTE_1HR":null,"RTE_2HR":null,"RTE_3HR":null,"RTE_ALLDAY":null,"DISABLED":null,"OP_NAME":null,"OP_PHONE":null,"OP_PHONE2":null,"OP_WEB":null,"PAYMENT_TYPE":null,"OTHER":"N","WEBNAME":null,"REGIONID":null,"OUTOFSERV":null,"VACANT":null,"STATUS":null,"DATETIME":null,"SE_ANNO_CAD_DATA":"","SIGNID":null,"GlobalID":"c4ba3198-652c-4f79-89f1-188d6d3e2798"}},{"type":"Feature","id":230172,"geometry":{"type":"Point","coordinates":[-122.320610885573,47.6249448987047]},"properties":{"OBJECTID":230172,"BUSLIC_ID":603332,"BUSLIC_LOCATION_ID":645735,"DEA_FACILITY_OWNER":null,"DEA_FACILITY_NAME":"DIAMOND PARKING  A314","DEA_BUSINESS_CONTACT":"JONATHAN DIAMOND","DEA_BUSINESS_PHONE":"2062846303           ","DEA_FACILITY_ADDRESS":"622 BROADWAY E, SEATTLE, WA 98102","DEA_STALLS":18,"FAC_NAME":"DIAMOND PARKING  A314","HRS_MONFRI":null,"HRS_SAT":null,"HRS_SUN":null,"FAC_TYPE":null,"RTE_1HR":null,"RTE_2HR":null,"RTE_3HR":null,"RTE_ALLDAY":null,"DISABLED":null,"OP_NAME":null,"OP_PHONE":null,"OP_PHONE2":null,"OP_WEB":null,"PAYMENT_TYPE":null,"OTHER":"N","WEBNAME":null,"REGIONID":null,"OUTOFSERV":null,"VACANT":null,"STATUS":null,"DATETIME":null,"SE_ANNO_CAD_DATA":"","SIGNID":null,"GlobalID":"3e20161d-cf86-4d25-a29f-12c754909e3f"}},{"type":"Feature","id":230173,"geometry":{"type":"Point","coordinates":[-122.330597373276,47.6176954148641]},"properties":{"OBJECTID":230173,"BUSLIC_ID":664641,"BUSLIC_LOCATION_ID":688894,"DEA_FACILITY_OWNER":null,"DEA_FACILITY_NAME":"IPM MET PARK NORTH","DEA_BUSINESS_CONTACT":"JOAN SUNDBERG","DEA_BUSINESS_PHONE":"2062540811           ","DEA_FACILITY_ADDRESS":"1220 HOWELL ST, SEATTLE, WA 98101-1469","DEA_STALLS":585,"FAC_NAME":"IPM MET PARK NORTH","HRS_MONFRI":null,"HRS_SAT":null,"HRS_SUN":null,"FAC_TYPE":null,"RTE_1HR":null,"RTE_2HR":null,"RTE_3HR":null,"RTE_ALLDAY":null,"DISABLED":null,"OP_NAME":null,"OP_PHONE":null,"OP_PHONE2":null,"OP_WEB":null,"PAYMENT_TYPE":null,"OTHER":"N","WEBNAME":null,"REGIONID":null,"OUTOFSERV":null,"VACANT":null,"STATUS":null,"DATETIME":null,"SE_ANNO_CAD_DATA":"","SIGNID":null,"GlobalID":"61b9689d-cd63-4c9a-ab2c-301143c0797a"}},{"type":"Feature","id":230174,"geometry":{"type":"Point","coordinates":[-122.333194315499,47.6054909765]},"properties":{"OBJECTID":230174,"BUSLIC_ID":588661,"BUSLIC_LOCATION_ID":635357,"DEA_FACILITY_OWNER":null,"DEA_FACILITY_NAME":"DIAMOND PARKING  A966","DEA_BUSINESS_CONTACT":"JONATHAN DIAMOND","DEA_BUSINESS_PHONE":"2062843100           ","DEA_FACILITY_ADDRESS":"925 4TH AVE, SEATTLE, WA 98104","DEA_STALLS":500,"FAC_NAME":"DIAMOND PARKING  A966","HRS_MONFRI":null,"HRS_SAT":null,"HRS_SUN":null,"FAC_TYPE":null,"RTE_1HR":null,"RTE_2HR":null,"RTE_3HR":null,"RTE_ALLDAY":null,"DISABLED":null,"OP_NAME":null,"OP_PHONE":null,"OP_PHONE2":null,"OP_WEB":null,"PAYMENT_TYPE":null,"OTHER":"N","WEBNAME":null,"REGIONID":null,"OUTOFSERV":null,"VACANT":null,"STATUS":null,"DATETIME":null,"SE_ANNO_CAD_DATA":"","SIGNID":null,"GlobalID":"26661630-ad06-45d0-8266-03f72478b46a"}},{"type":"Feature","id":230175,"geometry":{"type":"Point","coordinates":[-122.338841058527,47.618871676223]},"properties":{"OBJECTID":230175,"BUSLIC_ID":592070,"BUSLIC_LOCATION_ID":637801,"DEA_FACILITY_OWNER":null,"DEA_FACILITY_NAME":"DISCOVERY CENTER LOT 81902","DEA_BUSINESS_CONTACT":"BILL BEATTIE","DEA_BUSINESS_PHONE":"2062899296           ","DEA_FACILITY_ADDRESS":"101 WESTLAKE AVE N, SEATTLE, WA 98109-5215","DEA_STALLS":26,"FAC_NAME":"DISCOVERY CENTER LOT 81902","HRS_MONFRI":null,"HRS_SAT":null,"HRS_SUN":null,"FAC_TYPE":null,"RTE_1HR":null,"RTE_2HR":null,"RTE_3HR":null,"RTE_ALLDAY":null,"DISABLED":null,"OP_NAME":null,"OP_PHONE":null,"OP_PHONE2":null,"OP_WEB":null,"PAYMENT_TYPE":null,"OTHER":"N","WEBNAME":null,"REGIONID":null,"OUTOFSERV":null,"VACANT":null,"STATUS":null,"DATETIME":null,"SE_ANNO_CAD_DATA":"","SIGNID":null,"GlobalID":"e244f7f6-19c1-4ebf-b8ae-30bdeda22fcd"}},{"type":"Feature","id":230176,"geometry":{"type":"Point","coordinates":[-122.320334939206,47.5995063730338]},"properties":{"OBJECTID":230176,"BUSLIC_ID":694432,"BUSLIC_LOCATION_ID":604643,"DEA_FACILITY_OWNER":null,"DEA_FACILITY_NAME":"DIAMOND PARKING  A633","DEA_BUSINESS_CONTACT":"JONATHAN DIAMOND","DEA_BUSINESS_PHONE":"2062843100           ","DEA_FACILITY_ADDRESS":"900 S JACKSON ST, SEATTLE, WA 98104","DEA_STALLS":180,"FAC_NAME":"DIAMOND PARKING  A633","HRS_MONFRI":null,"HRS_SAT":null,"HRS_SUN":null,"FAC_TYPE":null,"RTE_1HR":null,"RTE_2HR":null,"RTE_3HR":null,"RTE_ALLDAY":null,"DISABLED":null,"OP_NAME":null,"OP_PHONE":null,"OP_PHONE2":null,"OP_WEB":null,"PAYMENT_TYPE":null,"OTHER":"N","WEBNAME":null,"REGIONID":null,"OUTOFSERV":null,"VACANT":null,"STATUS":null,"DATETIME":null,"SE_ANNO_CAD_DATA":"","SIGNID":null,"GlobalID":"ff9ae615-8b15-42ae-b723-17941e590b17"}},{"type":"Feature","id":230177,"geometry":{"type":"Point","coordinates":[-122.334519234769,47.6100281131034]},"properties":{"OBJECTID":230177,"BUSLIC_ID":184322,"BUSLIC_LOCATION_ID":165225,"DEA_FACILITY_OWNER":null,"DEA_FACILITY_NAME":"ACE PARKING MANAGEMENT INC","DEA_BUSINESS_CONTACT":"KEITH JONES","DEA_BUSINESS_PHONE":"6192336624           ","DEA_FACILITY_ADDRESS":"500 UNION ST #400, SEATTLE, WA 98101","DEA_STALLS":589,"FAC_NAME":"ACE PARKING MANAGEMENT INC","HRS_MONFRI":null,"HRS_SAT":null,"HRS_SUN":null,"FAC_TYPE":null,"RTE_1HR":null,"RTE_2HR":null,"RTE_3HR":null,"RTE_ALLDAY":null,"DISABLED":null,"OP_NAME":null,"OP_PHONE":null,"OP_PHONE2":null,"OP_WEB":null,"PAYMENT_TYPE":null,"OTHER":"N","WEBNAME":null,"REGIONID":null,"OUTOFSERV":null,"VACANT":null,"STATUS":null,"DATETIME":null,"SE_ANNO_CAD_DATA":"","SIGNID":null,"GlobalID":"99e801e1-5a79-433b-8e51-fe066a6fe889"}},{"type":"Feature","id":230178,"geometry":{"type":"Point","coordinates":[-122.334519234769,47.6100281131034]},"properties":{"OBJECTID":230178,"BUSLIC_ID":184322,"BUSLIC_LOCATION_ID":165225,"DEA_FACILITY_OWNER":null,"DEA_FACILITY_NAME":"ACE PARKING MANAGEMENT INC","DEA_BUSINESS_CONTACT":"KEITH JONES","DEA_BUSINESS_PHONE":"2069031218           ","DEA_FACILITY_ADDRESS":"500 UNION ST #400, SEATTLE, WA 98101","DEA_STALLS":589,"FAC_NAME":"ACE PARKING MANAGEMENT INC","HRS_MONFRI":null,"HRS_SAT":null,"HRS_SUN":null,"FAC_TYPE":null,"RTE_1HR":null,"RTE_2HR":null,"RTE_3HR":null,"RTE_ALLDAY":null,"DISABLED":null,"OP_NAME":null,"OP_PHONE":null,"OP_PHONE2":null,"OP_WEB":null,"PAYMENT_TYPE":null,"OTHER":"N","WEBNAME":null,"REGIONID":null,"OUTOFSERV":null,"VACANT":null,"STATUS":null,"DATETIME":null,"SE_ANNO_CAD_DATA":"","SIGNID":null,"GlobalID":"dbade4c5-69f2-43c0-a7d4-ef818ea80a4c"}},{"type":"Feature","id":230179,"geometry":{"type":"Point","coordinates":[-122.334519234769,47.6100281131034]},"properties":{"OBJECTID":230179,"BUSLIC_ID":184322,"BUSLIC_LOCATION_ID":165225,"DEA_FACILITY_OWNER":null,"DEA_FACILITY_NAME":"ACE PARKING MANAGEMENT INC","DEA_BUSINESS_CONTACT":"KEITH JONES","DEA_BUSINESS_PHONE":"2067275827           ","DEA_FACILITY_ADDRESS":"500 UNION ST #400, SEATTLE, WA 98101","DEA_STALLS":589,"FAC_NAME":"ACE PARKING MANAGEMENT INC","HRS_MONFRI":null,"HRS_SAT":null,"HRS_SUN":null,"FAC_TYPE":null,"RTE_1HR":null,"RTE_2HR":null,"RTE_3HR":null,"RTE_ALLDAY":null,"DISABLED":null,"OP_NAME":null,"OP_PHONE":null,"OP_PHONE2":null,"OP_WEB":null,"PAYMENT_TYPE":null,"OTHER":"N","WEBNAME":null,"REGIONID":null,"OUTOFSERV":null,"VACANT":null,"STATUS":null,"DATETIME":null,"SE_ANNO_CAD_DATA":"","SIGNID":null,"GlobalID":"94b54ac4-ce25-4d71-b0d7-795259e80b67"}},{"type":"Feature","id":230180,"geometry":{"type":"Point","coordinates":[-122.338167749363,47.6063547628009]},"properties":{"OBJECTID":230180,"BUSLIC_ID":541984,"BUSLIC_LOCATION_ID":600948,"DEA_FACILITY_OWNER":null,"DEA_FACILITY_NAME":"UNITED PARKING  4518","DEA_BUSINESS_CONTACT":"JONATHAN DIAMOND","DEA_BUSINESS_PHONE":"2062843100           ","DEA_FACILITY_ADDRESS":"1221 1ST AVE, SEATTLE, WA 98101","DEA_STALLS":235,"FAC_NAME":"UNITED PARKING  4518","HRS_MONFRI":null,"HRS_SAT":null,"HRS_SUN":null,"FAC_TYPE":null,"RTE_1HR":null,"RTE_2HR":null,"RTE_3HR":null,"RTE_ALLDAY":null,"DISABLED":null,"OP_NAME":null,"OP_PHONE":null,"OP_PHONE2":null,"OP_WEB":null,"PAYMENT_TYPE":null,"OTHER":"N","WEBNAME":null,"REGIONID":null,"OUTOFSERV":null,"VACANT":null,"STATUS":null,"DATETIME":null,"SE_ANNO_CAD_DATA":"","SIGNID":null,"GlobalID":"c79dcda5-fb85-4197-9a64-410c446e44b9"}},{"type":"Feature","id":230181,"geometry":{"type":"Point","coordinates":[-122.333593172842,47.5856087056149]},"properties":{"OBJECTID":230181,"BUSLIC_ID":534548,"BUSLIC_LOCATION_ID":595311,"DEA_FACILITY_OWNER":null,"DEA_FACILITY_NAME":"DIAMOND  A873","DEA_BUSINESS_CONTACT":"JONATHAN DIAMOND","DEA_BUSINESS_PHONE":"2062843100           ","DEA_FACILITY_ADDRESS":"1910 1ST AVE S, SEATTLE, WA 98134","DEA_STALLS":5,"FAC_NAME":"DIAMOND  A873","HRS_MONFRI":null,"HRS_SAT":null,"HRS_SUN":null,"FAC_TYPE":null,"RTE_1HR":null,"RTE_2HR":null,"RTE_3HR":null,"RTE_ALLDAY":null,"DISABLED":null,"OP_NAME":null,"OP_PHONE":null,"OP_PHONE2":null,"OP_WEB":null,"PAYMENT_TYPE":null,"OTHER":"N","WEBNAME":null,"REGIONID":null,"OUTOFSERV":null,"VACANT":null,"STATUS":null,"DATETIME":null,"SE_ANNO_CAD_DATA":"","SIGNID":null,"GlobalID":"38672d39-1e30-4eb4-9dd8-0d3621b78a00"}},{"type":"Feature","id":230182,"geometry":{"type":"Point","coordinates":[-122.333593172842,47.5856087056149]},"properties":{"OBJECTID":230182,"BUSLIC_ID":519685,"BUSLIC_LOCATION_ID":584045,"DEA_FACILITY_OWNER":null,"DEA_FACILITY_NAME":"DIAMOND PARKING  A238","DEA_BUSINESS_CONTACT":"JONATHAN DIAMOND","DEA_BUSINESS_PHONE":"2062846303           ","DEA_FACILITY_ADDRESS":"1900 1ST AVE S, SEATTLE, WA 98134","DEA_STALLS":65,"FAC_NAME":"DIAMOND PARKING  A238","HRS_MONFRI":null,"HRS_SAT":null,"HRS_SUN":null,"FAC_TYPE":null,"RTE_1HR":null,"RTE_2HR":null,"RTE_3HR":null,"RTE_ALLDAY":null,"DISABLED":null,"OP_NAME":null,"OP_PHONE":null,"OP_PHONE2":null,"OP_WEB":null,"PAYMENT_TYPE":null,"OTHER":"N","WEBNAME":null,"REGIONID":null,"OUTOFSERV":null,"VACANT":null,"STATUS":null,"DATETIME":null,"SE_ANNO_CAD_DATA":"","SIGNID":null,"GlobalID":"aa9adbde-f031-4266-9ff0-9c47a1f9da52"}},{"type":"Feature","id":230183,"geometry":{"type":"Point","coordinates":[-122.38434001425,47.6692585872694]},"properties":{"OBJECTID":230183,"BUSLIC_ID":591236,"BUSLIC_LOCATION_ID":637235,"DEA_FACILITY_OWNER":null,"DEA_FACILITY_NAME":"DIAMOND PARKING  WU88","DEA_BUSINESS_CONTACT":"JONATHAN DIAMOND","DEA_BUSINESS_PHONE":"2062843100           ","DEA_FACILITY_ADDRESS":"5512 22ND AVE NW, SEATTLE, WA 98107","DEA_STALLS":25,"FAC_NAME":"DIAMOND PARKING  WU88","HRS_MONFRI":null,"HRS_SAT":null,"HRS_SUN":null,"FAC_TYPE":null,"RTE_1HR":null,"RTE_2HR":null,"RTE_3HR":null,"RTE_ALLDAY":null,"DISABLED":null,"OP_NAME":null,"OP_PHONE":null,"OP_PHONE2":null,"OP_WEB":null,"PAYMENT_TYPE":null,"OTHER":"N","WEBNAME":null,"REGIONID":null,"OUTOFSERV":null,"VACANT":null,"STATUS":null,"DATETIME":null,"SE_ANNO_CAD_DATA":"","SIGNID":null,"GlobalID":"f6942ad5-7924-46e0-ac5f-223ae39fe1da"}},{"type":"Feature","id":230184,"geometry":{"type":"Point","coordinates":[-122.333714719103,47.5768007447053]},"properties":{"OBJECTID":230184,"BUSLIC_ID":640325,"BUSLIC_LOCATION_ID":671117,"DEA_FACILITY_OWNER":null,"DEA_FACILITY_NAME":"DIAMOND PARKING  A414","DEA_BUSINESS_CONTACT":"JONATHAN DIAMOND","DEA_BUSINESS_PHONE":"2062843100           ","DEA_FACILITY_ADDRESS":"2930 1ST AVE S, SEATTLE, WA 98134","DEA_STALLS":23,"FAC_NAME":"DIAMOND PARKING  A414","HRS_MONFRI":null,"HRS_SAT":null,"HRS_SUN":null,"FAC_TYPE":null,"RTE_1HR":null,"RTE_2HR":null,"RTE_3HR":null,"RTE_ALLDAY":null,"DISABLED":null,"OP_NAME":null,"OP_PHONE":null,"OP_PHONE2":null,"OP_WEB":null,"PAYMENT_TYPE":null,"OTHER":"N","WEBNAME":null,"REGIONID":null,"OUTOFSERV":null,"VACANT":null,"STATUS":null,"DATETIME":null,"SE_ANNO_CAD_DATA":"","SIGNID":null,"GlobalID":"c07b3f12-dc7a-4257-8dfb-597b2200c69b"}},{"type":"Feature","id":230185,"geometry":{"type":"Point","coordinates":[-122.297008549234,47.5773456662088]},"properties":{"OBJECTID":230185,"BUSLIC_ID":665391,"BUSLIC_LOCATION_ID":689415,"DEA_FACILITY_OWNER":null,"DEA_FACILITY_NAME":"DIAMOND PARKING  A467","DEA_BUSINESS_CONTACT":"JONATHAN DIAMOND","DEA_BUSINESS_PHONE":"2062843100           ","DEA_FACILITY_ADDRESS":"2910 RAINIER AVE S, SEATTLE, WA 98144","DEA_STALLS":25,"FAC_NAME":"DIAMOND PARKING  A467","HRS_MONFRI":null,"HRS_SAT":null,"HRS_SUN":null,"FAC_TYPE":null,"RTE_1HR":null,"RTE_2HR":null,"RTE_3HR":null,"RTE_ALLDAY":null,"DISABLED":null,"OP_NAME":null,"OP_PHONE":null,"OP_PHONE2":null,"OP_WEB":null,"PAYMENT_TYPE":null,"OTHER":"N","WEBNAME":null,"REGIONID":null,"OUTOFSERV":null,"VACANT":null,"STATUS":null,"DATETIME":null,"SE_ANNO_CAD_DATA":"","SIGNID":null,"GlobalID":"6912003e-1bd9-4963-a1f6-c5a0fd516f19"}},{"type":"Feature","id":230186,"geometry":{"type":"Point","coordinates":[-122.303644051505,47.6180918813025]},"properties":{"OBJECTID":230186,"BUSLIC_ID":735039,"BUSLIC_LOCATION_ID":741139,"DEA_FACILITY_OWNER":null,"DEA_FACILITY_NAME":"DIAMOND PARKING SERVICES A701","DEA_BUSINESS_CONTACT":"JONATHAN DIAMOND","DEA_BUSINESS_PHONE":"2062843100           ","DEA_FACILITY_ADDRESS":"2211 E MADISON ST, SEATTLE, WA 98112-5336","DEA_STALLS":11,"FAC_NAME":"DIAMOND PARKING SERVICES A701","HRS_MONFRI":null,"HRS_SAT":null,"HRS_SUN":null,"FAC_TYPE":null,"RTE_1HR":null,"RTE_2HR":null,"RTE_3HR":null,"RTE_ALLDAY":null,"DISABLED":null,"OP_NAME":null,"OP_PHONE":null,"OP_PHONE2":null,"OP_WEB":null,"PAYMENT_TYPE":null,"OTHER":"N","WEBNAME":null,"REGIONID":null,"OUTOFSERV":null,"VACANT":null,"STATUS":null,"DATETIME":null,"SE_ANNO_CAD_DATA":"","SIGNID":null,"GlobalID":"faefe87b-7f0c-4233-a8f3-7fc965f2d2a7"}},{"type":"Feature","id":230187,"geometry":{"type":"Point","coordinates":[-122.328333347188,47.5889542375703]},"properties":{"OBJECTID":230187,"BUSLIC_ID":687172,"BUSLIC_LOCATION_ID":705180,"DEA_FACILITY_OWNER":null,"DEA_FACILITY_NAME":"IPM  15","DEA_BUSINESS_CONTACT":"JOAN SUNDBERG","DEA_BUSINESS_PHONE":"2062540811           ","DEA_FACILITY_ADDRESS":"1550 4TH AVE S, SEATTLE, WA 98134","DEA_STALLS":68,"FAC_NAME":"IPM  15","HRS_MONFRI":null,"HRS_SAT":null,"HRS_SUN":null,"FAC_TYPE":null,"RTE_1HR":null,"RTE_2HR":null,"RTE_3HR":null,"RTE_ALLDAY":null,"DISABLED":null,"OP_NAME":null,"OP_PHONE":null,"OP_PHONE2":null,"OP_WEB":null,"PAYMENT_TYPE":null,"OTHER":"N","WEBNAME":null,"REGIONID":null,"OUTOFSERV":null,"VACANT":null,"STATUS":null,"DATETIME":null,"SE_ANNO_CAD_DATA":"","SIGNID":null,"GlobalID":"37c9f54c-1b8c-4c57-8090-cc309379c120"}},{"type":"Feature","id":230188,"geometry":{"type":"Point","coordinates":[-122.337256823426,47.6157832232617]},"properties":{"OBJECTID":230188,"BUSLIC_ID":635359,"BUSLIC_LOCATION_ID":668193,"DEA_FACILITY_OWNER":null,"DEA_FACILITY_NAME":"STANDARD PARKING 82190 WEST 8TH","DEA_BUSINESS_CONTACT":"BILL BEATTIE","DEA_BUSINESS_PHONE":"2063818552           ","DEA_FACILITY_ADDRESS":"2001 8TH AVE, SEATTLE, WA 98121-2615","DEA_STALLS":444,"FAC_NAME":"STANDARD PARKING 82190 WEST 8TH","HRS_MONFRI":null,"HRS_SAT":null,"HRS_SUN":null,"FAC_TYPE":null,"RTE_1HR":null,"RTE_2HR":null,"RTE_3HR":null,"RTE_ALLDAY":null,"DISABLED":null,"OP_NAME":null,"OP_PHONE":null,"OP_PHONE2":null,"OP_WEB":null,"PAYMENT_TYPE":null,"OTHER":"N","WEBNAME":null,"REGIONID":null,"OUTOFSERV":null,"VACANT":null,"STATUS":null,"DATETIME":null,"SE_ANNO_CAD_DATA":"","SIGNID":null,"GlobalID":"bda8f021-b295-4dd6-866e-ff182e9a5c11"}},{"type":"Feature","id":230189,"geometry":{"type":"Point","coordinates":[-122.334935728297,47.6112527950367]},"properties":{"OBJECTID":230189,"BUSLIC_ID":535918,"BUSLIC_LOCATION_ID":596082,"DEA_FACILITY_OWNER":null,"DEA_FACILITY_NAME":"520 PIKE TOWER GARAGE 82199","DEA_BUSINESS_CONTACT":"BILL BEATTIE","DEA_BUSINESS_PHONE":"2063818552           ","DEA_FACILITY_ADDRESS":"520 PIKE ST, SEATTLE, WA 98101-1385","DEA_STALLS":263,"FAC_NAME":"520 PIKE TOWER GARAGE 82199","HRS_MONFRI":null,"HRS_SAT":null,"HRS_SUN":null,"FAC_TYPE":null,"RTE_1HR":null,"RTE_2HR":null,"RTE_3HR":null,"RTE_ALLDAY":null,"DISABLED":null,"OP_NAME":null,"OP_PHONE":null,"OP_PHONE2":null,"OP_WEB":null,"PAYMENT_TYPE":null,"OTHER":"N","WEBNAME":null,"REGIONID":null,"OUTOFSERV":null,"VACANT":null,"STATUS":null,"DATETIME":null,"SE_ANNO_CAD_DATA":"","SIGNID":null,"GlobalID":"377b013d-b58e-47f8-ac16-5214c81f8b64"}},{"type":"Feature","id":230190,"geometry":{"type":"Point","coordinates":[-122.317438530451,47.6155230269142]},"properties":{"OBJECTID":230190,"BUSLIC_ID":639948,"BUSLIC_LOCATION_ID":670887,"DEA_FACILITY_OWNER":null,"DEA_FACILITY_NAME":"DIAMOND PARKING  A429","DEA_BUSINESS_CONTACT":"JONATHAN DIAMOND","DEA_BUSINESS_PHONE":"2062843100           ","DEA_FACILITY_ADDRESS":"1110 E PINE ST, SEATTLE, WA 98122","DEA_STALLS":24,"FAC_NAME":"DIAMOND PARKING  A429","HRS_MONFRI":null,"HRS_SAT":null,"HRS_SUN":null,"FAC_TYPE":null,"RTE_1HR":null,"RTE_2HR":null,"RTE_3HR":null,"RTE_ALLDAY":null,"DISABLED":null,"OP_NAME":null,"OP_PHONE":null,"OP_PHONE2":null,"OP_WEB":null,"PAYMENT_TYPE":null,"OTHER":"N","WEBNAME":null,"REGIONID":null,"OUTOFSERV":null,"VACANT":null,"STATUS":null,"DATETIME":null,"SE_ANNO_CAD_DATA":"","SIGNID":null,"GlobalID":"71ef9624-4ccd-41bf-a1c1-2a570583e123"}},{"type":"Feature","id":230191,"geometry":{"type":"Point","coordinates":[-122.329479828572,47.6224626537504]},"properties":{"OBJECTID":230191,"BUSLIC_ID":588428,"BUSLIC_LOCATION_ID":635166,"DEA_FACILITY_OWNER":null,"DEA_FACILITY_NAME":"DIAMOND PARKING  A275","DEA_BUSINESS_CONTACT":"JONATHAN DIAMOND","DEA_BUSINESS_PHONE":"2062846303           ","DEA_FACILITY_ADDRESS":"411 EASTLAKE AVE E, SEATTLE, WA 98109","DEA_STALLS":26,"FAC_NAME":"DIAMOND PARKING  A275","HRS_MONFRI":null,"HRS_SAT":null,"HRS_SUN":null,"FAC_TYPE":null,"RTE_1HR":null,"RTE_2HR":null,"RTE_3HR":null,"RTE_ALLDAY":null,"DISABLED":null,"OP_NAME":null,"OP_PHONE":null,"OP_PHONE2":null,"OP_WEB":null,"PAYMENT_TYPE":null,"OTHER":"N","WEBNAME":null,"REGIONID":null,"OUTOFSERV":null,"VACANT":null,"STATUS":null,"DATETIME":null,"SE_ANNO_CAD_DATA":"","SIGNID":null,"GlobalID":"788f06c0-3981-406b-a92b-e855cd01a143"}},{"type":"Feature","id":230192,"geometry":{"type":"Point","coordinates":[-122.314817282585,47.6154318636415]},"properties":{"OBJECTID":230192,"BUSLIC_ID":603372,"BUSLIC_LOCATION_ID":645761,"DEA_FACILITY_OWNER":null,"DEA_FACILITY_NAME":"DIAMOND PARKING  A875","DEA_BUSINESS_CONTACT":"JONATHAN DIAMOND","DEA_BUSINESS_PHONE":"2062846303           ","DEA_FACILITY_ADDRESS":"1320 E PINE ST, SEATTLE, WA 98112","DEA_STALLS":52,"FAC_NAME":"DIAMOND PARKING  A875","HRS_MONFRI":null,"HRS_SAT":null,"HRS_SUN":null,"FAC_TYPE":null,"RTE_1HR":null,"RTE_2HR":null,"RTE_3HR":null,"RTE_ALLDAY":null,"DISABLED":null,"OP_NAME":null,"OP_PHONE":null,"OP_PHONE2":null,"OP_WEB":null,"PAYMENT_TYPE":null,"OTHER":"N","WEBNAME":null,"REGIONID":null,"OUTOFSERV":null,"VACANT":null,"STATUS":null,"DATETIME":null,"SE_ANNO_CAD_DATA":"","SIGNID":null,"GlobalID":"7ad076c7-f1a3-489f-9c19-95a9168fee81"}},{"type":"Feature","id":230193,"geometry":{"type":"Point","coordinates":[-122.318723909913,47.6620731849363]},"properties":{"OBJECTID":230193,"BUSLIC_ID":719997,"BUSLIC_LOCATION_ID":729360,"DEA_FACILITY_OWNER":null,"DEA_FACILITY_NAME":"DIAMOND PARKING SVCS WX41","DEA_BUSINESS_CONTACT":"JONATHAN DIAMOND","DEA_BUSINESS_PHONE":"2062843100           ","DEA_FACILITY_ADDRESS":"4525 9TH AVE NE, SEATTLE, WA 98105","DEA_STALLS":22,"FAC_NAME":"DIAMOND PARKING SVCS WX41","HRS_MONFRI":null,"HRS_SAT":null,"HRS_SUN":null,"FAC_TYPE":null,"RTE_1HR":null,"RTE_2HR":null,"RTE_3HR":null,"RTE_ALLDAY":null,"DISABLED":null,"OP_NAME":null,"OP_PHONE":null,"OP_PHONE2":null,"OP_WEB":null,"PAYMENT_TYPE":null,"OTHER":"N","WEBNAME":null,"REGIONID":null,"OUTOFSERV":null,"VACANT":null,"STATUS":null,"DATETIME":null,"SE_ANNO_CAD_DATA":"","SIGNID":null,"GlobalID":"a1e1c07c-f5c8-433e-a188-cc62912d20df"}},{"type":"Feature","id":230194,"geometry":{"type":"Point","coordinates":[-122.371018257715,47.6291373301363]},"properties":{"OBJECTID":230194,"BUSLIC_ID":594514,"BUSLIC_LOCATION_ID":639537,"DEA_FACILITY_OWNER":null,"DEA_FACILITY_NAME":"DIAMOND PARKING  A312","DEA_BUSINESS_CONTACT":"JONATHAN DIAMOND","DEA_BUSINESS_PHONE":"2062843100           ","DEA_FACILITY_ADDRESS":"1110 ELLIOTT AVE W, SEATTLE, WA 98119","DEA_STALLS":13,"FAC_NAME":"DIAMOND PARKING  A312","HRS_MONFRI":null,"HRS_SAT":null,"HRS_SUN":null,"FAC_TYPE":null,"RTE_1HR":null,"RTE_2HR":null,"RTE_3HR":null,"RTE_ALLDAY":null,"DISABLED":null,"OP_NAME":null,"OP_PHONE":null,"OP_PHONE2":null,"OP_WEB":null,"PAYMENT_TYPE":null,"OTHER":"N","WEBNAME":null,"REGIONID":null,"OUTOFSERV":null,"VACANT":null,"STATUS":null,"DATETIME":null,"SE_ANNO_CAD_DATA":"","SIGNID":null,"GlobalID":"e8e0cdd0-a4a3-40e3-8991-a4818c7e3d07"}},{"type":"Feature","id":230195,"geometry":{"type":"Point","coordinates":[-122.371018257715,47.6291373301363]},"properties":{"OBJECTID":230195,"BUSLIC_ID":734464,"BUSLIC_LOCATION_ID":740687,"DEA_FACILITY_OWNER":null,"DEA_FACILITY_NAME":"DIAMOND PARKING A312","DEA_BUSINESS_CONTACT":"JONATHAN DIAMOND","DEA_BUSINESS_PHONE":"2062843100           ","DEA_FACILITY_ADDRESS":"1110 ELLIOTT AVE W, SEATTLE, WA 98119","DEA_STALLS":33,"FAC_NAME":"DIAMOND PARKING A312","HRS_MONFRI":null,"HRS_SAT":null,"HRS_SUN":null,"FAC_TYPE":null,"RTE_1HR":null,"RTE_2HR":null,"RTE_3HR":null,"RTE_ALLDAY":null,"DISABLED":null,"OP_NAME":null,"OP_PHONE":null,"OP_PHONE2":null,"OP_WEB":null,"PAYMENT_TYPE":null,"OTHER":"N","WEBNAME":null,"REGIONID":null,"OUTOFSERV":null,"VACANT":null,"STATUS":null,"DATETIME":null,"SE_ANNO_CAD_DATA":"","SIGNID":null,"GlobalID":"089228a2-004f-4d66-b930-3e275fbe24e0"}},{"type":"Feature","id":230196,"geometry":{"type":"Point","coordinates":[-122.34074231661,47.6074551915461]},"properties":{"OBJECTID":230196,"BUSLIC_ID":613066,"BUSLIC_LOCATION_ID":652556,"DEA_FACILITY_OWNER":null,"DEA_FACILITY_NAME":"REPUBLIC 30 179","DEA_BUSINESS_CONTACT":"GARY BECK","DEA_BUSINESS_PHONE":"2067871246           ","DEA_FACILITY_ADDRESS":"1403 WESTERN AVE, SEATTLE, WA 98121","DEA_STALLS":50,"FAC_NAME":"REPUBLIC 30 179","HRS_MONFRI":null,"HRS_SAT":null,"HRS_SUN":null,"FAC_TYPE":null,"RTE_1HR":null,"RTE_2HR":null,"RTE_3HR":null,"RTE_ALLDAY":null,"DISABLED":null,"OP_NAME":null,"OP_PHONE":null,"OP_PHONE2":null,"OP_WEB":null,"PAYMENT_TYPE":null,"OTHER":"N","WEBNAME":null,"REGIONID":null,"OUTOFSERV":null,"VACANT":null,"STATUS":null,"DATETIME":null,"SE_ANNO_CAD_DATA":"","SIGNID":null,"GlobalID":"70e40fe9-06d7-4222-9a41-b8aeba32f417"}},{"type":"Feature","id":230197,"geometry":{"type":"Point","coordinates":[-122.328807795767,47.6369311549312]},"properties":{"OBJECTID":230197,"BUSLIC_ID":709443,"BUSLIC_LOCATION_ID":720871,"DEA_FACILITY_OWNER":null,"DEA_FACILITY_NAME":"DIAMOND PARKING  A659","DEA_BUSINESS_CONTACT":"JONATHAN DIAMOND","DEA_BUSINESS_PHONE":"2062843100           ","DEA_FACILITY_ADDRESS":"2000 FAIRVIEW AVE E, SEATTLE, WA 98102","DEA_STALLS":25,"FAC_NAME":"DIAMOND PARKING  A659","HRS_MONFRI":null,"HRS_SAT":null,"HRS_SUN":null,"FAC_TYPE":null,"RTE_1HR":null,"RTE_2HR":null,"RTE_3HR":null,"RTE_ALLDAY":null,"DISABLED":null,"OP_NAME":null,"OP_PHONE":null,"OP_PHONE2":null,"OP_WEB":null,"PAYMENT_TYPE":null,"OTHER":"N","WEBNAME":null,"REGIONID":null,"OUTOFSERV":null,"VACANT":null,"STATUS":null,"DATETIME":null,"SE_ANNO_CAD_DATA":"","SIGNID":null,"GlobalID":"9f30b125-164a-4d06-841e-1f65abbaab9e"}},{"type":"Feature","id":230198,"geometry":{"type":"Point","coordinates":[-122.333385856917,47.6108699044696]},"properties":{"OBJECTID":230198,"BUSLIC_ID":458852,"BUSLIC_LOCATION_ID":540891,"DEA_FACILITY_OWNER":null,"DEA_FACILITY_NAME":"ACE PARKING  3273 SHERATON PRKG GARAGE","DEA_BUSINESS_CONTACT":"KEITH JONES","DEA_BUSINESS_PHONE":"6192336624           ","DEA_FACILITY_ADDRESS":"1400 6TH AVE AV, SEATTLE, WA 98101","DEA_STALLS":300,"FAC_NAME":"ACE PARKING  3273 SHERATON PRKG GARAGE","HRS_MONFRI":null,"HRS_SAT":null,"HRS_SUN":null,"FAC_TYPE":null,"RTE_1HR":null,"RTE_2HR":null,"RTE_3HR":null,"RTE_ALLDAY":null,"DISABLED":null,"OP_NAME":null,"OP_PHONE":null,"OP_PHONE2":null,"OP_WEB":null,"PAYMENT_TYPE":null,"OTHER":"N","WEBNAME":null,"REGIONID":null,"OUTOFSERV":null,"VACANT":null,"STATUS":null,"DATETIME":null,"SE_ANNO_CAD_DATA":"","SIGNID":null,"GlobalID":"ffbb90ea-6936-41ee-babe-b6523cd8767b"}},{"type":"Feature","id":230199,"geometry":{"type":"Point","coordinates":[-122.33072045987,47.6045350670155]},"properties":{"OBJECTID":230199,"BUSLIC_ID":716839,"BUSLIC_LOCATION_ID":726758,"DEA_FACILITY_OWNER":null,"DEA_FACILITY_NAME":"ABM PARKING","DEA_BUSINESS_CONTACT":null,"DEA_BUSINESS_PHONE":"2062670725           ","DEA_FACILITY_ADDRESS":"701 5TH AVE, SEATTLE, WA 98104","DEA_STALLS":703,"FAC_NAME":"ABM PARKING","HRS_MONFRI":null,"HRS_SAT":null,"HRS_SUN":null,"FAC_TYPE":null,"RTE_1HR":null,"RTE_2HR":null,"RTE_3HR":null,"RTE_ALLDAY":null,"DISABLED":null,"OP_NAME":null,"OP_PHONE":null,"OP_PHONE2":null,"OP_WEB":null,"PAYMENT_TYPE":null,"OTHER":"N","WEBNAME":null,"REGIONID":null,"OUTOFSERV":null,"VACANT":null,"STATUS":null,"DATETIME":null,"SE_ANNO_CAD_DATA":"","SIGNID":null,"GlobalID":"9b403ff2-be2c-471d-825a-f14d51b0d29c"}},{"type":"Feature","id":230200,"geometry":{"type":"Point","coordinates":[-122.332824538651,47.5844442756755]},"properties":{"OBJECTID":230200,"BUSLIC_ID":704434,"BUSLIC_LOCATION_ID":717150,"DEA_FACILITY_OWNER":null,"DEA_FACILITY_NAME":"DIAMOND PARKING  A641","DEA_BUSINESS_CONTACT":"JONATHAN DIAMOND","DEA_BUSINESS_PHONE":"2062843100           ","DEA_FACILITY_ADDRESS":"1900 OCCIDENTAL AVE S, SEATTLE, WA 98134","DEA_STALLS":95,"FAC_NAME":"DIAMOND PARKING  A641","HRS_MONFRI":null,"HRS_SAT":null,"HRS_SUN":null,"FAC_TYPE":null,"RTE_1HR":null,"RTE_2HR":null,"RTE_3HR":null,"RTE_ALLDAY":null,"DISABLED":null,"OP_NAME":null,"OP_PHONE":null,"OP_PHONE2":null,"OP_WEB":null,"PAYMENT_TYPE":null,"OTHER":"N","WEBNAME":null,"REGIONID":null,"OUTOFSERV":null,"VACANT":null,"STATUS":null,"DATETIME":null,"SE_ANNO_CAD_DATA":"","SIGNID":null,"GlobalID":"c542c96a-b1a1-48c8-9fab-5c6fe6273678"}},{"type":"Feature","id":230201,"geometry":{"type":"Point","coordinates":[-122.350623201815,47.6654522522296]},"properties":{"OBJECTID":230201,"BUSLIC_ID":480127,"BUSLIC_LOCATION_ID":556115,"DEA_FACILITY_OWNER":null,"DEA_FACILITY_NAME":"WOODLAND PARK ZOO LOT  1","DEA_BUSINESS_CONTACT":"WOODLAND PARK ZOO SOCIETY","DEA_BUSINESS_PHONE":"2062332503           ","DEA_FACILITY_ADDRESS":"600 N 50TH ST, SEATTLE, WA 98103","DEA_STALLS":276,"FAC_NAME":"WOODLAND PARK ZOO LOT  1","HRS_MONFRI":null,"HRS_SAT":null,"HRS_SUN":null,"FAC_TYPE":null,"RTE_1HR":null,"RTE_2HR":null,"RTE_3HR":null,"RTE_ALLDAY":null,"DISABLED":null,"OP_NAME":null,"OP_PHONE":null,"OP_PHONE2":null,"OP_WEB":null,"PAYMENT_TYPE":null,"OTHER":"N","WEBNAME":null,"REGIONID":null,"OUTOFSERV":null,"VACANT":null,"STATUS":null,"DATETIME":null,"SE_ANNO_CAD_DATA":"","SIGNID":null,"GlobalID":"70b651ee-628f-4c2e-9b43-d1909232f9fb"}},{"type":"Feature","id":230202,"geometry":{"type":"Point","coordinates":[-122.350459596885,47.6498511448789]},"properties":{"OBJECTID":230202,"BUSLIC_ID":591246,"BUSLIC_LOCATION_ID":637241,"DEA_FACILITY_OWNER":null,"DEA_FACILITY_NAME":"DIAMOND PARKING  WU78","DEA_BUSINESS_CONTACT":"JONATHAN DIAMOND","DEA_BUSINESS_PHONE":"2062843100           ","DEA_FACILITY_ADDRESS":"620 N 34TH ST, SEATTLE, WA 98103","DEA_STALLS":95,"FAC_NAME":"DIAMOND PARKING  WU78","HRS_MONFRI":null,"HRS_SAT":null,"HRS_SUN":null,"FAC_TYPE":null,"RTE_1HR":null,"RTE_2HR":null,"RTE_3HR":null,"RTE_ALLDAY":null,"DISABLED":null,"OP_NAME":null,"OP_PHONE":null,"OP_PHONE2":null,"OP_WEB":null,"PAYMENT_TYPE":null,"OTHER":"N","WEBNAME":null,"REGIONID":null,"OUTOFSERV":null,"VACANT":null,"STATUS":null,"DATETIME":null,"SE_ANNO_CAD_DATA":"","SIGNID":null,"GlobalID":"45f652d0-abb0-49a8-98dc-0778e1184afa"}},{"type":"Feature","id":230203,"geometry":{"type":"Point","coordinates":[-122.328492443448,47.5978272126078]},"properties":{"OBJECTID":230203,"BUSLIC_ID":424204,"BUSLIC_LOCATION_ID":517528,"DEA_FACILITY_OWNER":null,"DEA_FACILITY_NAME":"UNION STATION PARKING GARAGE NORTH","DEA_BUSINESS_CONTACT":"JOAN SUNDBERG","DEA_BUSINESS_PHONE":"2062540811           ","DEA_FACILITY_ADDRESS":"550 4TH AVE S, SEATTLE, WA 98104","DEA_STALLS":477,"FAC_NAME":"UNION STATION PARKING GARAGE NORTH","HRS_MONFRI":null,"HRS_SAT":null,"HRS_SUN":null,"FAC_TYPE":null,"RTE_1HR":null,"RTE_2HR":null,"RTE_3HR":null,"RTE_ALLDAY":null,"DISABLED":null,"OP_NAME":null,"OP_PHONE":null,"OP_PHONE2":null,"OP_WEB":null,"PAYMENT_TYPE":null,"OTHER":"N","WEBNAME":null,"REGIONID":null,"OUTOFSERV":null,"VACANT":null,"STATUS":null,"DATETIME":null,"SE_ANNO_CAD_DATA":"","SIGNID":null,"GlobalID":"ff525d3f-75d1-4915-a54a-580f2f14e437"}},{"type":"Feature","id":230204,"geometry":{"type":"Point","coordinates":[-122.345692298966,47.6105179343534]},"properties":{"OBJECTID":230204,"BUSLIC_ID":594352,"BUSLIC_LOCATION_ID":639408,"DEA_FACILITY_OWNER":null,"DEA_FACILITY_NAME":" 30 129 LENORA LOT","DEA_BUSINESS_CONTACT":"GARY BECK","DEA_BUSINESS_PHONE":"2067834144           ","DEA_FACILITY_ADDRESS":"50 LENORA ST, SEATTLE, WA 98101","DEA_STALLS":53,"FAC_NAME":" 30 129 LENORA LOT","HRS_MONFRI":null,"HRS_SAT":null,"HRS_SUN":null,"FAC_TYPE":null,"RTE_1HR":null,"RTE_2HR":null,"RTE_3HR":null,"RTE_ALLDAY":null,"DISABLED":null,"OP_NAME":null,"OP_PHONE":null,"OP_PHONE2":null,"OP_WEB":null,"PAYMENT_TYPE":null,"OTHER":"N","WEBNAME":null,"REGIONID":null,"OUTOFSERV":null,"VACANT":null,"STATUS":null,"DATETIME":null,"SE_ANNO_CAD_DATA":"","SIGNID":null,"GlobalID":"267777bb-471f-4931-9dac-fffb485b85bc"}},{"type":"Feature","id":230205,"geometry":{"type":"Point","coordinates":[-122.354017366186,47.6653963190842]},"properties":{"OBJECTID":230205,"BUSLIC_ID":480128,"BUSLIC_LOCATION_ID":556116,"DEA_FACILITY_OWNER":null,"DEA_FACILITY_NAME":"WOODLAND PARK ZOO LOT  2","DEA_BUSINESS_CONTACT":"WOODLAND PARK ZOO SOCIETY","DEA_BUSINESS_PHONE":"2062332503           ","DEA_FACILITY_ADDRESS":"5000 PHINNEY AVE N, SEATTLE, WA 98103","DEA_STALLS":140,"FAC_NAME":"WOODLAND PARK ZOO LOT  2","HRS_MONFRI":null,"HRS_SAT":null,"HRS_SUN":null,"FAC_TYPE":null,"RTE_1HR":null,"RTE_2HR":null,"RTE_3HR":null,"RTE_ALLDAY":null,"DISABLED":null,"OP_NAME":null,"OP_PHONE":null,"OP_PHONE2":null,"OP_WEB":null,"PAYMENT_TYPE":null,"OTHER":"N","WEBNAME":null,"REGIONID":null,"OUTOFSERV":null,"VACANT":null,"STATUS":null,"DATETIME":null,"SE_ANNO_CAD_DATA":"","SIGNID":null,"GlobalID":"d74159f5-780c-453f-a5e9-ba02baf34e25"}},{"type":"Feature","id":230206,"geometry":{"type":"Point","coordinates":[-122.318463206969,47.6608505694955]},"properties":{"OBJECTID":230206,"BUSLIC_ID":689722,"BUSLIC_LOCATION_ID":705410,"DEA_FACILITY_OWNER":null,"DEA_FACILITY_NAME":"DIAMOND PARKING  WX10","DEA_BUSINESS_CONTACT":"JONATHAN DIAMOND","DEA_BUSINESS_PHONE":"2062843100           ","DEA_FACILITY_ADDRESS":"907 NE 45TH ST, SEATTLE, WA 98105","DEA_STALLS":17,"FAC_NAME":"DIAMOND PARKING  WX10","HRS_MONFRI":null,"HRS_SAT":null,"HRS_SUN":null,"FAC_TYPE":null,"RTE_1HR":null,"RTE_2HR":null,"RTE_3HR":null,"RTE_ALLDAY":null,"DISABLED":null,"OP_NAME":null,"OP_PHONE":null,"OP_PHONE2":null,"OP_WEB":null,"PAYMENT_TYPE":null,"OTHER":"N","WEBNAME":null,"REGIONID":null,"OUTOFSERV":null,"VACANT":null,"STATUS":null,"DATETIME":null,"SE_ANNO_CAD_DATA":"","SIGNID":null,"GlobalID":"10d9380e-2d55-4c0f-99b2-b22fd876de3c"}},{"type":"Feature","id":230207,"geometry":{"type":"Point","coordinates":[-122.334638084338,47.6058205558943]},"properties":{"OBJECTID":230207,"BUSLIC_ID":514917,"BUSLIC_LOCATION_ID":580480,"DEA_FACILITY_OWNER":null,"DEA_FACILITY_NAME":"EXPEDITOR GARAGE","DEA_BUSINESS_CONTACT":"R GATES","DEA_BUSINESS_PHONE":"2066743400           ","DEA_FACILITY_ADDRESS":"1015 3RD AVE # FL 12, SEATTLE, WA 98104","DEA_STALLS":154,"FAC_NAME":"EXPEDITOR GARAGE","HRS_MONFRI":null,"HRS_SAT":null,"HRS_SUN":null,"FAC_TYPE":null,"RTE_1HR":null,"RTE_2HR":null,"RTE_3HR":null,"RTE_ALLDAY":null,"DISABLED":null,"OP_NAME":null,"OP_PHONE":null,"OP_PHONE2":null,"OP_WEB":null,"PAYMENT_TYPE":null,"OTHER":"N","WEBNAME":null,"REGIONID":null,"OUTOFSERV":null,"VACANT":null,"STATUS":null,"DATETIME":null,"SE_ANNO_CAD_DATA":"","SIGNID":null,"GlobalID":"fe1c5048-b578-44ac-b2b3-b57aaec36db4"}},{"type":"Feature","id":230208,"geometry":{"type":"Point","coordinates":[-122.358377144303,47.6207639664793]},"properties":{"OBJECTID":230208,"BUSLIC_ID":574572,"BUSLIC_LOCATION_ID":625108,"DEA_FACILITY_OWNER":null,"DEA_FACILITY_NAME":"DIAMOND PARKING  A128","DEA_BUSINESS_CONTACT":"JONATHAN DIAMOND","DEA_BUSINESS_PHONE":"2062843100           ","DEA_FACILITY_ADDRESS":"233 1ST AVE W, SEATTLE, WA 98109","DEA_STALLS":22,"FAC_NAME":"DIAMOND PARKING  A128","HRS_MONFRI":null,"HRS_SAT":null,"HRS_SUN":null,"FAC_TYPE":null,"RTE_1HR":null,"RTE_2HR":null,"RTE_3HR":null,"RTE_ALLDAY":null,"DISABLED":null,"OP_NAME":null,"OP_PHONE":null,"OP_PHONE2":null,"OP_WEB":null,"PAYMENT_TYPE":null,"OTHER":"N","WEBNAME":null,"REGIONID":null,"OUTOFSERV":null,"VACANT":null,"STATUS":null,"DATETIME":null,"SE_ANNO_CAD_DATA":"","SIGNID":null,"GlobalID":"73eae83e-cf54-4677-a641-2cb82b69c71c"}},{"type":"Feature","id":230209,"geometry":{"type":"Point","coordinates":[-122.339572235175,47.6106656489231]},"properties":{"OBJECTID":230209,"BUSLIC_ID":734823,"BUSLIC_LOCATION_ID":740982,"DEA_FACILITY_OWNER":null,"DEA_FACILITY_NAME":"UNITED PARKING SERVICES 4553","DEA_BUSINESS_CONTACT":"JONATHAN DIAMOND","DEA_BUSINESS_PHONE":"2062843100           ","DEA_FACILITY_ADDRESS":"1600 2ND AVE, SEATTLE, WA 98101-3273","DEA_STALLS":50,"FAC_NAME":"UNITED PARKING SERVICES 4553","HRS_MONFRI":null,"HRS_SAT":null,"HRS_SUN":null,"FAC_TYPE":null,"RTE_1HR":null,"RTE_2HR":null,"RTE_3HR":null,"RTE_ALLDAY":null,"DISABLED":null,"OP_NAME":null,"OP_PHONE":null,"OP_PHONE2":null,"OP_WEB":null,"PAYMENT_TYPE":null,"OTHER":"N","WEBNAME":null,"REGIONID":null,"OUTOFSERV":null,"VACANT":null,"STATUS":null,"DATETIME":null,"SE_ANNO_CAD_DATA":"","SIGNID":null,"GlobalID":"09b90f2e-02c2-4e62-aadf-2c85161bc55a"}},{"type":"Feature","id":230210,"geometry":{"type":"Point","coordinates":[-122.321252032145,47.6106514185857]},"properties":{"OBJECTID":230210,"BUSLIC_ID":696408,"BUSLIC_LOCATION_ID":711581,"DEA_FACILITY_OWNER":null,"DEA_FACILITY_NAME":"ALCOA LOT   1401","DEA_BUSINESS_CONTACT":"MARK NORWICZ","DEA_BUSINESS_PHONE":"4102676111           ","DEA_FACILITY_ADDRESS":"1401 MADISON ST, SEATTLE, WA 98104-1316","DEA_STALLS":53,"FAC_NAME":"ALCOA LOT   1401","HRS_MONFRI":null,"HRS_SAT":null,"HRS_SUN":null,"FAC_TYPE":null,"RTE_1HR":null,"RTE_2HR":null,"RTE_3HR":null,"RTE_ALLDAY":null,"DISABLED":null,"OP_NAME":null,"OP_PHONE":null,"OP_PHONE2":null,"OP_WEB":null,"PAYMENT_TYPE":null,"OTHER":"N","WEBNAME":null,"REGIONID":null,"OUTOFSERV":null,"VACANT":null,"STATUS":null,"DATETIME":null,"SE_ANNO_CAD_DATA":"","SIGNID":null,"GlobalID":"d51f59a6-c108-43ff-8ed7-f60f98e2fe7b"}},{"type":"Feature","id":230211,"geometry":{"type":"Point","coordinates":[-122.346508791595,47.6488781129254]},"properties":{"OBJECTID":230211,"BUSLIC_ID":409156,"BUSLIC_LOCATION_ID":4570,"DEA_FACILITY_OWNER":null,"DEA_FACILITY_NAME":"U PARK 66","DEA_BUSINESS_CONTACT":"KEN JR PHILLIPS","DEA_BUSINESS_PHONE":"2066245353           ","DEA_FACILITY_ADDRESS":"910 N NORTHLAKE WAY, SEATTLE, WA 98103","DEA_STALLS":85,"FAC_NAME":"U PARK 66","HRS_MONFRI":null,"HRS_SAT":null,"HRS_SUN":null,"FAC_TYPE":null,"RTE_1HR":null,"RTE_2HR":null,"RTE_3HR":null,"RTE_ALLDAY":null,"DISABLED":null,"OP_NAME":null,"OP_PHONE":null,"OP_PHONE2":null,"OP_WEB":null,"PAYMENT_TYPE":null,"OTHER":"N","WEBNAME":null,"REGIONID":null,"OUTOFSERV":null,"VACANT":null,"STATUS":null,"DATETIME":null,"SE_ANNO_CAD_DATA":"","SIGNID":null,"GlobalID":"4f3f8d82-616f-4f35-acd8-9eea434a114d"}},{"type":"Feature","id":230212,"geometry":{"type":"Point","coordinates":[-122.357121064266,47.6518199607306]},"properties":{"OBJECTID":230212,"BUSLIC_ID":5497,"BUSLIC_LOCATION_ID":4591,"DEA_FACILITY_OWNER":null,"DEA_FACILITY_NAME":"U PARK 87","DEA_BUSINESS_CONTACT":"KEN JR PHILLIPS","DEA_BUSINESS_PHONE":"2062849797           ","DEA_FACILITY_ADDRESS":"100 N CANAL ST, SEATTLE, WA 98103","DEA_STALLS":90,"FAC_NAME":"U PARK 87","HRS_MONFRI":null,"HRS_SAT":null,"HRS_SUN":null,"FAC_TYPE":null,"RTE_1HR":null,"RTE_2HR":null,"RTE_3HR":null,"RTE_ALLDAY":null,"DISABLED":null,"OP_NAME":null,"OP_PHONE":null,"OP_PHONE2":null,"OP_WEB":null,"PAYMENT_TYPE":null,"OTHER":"N","WEBNAME":null,"REGIONID":null,"OUTOFSERV":null,"VACANT":null,"STATUS":null,"DATETIME":null,"SE_ANNO_CAD_DATA":"","SIGNID":null,"GlobalID":"02e5973f-7443-4f15-ac50-f6f90ebcad7b"}},{"type":"Feature","id":230213,"geometry":{"type":"Point","coordinates":[-122.350241139173,47.6494220589185]},"properties":{"OBJECTID":230213,"BUSLIC_ID":519631,"BUSLIC_LOCATION_ID":4578,"DEA_FACILITY_OWNER":null,"DEA_FACILITY_NAME":"U PARK 74","DEA_BUSINESS_CONTACT":"KEN JR PHILLIPS","DEA_BUSINESS_PHONE":"2062849797           ","DEA_FACILITY_ADDRESS":"601 N 34TH ST, SEATTLE, WA 98103","DEA_STALLS":90,"FAC_NAME":"U PARK 74","HRS_MONFRI":null,"HRS_SAT":null,"HRS_SUN":null,"FAC_TYPE":null,"RTE_1HR":null,"RTE_2HR":null,"RTE_3HR":null,"RTE_ALLDAY":null,"DISABLED":null,"OP_NAME":null,"OP_PHONE":null,"OP_PHONE2":null,"OP_WEB":null,"PAYMENT_TYPE":null,"OTHER":"N","WEBNAME":null,"REGIONID":null,"OUTOFSERV":null,"VACANT":null,"STATUS":null,"DATETIME":null,"SE_ANNO_CAD_DATA":"","SIGNID":null,"GlobalID":"65560b7e-d18d-4e3e-8e4a-3cf2d602662b"}},{"type":"Feature","id":230214,"geometry":{"type":"Point","coordinates":[-122.350241139173,47.6494220589185]},"properties":{"OBJECTID":230214,"BUSLIC_ID":435185,"BUSLIC_LOCATION_ID":4557,"DEA_FACILITY_OWNER":null,"DEA_FACILITY_NAME":"U PARK 52","DEA_BUSINESS_CONTACT":"KEN JR PHILLIPS","DEA_BUSINESS_PHONE":"2062847979           ","DEA_FACILITY_ADDRESS":"601 N 34TH ST, SEATTLE, WA 98103","DEA_STALLS":56,"FAC_NAME":"U PARK 52","HRS_MONFRI":null,"HRS_SAT":null,"HRS_SUN":null,"FAC_TYPE":null,"RTE_1HR":null,"RTE_2HR":null,"RTE_3HR":null,"RTE_ALLDAY":null,"DISABLED":null,"OP_NAME":null,"OP_PHONE":null,"OP_PHONE2":null,"OP_WEB":null,"PAYMENT_TYPE":null,"OTHER":"N","WEBNAME":null,"REGIONID":null,"OUTOFSERV":null,"VACANT":null,"STATUS":null,"DATETIME":null,"SE_ANNO_CAD_DATA":"","SIGNID":null,"GlobalID":"7d1885a3-f832-4e04-ad93-cbf93a5c9206"}},{"type":"Feature","id":230215,"geometry":{"type":"Point","coordinates":[-122.354707323045,47.6510678003451]},"properties":{"OBJECTID":230215,"BUSLIC_ID":5467,"BUSLIC_LOCATION_ID":4576,"DEA_FACILITY_OWNER":null,"DEA_FACILITY_NAME":"U PARK 72","DEA_BUSINESS_CONTACT":"KEN JR PHILLIPS","DEA_BUSINESS_PHONE":"2062849797           ","DEA_FACILITY_ADDRESS":"173 N 35TH ST, SEATTLE, WA 98133","DEA_STALLS":36,"FAC_NAME":"U PARK 72","HRS_MONFRI":null,"HRS_SAT":null,"HRS_SUN":null,"FAC_TYPE":null,"RTE_1HR":null,"RTE_2HR":null,"RTE_3HR":null,"RTE_ALLDAY":null,"DISABLED":null,"OP_NAME":null,"OP_PHONE":null,"OP_PHONE2":null,"OP_WEB":null,"PAYMENT_TYPE":null,"OTHER":"N","WEBNAME":null,"REGIONID":null,"OUTOFSERV":null,"VACANT":null,"STATUS":null,"DATETIME":null,"SE_ANNO_CAD_DATA":"","SIGNID":null,"GlobalID":"c1cb1009-a804-4ac3-bff5-9a9c43decce1"}},{"type":"Feature","id":230216,"geometry":{"type":"Point","coordinates":[-122.325704553289,47.6007126785274]},"properties":{"OBJECTID":230216,"BUSLIC_ID":666623,"BUSLIC_LOCATION_ID":690382,"DEA_FACILITY_OWNER":null,"DEA_FACILITY_NAME":"UNITED PARKING  4591","DEA_BUSINESS_CONTACT":"JONATHAN DIAMOND","DEA_BUSINESS_PHONE":"2062843100           ","DEA_FACILITY_ADDRESS":"601 S WASHINGTON ST, SEATTLE, WA 98104","DEA_STALLS":40,"FAC_NAME":"UNITED PARKING  4591","HRS_MONFRI":null,"HRS_SAT":null,"HRS_SUN":null,"FAC_TYPE":null,"RTE_1HR":null,"RTE_2HR":null,"RTE_3HR":null,"RTE_ALLDAY":null,"DISABLED":null,"OP_NAME":null,"OP_PHONE":null,"OP_PHONE2":null,"OP_WEB":null,"PAYMENT_TYPE":null,"OTHER":"N","WEBNAME":null,"REGIONID":null,"OUTOFSERV":null,"VACANT":null,"STATUS":null,"DATETIME":null,"SE_ANNO_CAD_DATA":"","SIGNID":null,"GlobalID":"58bc8ddb-7537-471d-8271-1c923cae9101"}},{"type":"Feature","id":230217,"geometry":{"type":"Point","coordinates":[-122.32728583933,47.5994838985277]},"properties":{"OBJECTID":230217,"BUSLIC_ID":462133,"BUSLIC_LOCATION_ID":543204,"DEA_FACILITY_OWNER":null,"DEA_FACILITY_NAME":"IPM  23","DEA_BUSINESS_CONTACT":"JOAN SUNDBERG","DEA_BUSINESS_PHONE":"2069327809           ","DEA_FACILITY_ADDRESS":"500 S JACKSON ST, SEATTLE, WA 98104","DEA_STALLS":100,"FAC_NAME":"IPM  23","HRS_MONFRI":null,"HRS_SAT":null,"HRS_SUN":null,"FAC_TYPE":null,"RTE_1HR":null,"RTE_2HR":null,"RTE_3HR":null,"RTE_ALLDAY":null,"DISABLED":null,"OP_NAME":null,"OP_PHONE":null,"OP_PHONE2":null,"OP_WEB":null,"PAYMENT_TYPE":null,"OTHER":"N","WEBNAME":null,"REGIONID":null,"OUTOFSERV":null,"VACANT":null,"STATUS":null,"DATETIME":null,"SE_ANNO_CAD_DATA":"","SIGNID":null,"GlobalID":"e0d8dfb5-28c3-44c8-81a0-173dd4e62f60"}},{"type":"Feature","id":230218,"geometry":{"type":"Point","coordinates":[-122.333905310221,47.6080375848486]},"properties":{"OBJECTID":230218,"BUSLIC_ID":594396,"BUSLIC_LOCATION_ID":639444,"DEA_FACILITY_OWNER":null,"DEA_FACILITY_NAME":"THE FAIRMONT OLYMPIC HOTEL VALET PARKING MGT","DEA_BUSINESS_CONTACT":"KEITH JONES","DEA_BUSINESS_PHONE":"2066525515           ","DEA_FACILITY_ADDRESS":"411 UNIVERSITY ST, SEATTLE, WA 98101","DEA_STALLS":0,"FAC_NAME":"THE FAIRMONT OLYMPIC HOTEL VALET PARKING MGT","HRS_MONFRI":null,"HRS_SAT":null,"HRS_SUN":null,"FAC_TYPE":null,"RTE_1HR":null,"RTE_2HR":null,"RTE_3HR":null,"RTE_ALLDAY":null,"DISABLED":null,"OP_NAME":null,"OP_PHONE":null,"OP_PHONE2":null,"OP_WEB":null,"PAYMENT_TYPE":null,"OTHER":"N","WEBNAME":null,"REGIONID":null,"OUTOFSERV":null,"VACANT":null,"STATUS":null,"DATETIME":null,"SE_ANNO_CAD_DATA":"","SIGNID":null,"GlobalID":"68ad538f-dc63-4bd6-855b-4e733aa726b7"}},{"type":"Feature","id":230219,"geometry":{"type":"Point","coordinates":[-122.318310196664,47.6582115509872]},"properties":{"OBJECTID":230219,"BUSLIC_ID":712646,"BUSLIC_LOCATION_ID":723322,"DEA_FACILITY_OWNER":null,"DEA_FACILITY_NAME":"IMPARK   4225 ROOSEVELT WAY NE","DEA_BUSINESS_CONTACT":"EDWARD DANYLUK","DEA_BUSINESS_PHONE":"2063811789           ","DEA_FACILITY_ADDRESS":"4225 ROOSEVELT WAY NE, SEATTLE, WA 98105","DEA_STALLS":205,"FAC_NAME":"IMPARK   4225 ROOSEVELT WAY NE","HRS_MONFRI":null,"HRS_SAT":null,"HRS_SUN":null,"FAC_TYPE":null,"RTE_1HR":null,"RTE_2HR":null,"RTE_3HR":null,"RTE_ALLDAY":null,"DISABLED":null,"OP_NAME":null,"OP_PHONE":null,"OP_PHONE2":null,"OP_WEB":null,"PAYMENT_TYPE":null,"OTHER":"N","WEBNAME":null,"REGIONID":null,"OUTOFSERV":null,"VACANT":null,"STATUS":null,"DATETIME":null,"SE_ANNO_CAD_DATA":"","SIGNID":null,"GlobalID":"aeb1ed27-e6ef-47ef-b80e-525d2b6d3269"}},{"type":"Feature","id":230220,"geometry":{"type":"Point","coordinates":[-122.318300798916,47.6588416043905]},"properties":{"OBJECTID":230220,"BUSLIC_ID":712647,"BUSLIC_LOCATION_ID":723324,"DEA_FACILITY_OWNER":null,"DEA_FACILITY_NAME":"IMPARK 143","DEA_BUSINESS_CONTACT":"EDWARD DANYLUK","DEA_BUSINESS_PHONE":"2063811789           ","DEA_FACILITY_ADDRESS":"4245 ROOSEVELT WAY NE, SEATTLE, WA 98105","DEA_STALLS":205,"FAC_NAME":"IMPARK 143","HRS_MONFRI":null,"HRS_SAT":null,"HRS_SUN":null,"FAC_TYPE":null,"RTE_1HR":null,"RTE_2HR":null,"RTE_3HR":null,"RTE_ALLDAY":null,"DISABLED":null,"OP_NAME":null,"OP_PHONE":null,"OP_PHONE2":null,"OP_WEB":null,"PAYMENT_TYPE":null,"OTHER":"N","WEBNAME":null,"REGIONID":null,"OUTOFSERV":null,"VACANT":null,"STATUS":null,"DATETIME":null,"SE_ANNO_CAD_DATA":"","SIGNID":null,"GlobalID":"29e8e4f4-cb22-4d19-8840-2424bd96b5be"}},{"type":"Feature","id":230221,"geometry":{"type":"Point","coordinates":[-122.316343578288,47.6033395197353]},"properties":{"OBJECTID":230221,"BUSLIC_ID":674507,"BUSLIC_LOCATION_ID":583158,"DEA_FACILITY_OWNER":null,"DEA_FACILITY_NAME":"DIAMOND PARKING  A492","DEA_BUSINESS_CONTACT":"JONATHAN DIAMOND","DEA_BUSINESS_PHONE":"2069929475           ","DEA_FACILITY_ADDRESS":"1203 E SPRUCE ST, SEATTLE, WA 98102","DEA_STALLS":30,"FAC_NAME":"DIAMOND PARKING  A492","HRS_MONFRI":null,"HRS_SAT":null,"HRS_SUN":null,"FAC_TYPE":null,"RTE_1HR":null,"RTE_2HR":null,"RTE_3HR":null,"RTE_ALLDAY":null,"DISABLED":null,"OP_NAME":null,"OP_PHONE":null,"OP_PHONE2":null,"OP_WEB":null,"PAYMENT_TYPE":null,"OTHER":"N","WEBNAME":null,"REGIONID":null,"OUTOFSERV":null,"VACANT":null,"STATUS":null,"DATETIME":null,"SE_ANNO_CAD_DATA":"","SIGNID":null,"GlobalID":"27341a1a-5913-4854-8561-ae9918a0b538"}},{"type":"Feature","id":230222,"geometry":{"type":"Point","coordinates":[-122.348732206749,47.6131732395974]},"properties":{"OBJECTID":230222,"BUSLIC_ID":560406,"BUSLIC_LOCATION_ID":614641,"DEA_FACILITY_OWNER":null,"DEA_FACILITY_NAME":"REPUBLIC PARKING 245 MARS HILL CHURCH LOT","DEA_BUSINESS_CONTACT":"GARY BECK","DEA_BUSINESS_PHONE":"2067834144           ","DEA_FACILITY_ADDRESS":"2333 WESTERN AVE, SEATTLE, WA 98121","DEA_STALLS":22,"FAC_NAME":"REPUBLIC PARKING 245 MARS HILL CHURCH LOT","HRS_MONFRI":null,"HRS_SAT":null,"HRS_SUN":null,"FAC_TYPE":null,"RTE_1HR":null,"RTE_2HR":null,"RTE_3HR":null,"RTE_ALLDAY":null,"DISABLED":null,"OP_NAME":null,"OP_PHONE":null,"OP_PHONE2":null,"OP_WEB":null,"PAYMENT_TYPE":null,"OTHER":"N","WEBNAME":null,"REGIONID":null,"OUTOFSERV":null,"VACANT":null,"STATUS":null,"DATETIME":null,"SE_ANNO_CAD_DATA":"","SIGNID":null,"GlobalID":"4e518090-3741-4910-8918-0b544ddc8960"}},{"type":"Feature","id":230223,"geometry":{"type":"Point","coordinates":[-122.348358474326,47.6124540227848]},"properties":{"OBJECTID":230223,"BUSLIC_ID":724931,"BUSLIC_LOCATION_ID":733310,"DEA_FACILITY_OWNER":null,"DEA_FACILITY_NAME":"IMPARK 138","DEA_BUSINESS_CONTACT":"EDWARD DANYLUK","DEA_BUSINESS_PHONE":"2063811789           ","DEA_FACILITY_ADDRESS":"2300 ELLIOTT AVE, SEATTLE, WA 98121","DEA_STALLS":127,"FAC_NAME":"IMPARK 138","HRS_MONFRI":null,"HRS_SAT":null,"HRS_SUN":null,"FAC_TYPE":null,"RTE_1HR":null,"RTE_2HR":null,"RTE_3HR":null,"RTE_ALLDAY":null,"DISABLED":null,"OP_NAME":null,"OP_PHONE":null,"OP_PHONE2":null,"OP_WEB":null,"PAYMENT_TYPE":null,"OTHER":"N","WEBNAME":null,"REGIONID":null,"OUTOFSERV":null,"VACANT":null,"STATUS":null,"DATETIME":null,"SE_ANNO_CAD_DATA":"","SIGNID":null,"GlobalID":"d452728c-e426-4ee4-b67a-1a46879e0b92"}},{"type":"Feature","id":230224,"geometry":{"type":"Point","coordinates":[-122.383488656143,47.6674080298687]},"properties":{"OBJECTID":230224,"BUSLIC_ID":704599,"BUSLIC_LOCATION_ID":717275,"DEA_FACILITY_OWNER":null,"DEA_FACILITY_NAME":"REPUBLIC PARKING  109","DEA_BUSINESS_CONTACT":"GARY BECK","DEA_BUSINESS_PHONE":"2067834144           ","DEA_FACILITY_ADDRESS":"5433 LEARY AVE NW, SEATTLE, WA 98107","DEA_STALLS":28,"FAC_NAME":"REPUBLIC PARKING  109","HRS_MONFRI":null,"HRS_SAT":null,"HRS_SUN":null,"FAC_TYPE":null,"RTE_1HR":null,"RTE_2HR":null,"RTE_3HR":null,"RTE_ALLDAY":null,"DISABLED":null,"OP_NAME":null,"OP_PHONE":null,"OP_PHONE2":null,"OP_WEB":null,"PAYMENT_TYPE":null,"OTHER":"N","WEBNAME":null,"REGIONID":null,"OUTOFSERV":null,"VACANT":null,"STATUS":null,"DATETIME":null,"SE_ANNO_CAD_DATA":"","SIGNID":null,"GlobalID":"85ad5e2b-734e-435a-aa73-c17a9c76e131"}},{"type":"Feature","id":230225,"geometry":{"type":"Point","coordinates":[-122.318426320254,47.6127114578018]},"properties":{"OBJECTID":230225,"BUSLIC_ID":652001,"BUSLIC_LOCATION_ID":679931,"DEA_FACILITY_OWNER":null,"DEA_FACILITY_NAME":"DIAMOND PARKING  A454","DEA_BUSINESS_CONTACT":"JONATHAN DIAMOND","DEA_BUSINESS_PHONE":"2062843100           ","DEA_FACILITY_ADDRESS":"1161 11TH AVE, SEATTLE, WA 98122","DEA_STALLS":9,"FAC_NAME":"DIAMOND PARKING  A454","HRS_MONFRI":null,"HRS_SAT":null,"HRS_SUN":null,"FAC_TYPE":null,"RTE_1HR":null,"RTE_2HR":null,"RTE_3HR":null,"RTE_ALLDAY":null,"DISABLED":null,"OP_NAME":null,"OP_PHONE":null,"OP_PHONE2":null,"OP_WEB":null,"PAYMENT_TYPE":null,"OTHER":"N","WEBNAME":null,"REGIONID":null,"OUTOFSERV":null,"VACANT":null,"STATUS":null,"DATETIME":null,"SE_ANNO_CAD_DATA":"","SIGNID":null,"GlobalID":"3494f375-fb96-4711-ad74-210338003015"}},{"type":"Feature","id":230226,"geometry":{"type":"Point","coordinates":[-122.316414737771,47.6134298333499]},"properties":{"OBJECTID":230226,"BUSLIC_ID":574698,"BUSLIC_LOCATION_ID":586728,"DEA_FACILITY_OWNER":null,"DEA_FACILITY_NAME":"DIAMOND PARKING  A947","DEA_BUSINESS_CONTACT":"JONATHAN DIAMOND","DEA_BUSINESS_PHONE":"2062846303           ","DEA_FACILITY_ADDRESS":"1412 12TH AVE E, SEATTLE, WA 98102","DEA_STALLS":36,"FAC_NAME":"DIAMOND PARKING  A947","HRS_MONFRI":null,"HRS_SAT":null,"HRS_SUN":null,"FAC_TYPE":null,"RTE_1HR":null,"RTE_2HR":null,"RTE_3HR":null,"RTE_ALLDAY":null,"DISABLED":null,"OP_NAME":null,"OP_PHONE":null,"OP_PHONE2":null,"OP_WEB":null,"PAYMENT_TYPE":null,"OTHER":"N","WEBNAME":null,"REGIONID":null,"OUTOFSERV":null,"VACANT":null,"STATUS":null,"DATETIME":null,"SE_ANNO_CAD_DATA":"","SIGNID":null,"GlobalID":"62565633-1582-443b-9ac5-48b9d47ddc88"}},{"type":"Feature","id":230227,"geometry":{"type":"Point","coordinates":[-122.335884616775,47.6086916115162]},"properties":{"OBJECTID":230227,"BUSLIC_ID":623779,"BUSLIC_LOCATION_ID":660161,"DEA_FACILITY_OWNER":"REPUBLIC PARKING N W INC","DEA_FACILITY_NAME":"REPUBLIC PARKING #30-103 - PUGET SOUND PLAZA/COBB","DEA_BUSINESS_CONTACT":"GARY BECK","DEA_BUSINESS_PHONE":"2067834144           ","DEA_FACILITY_ADDRESS":"1325 4TH AVE, SEATTLE, WA 98101","DEA_STALLS":591,"FAC_NAME":"30-103 PS Plaza/Cobb Building","HRS_MONFRI":null,"HRS_SAT":null,"HRS_SUN":null,"FAC_TYPE":"GARAGE","RTE_1HR":"10","RTE_2HR":"13","RTE_3HR":"17","RTE_ALLDAY":"35","DISABLED":null,"OP_NAME":"Republic Parking Northwest","OP_PHONE":null,"OP_PHONE2":null,"OP_WEB":"http://www.rpnw.com/lot/seattle/30-103","PAYMENT_TYPE":null,"OTHER":"N","WEBNAME":"PSP/COBB GARAGE","REGIONID":8,"OUTOFSERV":"N","VACANT":393,"STATUS":"393","DATETIME":"Tue, 07 Jul 2020 10:18:19 GMT","SE_ANNO_CAD_DATA":"","SIGNID":"G7","GlobalID":"d33d7349-f102-4c93-ad9c-ce411b343a3c"}},{"type":"Feature","id":230228,"geometry":{"type":"Point","coordinates":[-122.338031218376,47.6044871359421]},"properties":{"OBJECTID":230228,"BUSLIC_ID":617364,"BUSLIC_LOCATION_ID":655407,"DEA_FACILITY_OWNER":"IMPERIAL PARKING US INC","DEA_FACILITY_NAME":"IMPARK #            - WATERFRONT PLACE GARAGE","DEA_BUSINESS_CONTACT":"EDWARD DANYLUK","DEA_BUSINESS_PHONE":"2063811789           ","DEA_FACILITY_ADDRESS":"1109 WESTERN AV, SEATTLE, WA 98101","DEA_STALLS":194,"FAC_NAME":"Waterfront Place - Lot 103","HRS_MONFRI":null,"HRS_SAT":null,"HRS_SUN":null,"FAC_TYPE":"GARAGE","RTE_1HR":"6","RTE_2HR":null,"RTE_3HR":null,"RTE_ALLDAY":null,"DISABLED":null,"OP_NAME":"IMPARK","OP_PHONE":null,"OP_PHONE2":null,"OP_WEB":"https://lots.impark.com/imp?_ga=1.48952358.1277140387.1429651959#details=25,103","PAYMENT_TYPE":null,"OTHER":"N","WEBNAME":"WATERFRONT PLACE GARAGE","REGIONID":22,"OUTOFSERV":"N","VACANT":211,"STATUS":"OPEN","DATETIME":"Tue, 07 Jul 2020 10:18:19 GMT","SE_ANNO_CAD_DATA":"","SIGNID":"G19","GlobalID":"fd98896e-d971-4540-b201-453fe6a4a134"}},{"type":"Feature","id":230229,"geometry":{"type":"Point","coordinates":[-122.341397239132,47.6079132663116]},"properties":{"OBJECTID":230229,"BUSLIC_ID":83092,"BUSLIC_LOCATION_ID":76120,"DEA_FACILITY_OWNER":"REPUBLIC PARKING N W INC","DEA_FACILITY_NAME":"REPUBLIC PARKING #54","DEA_BUSINESS_CONTACT":"GARY BECK","DEA_BUSINESS_PHONE":"2067834144           ","DEA_FACILITY_ADDRESS":"1422 ALASKAN WY, SEATTLE, WA   98101","DEA_STALLS":147,"FAC_NAME":"Hillclimb Garage","HRS_MONFRI":"10:00am - 6:00pm","HRS_SAT":"9:00am - 8:00pm","HRS_SUN":"9:00am - 6:00pm","FAC_TYPE":"GARAGE","RTE_1HR":"3","RTE_2HR":"6","RTE_3HR":"9","RTE_ALLDAY":"18","DISABLED":"2","OP_NAME":"Republic Parking Northwest","OP_PHONE":null,"OP_PHONE2":null,"OP_WEB":"http://www.rpnw.com/lot/seattle/30-064","PAYMENT_TYPE":null,"OTHER":"N","WEBNAME":"HILLCLIMB GARAGE","REGIONID":21,"OUTOFSERV":"N","VACANT":183,"STATUS":"CLOSED","DATETIME":"Tue, 07 Jul 2020 10:18:19 GMT","SE_ANNO_CAD_DATA":"","SIGNID":"G14","GlobalID":"a3dc9c19-ffdb-4b46-ac17-221f46d715d7"}},{"type":"Feature","id":230230,"geometry":{"type":"Point","coordinates":[-122.338788719875,47.6096731386638]},"properties":{"OBJECTID":230230,"BUSLIC_ID":544793,"BUSLIC_LOCATION_ID":603198,"DEA_FACILITY_OWNER":"REPUBLIC PARKING N W INC","DEA_FACILITY_NAME":"REPUBLIC PARKING #533","DEA_BUSINESS_CONTACT":"GARY BECK","DEA_BUSINESS_PHONE":"2067834144           ","DEA_FACILITY_ADDRESS":"1500 2ND AVE, SEATTLE, WA   98101","DEA_STALLS":322,"FAC_NAME":"West Edge","HRS_MONFRI":"6am - 11pm","HRS_SAT":"8am - 2am","HRS_SUN":"8am - 7pm","FAC_TYPE":"GARAGE","RTE_1HR":"7","RTE_2HR":"12","RTE_3HR":"13","RTE_ALLDAY":"23","DISABLED":null,"OP_NAME":null,"OP_PHONE":null,"OP_PHONE2":null,"OP_WEB":"http://www.rpnw.com/lot/seattle/30-533","PAYMENT_TYPE":null,"OTHER":"N","WEBNAME":"REPUBLIC","REGIONID":24,"OUTOFSERV":"N","VACANT":252,"STATUS":"CLD","DATETIME":"Tue, 07 Jul 2020 10:18:19 GMT","SE_ANNO_CAD_DATA":"","SIGNID":"G22","GlobalID":"bc0ff2f9-dd5f-4357-a2e6-d58d7b6daec0"}},{"type":"Feature","id":230231,"geometry":{"type":"Point","coordinates":[-122.334040868508,47.6102248638718]},"properties":{"OBJECTID":230231,"BUSLIC_ID":668,"BUSLIC_LOCATION_ID":544,"DEA_FACILITY_OWNER":"WASHINGTON ATHLETIC CLUB","DEA_FACILITY_NAME":"WAC PARKING","DEA_BUSINESS_CONTACT":"G BRIGGS","DEA_BUSINESS_PHONE":"2064643059           ","DEA_FACILITY_ADDRESS":"1409 6TH AV, SEATTLE, WA   98101","DEA_STALLS":170,"FAC_NAME":"WAC Garage","HRS_MONFRI":"24 hours","HRS_SAT":"24 hours","HRS_SUN":"24 hours","FAC_TYPE":"GARAGE","RTE_1HR":"9","RTE_2HR":"12","RTE_3HR":"15","RTE_ALLDAY":"35","DISABLED":"5","OP_NAME":"WAC","OP_PHONE":"(206) 622-7900","OP_PHONE2":null,"OP_WEB":"https://www.wac.net/about-the-wac/parking/","PAYMENT_TYPE":null,"OTHER":"N","WEBNAME":"WAC PARKING","REGIONID":9,"OUTOFSERV":"N","VACANT":276,"STATUS":"276","DATETIME":"Tue, 07 Jul 2020 10:18:19 GMT","SE_ANNO_CAD_DATA":"","SIGNID":"G11","GlobalID":"d5ffcd82-656f-4a9c-a847-e3ee4166c2fc"}},{"type":"Feature","id":230232,"geometry":{"type":"Point","coordinates":[-122.339466042944,47.6110069348842]},"properties":{"OBJECTID":230232,"BUSLIC_ID":523815,"BUSLIC_LOCATION_ID":587227,"DEA_FACILITY_OWNER":"REPUBLIC PARKING N W INC","DEA_FACILITY_NAME":"REPUBLIC PARKING #526","DEA_BUSINESS_CONTACT":"GARY BECK","DEA_BUSINESS_PHONE":"2067834144           ","DEA_FACILITY_ADDRESS":"1619 3RD AVE, SEATTLE, WA 98101","DEA_STALLS":754,"FAC_NAME":"3rd and Stewart Garage","HRS_MONFRI":"5:30am - 12:00am","HRS_SAT":"7:00am - 12:00am","HRS_SUN":"9:00am - 8:00pm","FAC_TYPE":"GARAGE","RTE_1HR":"8","RTE_2HR":"14","RTE_3HR":"18","RTE_ALLDAY":"36","DISABLED":"14","OP_NAME":"Republic Parking Northwest","OP_PHONE":"(206) 783-4144","OP_PHONE2":null,"OP_WEB":"http://www.rpnw.com/lot/seattle/30-071","PAYMENT_TYPE":null,"OTHER":"N","WEBNAME":"3RD & STEWART","REGIONID":6,"OUTOFSERV":"N","VACANT":657,"STATUS":"657","DATETIME":"Tue, 07 Jul 2020 10:18:19 GMT","SE_ANNO_CAD_DATA":"","SIGNID":"G3","GlobalID":"6c94311c-0b05-4c50-9f60-1c56418f126f"}},{"type":"Feature","id":230233,"geometry":{"type":"Point","coordinates":[-122.348965255378,47.6123365899572]},"properties":{"OBJECTID":230233,"BUSLIC_ID":83122,"BUSLIC_LOCATION_ID":76135,"DEA_FACILITY_OWNER":"REPUBLIC PARKING N W INC","DEA_FACILITY_NAME":"REPUBLIC PARKING #28","DEA_BUSINESS_CONTACT":"GARY BECK","DEA_BUSINESS_PHONE":"2067834144           ","DEA_FACILITY_ADDRESS":"9 Wall Street, SEATTLE, WA   98121","DEA_STALLS":1511,"FAC_NAME":"30-028 Bell Street Pier Garage","HRS_MONFRI":"6:00am - 12:00am","HRS_SAT":"6:00am - 1:00am","HRS_SUN":"6:00am - 12:00am","FAC_TYPE":"GARAGE","RTE_1HR":"5","RTE_2HR":"8","RTE_3HR":"12","RTE_ALLDAY":"22","DISABLED":"14","OP_NAME":"Republic Parking Northwest","OP_PHONE":"(206) 443-1793","OP_PHONE2":null,"OP_WEB":"http://www.rpnw.com/lot/seattle/30-028","PAYMENT_TYPE":null,"OTHER":"N","WEBNAME":"BELL ST PIER","REGIONID":18,"OUTOFSERV":"Y","VACANT":458,"STATUS":"458","DATETIME":"Tue, 07 Jul 2020 10:18:21 GMT","SE_ANNO_CAD_DATA":"","SIGNID":"G13","GlobalID":"86f49a29-33e0-457c-9900-4d73cb1ce3e3"}},{"type":"Feature","id":230234,"geometry":{"type":"Point","coordinates":[-122.338061975798,47.6054703088393]},"properties":{"OBJECTID":230234,"BUSLIC_ID":83090,"BUSLIC_LOCATION_ID":76119,"DEA_FACILITY_OWNER":"REPUBLIC PARKING N W INC","DEA_FACILITY_NAME":"REPUBLIC PARKING #53","DEA_BUSINESS_CONTACT":"GARY BECK","DEA_BUSINESS_PHONE":"2067834144           ","DEA_FACILITY_ADDRESS":"1108 WESTERN AV, SEATTLE, WA   98101","DEA_STALLS":121,"FAC_NAME":null,"HRS_MONFRI":"6:30am - 8:00pm","HRS_SAT":"10:00am - 8:00pm","HRS_SUN":"11:00am - 6:00pm","FAC_TYPE":"GARAGE","RTE_1HR":"3","RTE_2HR":"6","RTE_3HR":"9","RTE_ALLDAY":"30","DISABLED":null,"OP_NAME":null,"OP_PHONE":null,"OP_PHONE2":null,"OP_WEB":"http://www.rpnw.com/lot/seattle/30-063","PAYMENT_TYPE":null,"OTHER":"N","WEBNAME":"WATERMARK TOWER GARAGE","REGIONID":20,"OUTOFSERV":"N","VACANT":128,"STATUS":"CLOSED","DATETIME":"Tue, 07 Jul 2020 10:18:19 GMT","SE_ANNO_CAD_DATA":"","SIGNID":"G18","GlobalID":"c91f8e9e-b1d0-447c-89de-fa58b6052352"}},{"type":"Feature","id":230235,"geometry":{"type":"Point","coordinates":[-122.33167148145,47.6119476600079]},"properties":{"OBJECTID":230235,"BUSLIC_ID":619449,"BUSLIC_LOCATION_ID":656903,"DEA_FACILITY_OWNER":"WASHINGTON STATE CONVENTION CENTER - PFD","DEA_FACILITY_NAME":"WASHINGTON STATE CONVENTION CENTER - PFD","DEA_BUSINESS_CONTACT":"JEFF BLOSSER","DEA_BUSINESS_PHONE":"2066945025           ","DEA_FACILITY_ADDRESS":"800 CONVENTION PL, SEATTLE, WA 98101-2350","DEA_STALLS":805,"FAC_NAME":"Convention Center","HRS_MONFRI":"5:30am - 12:00am","HRS_SAT":"5:30am - 12:00am","HRS_SUN":"5:30am - 12:00am","FAC_TYPE":"GARAGE","RTE_1HR":"5","RTE_2HR":"8","RTE_3HR":"10","RTE_ALLDAY":"29","DISABLED":null,"OP_NAME":null,"OP_PHONE":"(206) 694-5000","OP_PHONE2":null,"OP_WEB":"http://www.wscc.com/parking-directions","PAYMENT_TYPE":null,"OTHER":"N","WEBNAME":"CONVENTION CENTER GARAGE","REGIONID":27,"OUTOFSERV":"N","VACANT":83,"STATUS":"CLOSED","DATETIME":"Tue, 07 Jul 2020 10:18:19 GMT","SE_ANNO_CAD_DATA":"","SIGNID":"G9","GlobalID":"58cda776-662b-41de-a4ff-5186975a8700"}},{"type":"Feature","id":230236,"geometry":{"type":"Point","coordinates":[-122.342130590681,47.6089786608896]},"properties":{"OBJECTID":230236,"BUSLIC_ID":18153,"BUSLIC_LOCATION_ID":16048,"DEA_FACILITY_OWNER":"PIKE PLACE MARKET PDA","DEA_FACILITY_NAME":"MARKET PARKING #5","DEA_BUSINESS_CONTACT":null,"DEA_BUSINESS_PHONE":"2066254764           ","DEA_FACILITY_ADDRESS":"1531 WESTERN AV, SEATTLE, WA   98101","DEA_STALLS":540,"FAC_NAME":"Public Market Garage","HRS_MONFRI":"5:00am - 2:00am","HRS_SAT":"5:00am - 2:00am","HRS_SUN":"5:00am - 2:00am","FAC_TYPE":"GARAGE","RTE_1HR":"3","RTE_2HR":"6","RTE_3HR":"9","RTE_ALLDAY":"40","DISABLED":"6","OP_NAME":"PIKE PLACE MARKET","OP_PHONE":"(206) 774-5237","OP_PHONE2":null,"OP_WEB":"http://www.pikeplacemarket.org/public-market-garage","PAYMENT_TYPE":null,"OTHER":"N","WEBNAME":"PUBLIC MARKET GARAGE","REGIONID":7,"OUTOFSERV":"N","VACANT":692,"STATUS":"681","DATETIME":"Tue, 07 Jul 2020 10:18:19 GMT","SE_ANNO_CAD_DATA":"","SIGNID":"G2","GlobalID":"0c7388c4-ca14-4e49-aee9-3832b64fdd3c"}},{"type":"Feature","id":230237,"geometry":{"type":"Point","coordinates":[-122.325920741405,47.6144921543945]},"properties":{"OBJECTID":230237,"BUSLIC_ID":654042,"BUSLIC_LOCATION_ID":681526,"DEA_FACILITY_OWNER":null,"DEA_FACILITY_NAME":"REPUBLIC PARKING 30 006 SUMMIT GARAGE","DEA_BUSINESS_CONTACT":"GARY BECK","DEA_BUSINESS_PHONE":"2067834144           ","DEA_FACILITY_ADDRESS":"420 E PIKE ST, SEATTLE, WA 98122","DEA_STALLS":113,"FAC_NAME":"REPUBLIC PARKING 30 006 SUMMIT GARAGE","HRS_MONFRI":null,"HRS_SAT":null,"HRS_SUN":null,"FAC_TYPE":null,"RTE_1HR":null,"RTE_2HR":null,"RTE_3HR":null,"RTE_ALLDAY":null,"DISABLED":null,"OP_NAME":null,"OP_PHONE":null,"OP_PHONE2":null,"OP_WEB":null,"PAYMENT_TYPE":null,"OTHER":"N","WEBNAME":null,"REGIONID":null,"OUTOFSERV":null,"VACANT":null,"STATUS":null,"DATETIME":null,"SE_ANNO_CAD_DATA":"","SIGNID":null,"GlobalID":"768a8bdb-b855-4d21-add3-81e38527ef56"}},{"type":"Feature","id":230238,"geometry":{"type":"Point","coordinates":[-122.328573038681,47.6132937155273]},"properties":{"OBJECTID":230238,"BUSLIC_ID":588425,"BUSLIC_LOCATION_ID":635163,"DEA_FACILITY_OWNER":null,"DEA_FACILITY_NAME":"DIAMOND PARKING  A113","DEA_BUSINESS_CONTACT":"JONATHAN DIAMOND","DEA_BUSINESS_PHONE":"2062846303           ","DEA_FACILITY_ADDRESS":"1101 PIKE ST, SEATTLE, WA 98101","DEA_STALLS":18,"FAC_NAME":"DIAMOND PARKING  A113","HRS_MONFRI":null,"HRS_SAT":null,"HRS_SUN":null,"FAC_TYPE":null,"RTE_1HR":null,"RTE_2HR":null,"RTE_3HR":null,"RTE_ALLDAY":null,"DISABLED":null,"OP_NAME":null,"OP_PHONE":null,"OP_PHONE2":null,"OP_WEB":null,"PAYMENT_TYPE":null,"OTHER":"N","WEBNAME":null,"REGIONID":null,"OUTOFSERV":null,"VACANT":null,"STATUS":null,"DATETIME":null,"SE_ANNO_CAD_DATA":"","SIGNID":null,"GlobalID":"5c7dbee0-839e-446b-aee1-5fbd186686d5"}},{"type":"Feature","id":230239,"geometry":{"type":"Point","coordinates":[-122.324538568386,47.6113605840645]},"properties":{"OBJECTID":230239,"BUSLIC_ID":716836,"BUSLIC_LOCATION_ID":726755,"DEA_FACILITY_OWNER":null,"DEA_FACILITY_NAME":"ABM PARKING 6177 VMMC TATE MASON LOT","DEA_BUSINESS_CONTACT":null,"DEA_BUSINESS_PHONE":"2062670446           ","DEA_FACILITY_ADDRESS":"1215 SENECA ST, SEATTLE, WA 98101","DEA_STALLS":27,"FAC_NAME":"ABM PARKING 6177 VMMC TATE MASON LOT","HRS_MONFRI":null,"HRS_SAT":null,"HRS_SUN":null,"FAC_TYPE":null,"RTE_1HR":null,"RTE_2HR":null,"RTE_3HR":null,"RTE_ALLDAY":null,"DISABLED":null,"OP_NAME":null,"OP_PHONE":null,"OP_PHONE2":null,"OP_WEB":null,"PAYMENT_TYPE":null,"OTHER":"N","WEBNAME":null,"REGIONID":null,"OUTOFSERV":null,"VACANT":null,"STATUS":null,"DATETIME":null,"SE_ANNO_CAD_DATA":"","SIGNID":null,"GlobalID":"c1a52574-ce98-4863-9219-7cfbf78f3d70"}},{"type":"Feature","id":230240,"geometry":{"type":"Point","coordinates":[-122.324538568386,47.6113605840645]},"properties":{"OBJECTID":230240,"BUSLIC_ID":721028,"BUSLIC_LOCATION_ID":730225,"DEA_FACILITY_OWNER":null,"DEA_FACILITY_NAME":"DIAMOND PARKING SERVICES A673","DEA_BUSINESS_CONTACT":"JONATHAN DIAMOND","DEA_BUSINESS_PHONE":"2062843100           ","DEA_FACILITY_ADDRESS":"1111 SUMMIT AVE, SEATTLE, WA 98101","DEA_STALLS":26,"FAC_NAME":"DIAMOND PARKING SERVICES A673","HRS_MONFRI":null,"HRS_SAT":null,"HRS_SUN":null,"FAC_TYPE":null,"RTE_1HR":null,"RTE_2HR":null,"RTE_3HR":null,"RTE_ALLDAY":null,"DISABLED":null,"OP_NAME":null,"OP_PHONE":null,"OP_PHONE2":null,"OP_WEB":null,"PAYMENT_TYPE":null,"OTHER":"N","WEBNAME":null,"REGIONID":null,"OUTOFSERV":null,"VACANT":null,"STATUS":null,"DATETIME":null,"SE_ANNO_CAD_DATA":"","SIGNID":null,"GlobalID":"371cfcf5-f3ae-4bfb-bf56-7a5ac3ffa3a3"}},{"type":"Feature","id":230241,"geometry":{"type":"Point","coordinates":[-122.323487623082,47.6111853726937]},"properties":{"OBJECTID":230241,"BUSLIC_ID":588402,"BUSLIC_LOCATION_ID":635170,"DEA_FACILITY_OWNER":null,"DEA_FACILITY_NAME":"DIAMOND PARKING  A286","DEA_BUSINESS_CONTACT":"JONATHAN DIAMOND","DEA_BUSINESS_PHONE":"2062846303           ","DEA_FACILITY_ADDRESS":"1300 SPRING ST, SEATTLE, WA 98104","DEA_STALLS":16,"FAC_NAME":"DIAMOND PARKING  A286","HRS_MONFRI":null,"HRS_SAT":null,"HRS_SUN":null,"FAC_TYPE":null,"RTE_1HR":null,"RTE_2HR":null,"RTE_3HR":null,"RTE_ALLDAY":null,"DISABLED":null,"OP_NAME":null,"OP_PHONE":null,"OP_PHONE2":null,"OP_WEB":null,"PAYMENT_TYPE":null,"OTHER":"N","WEBNAME":null,"REGIONID":null,"OUTOFSERV":null,"VACANT":null,"STATUS":null,"DATETIME":null,"SE_ANNO_CAD_DATA":"","SIGNID":null,"GlobalID":"c5f71b84-a756-4fc1-a6ad-d183c86c9e3e"}},{"type":"Feature","id":230242,"geometry":{"type":"Point","coordinates":[-122.332282067886,47.6175593012564]},"properties":{"OBJECTID":230242,"BUSLIC_ID":666619,"BUSLIC_LOCATION_ID":690379,"DEA_FACILITY_OWNER":null,"DEA_FACILITY_NAME":"DIAMOND PARKING  A477","DEA_BUSINESS_CONTACT":"JONATHAN DIAMOND","DEA_BUSINESS_PHONE":"2062843100           ","DEA_FACILITY_ADDRESS":"1901 MINOR AVE, SEATTLE, WA 98101","DEA_STALLS":72,"FAC_NAME":"DIAMOND PARKING  A477","HRS_MONFRI":null,"HRS_SAT":null,"HRS_SUN":null,"FAC_TYPE":null,"RTE_1HR":null,"RTE_2HR":null,"RTE_3HR":null,"RTE_ALLDAY":null,"DISABLED":null,"OP_NAME":null,"OP_PHONE":null,"OP_PHONE2":null,"OP_WEB":null,"PAYMENT_TYPE":null,"OTHER":"N","WEBNAME":null,"REGIONID":null,"OUTOFSERV":null,"VACANT":null,"STATUS":null,"DATETIME":null,"SE_ANNO_CAD_DATA":"","SIGNID":null,"GlobalID":"fdae79f0-f5fc-4374-bdfe-4d973169acca"}},{"type":"Feature","id":230243,"geometry":{"type":"Point","coordinates":[-122.323762752193,47.616922760223]},"properties":{"OBJECTID":230243,"BUSLIC_ID":534509,"BUSLIC_LOCATION_ID":593945,"DEA_FACILITY_OWNER":null,"DEA_FACILITY_NAME":"DIAMOND   A170","DEA_BUSINESS_CONTACT":"JONATHAN DIAMOND","DEA_BUSINESS_PHONE":"2062843100           ","DEA_FACILITY_ADDRESS":"1717 BOYLSTON AVE, SEATTLE, WA 98122","DEA_STALLS":28,"FAC_NAME":"DIAMOND   A170","HRS_MONFRI":null,"HRS_SAT":null,"HRS_SUN":null,"FAC_TYPE":null,"RTE_1HR":null,"RTE_2HR":null,"RTE_3HR":null,"RTE_ALLDAY":null,"DISABLED":null,"OP_NAME":null,"OP_PHONE":null,"OP_PHONE2":null,"OP_WEB":null,"PAYMENT_TYPE":null,"OTHER":"N","WEBNAME":null,"REGIONID":null,"OUTOFSERV":null,"VACANT":null,"STATUS":null,"DATETIME":null,"SE_ANNO_CAD_DATA":"","SIGNID":null,"GlobalID":"8d42a139-bdaf-494b-93bf-cd33ca0d349b"}},{"type":"Feature","id":230244,"geometry":{"type":"Point","coordinates":[-122.327570359578,47.6156669868848]},"properties":{"OBJECTID":230244,"BUSLIC_ID":657255,"BUSLIC_LOCATION_ID":683675,"DEA_FACILITY_OWNER":null,"DEA_FACILITY_NAME":"DIAMOND PARKING  A836","DEA_BUSINESS_CONTACT":"JONATHAN DIAMOND","DEA_BUSINESS_PHONE":"2062843100           ","DEA_FACILITY_ADDRESS":"1610 MELROSE AVE, SEATTLE, WA 98122","DEA_STALLS":20,"FAC_NAME":"DIAMOND PARKING  A836","HRS_MONFRI":null,"HRS_SAT":null,"HRS_SUN":null,"FAC_TYPE":null,"RTE_1HR":null,"RTE_2HR":null,"RTE_3HR":null,"RTE_ALLDAY":null,"DISABLED":null,"OP_NAME":null,"OP_PHONE":null,"OP_PHONE2":null,"OP_WEB":null,"PAYMENT_TYPE":null,"OTHER":"N","WEBNAME":null,"REGIONID":null,"OUTOFSERV":null,"VACANT":null,"STATUS":null,"DATETIME":null,"SE_ANNO_CAD_DATA":"","SIGNID":null,"GlobalID":"891aaf5b-7224-46fc-a394-ae75db1a3f97"}},{"type":"Feature","id":230245,"geometry":{"type":"Point","coordinates":[-122.33939565265,47.622636835814]},"properties":{"OBJECTID":230245,"BUSLIC_ID":689706,"BUSLIC_LOCATION_ID":561452,"DEA_FACILITY_OWNER":null,"DEA_FACILITY_NAME":"SP PLUS 82515","DEA_BUSINESS_CONTACT":"BILL BEATTIE","DEA_BUSINESS_PHONE":"2066247040           ","DEA_FACILITY_ADDRESS":"400 9TH AVE N, SEATTLE, WA 98109-4708","DEA_STALLS":427,"FAC_NAME":"SP PLUS 82515","HRS_MONFRI":null,"HRS_SAT":null,"HRS_SUN":null,"FAC_TYPE":null,"RTE_1HR":null,"RTE_2HR":null,"RTE_3HR":null,"RTE_ALLDAY":null,"DISABLED":null,"OP_NAME":null,"OP_PHONE":null,"OP_PHONE2":null,"OP_WEB":null,"PAYMENT_TYPE":null,"OTHER":"N","WEBNAME":null,"REGIONID":null,"OUTOFSERV":null,"VACANT":null,"STATUS":null,"DATETIME":null,"SE_ANNO_CAD_DATA":"","SIGNID":null,"GlobalID":"fe0d5b61-1569-4168-af0c-e5b1aec9aafb"}},{"type":"Feature","id":230246,"geometry":{"type":"Point","coordinates":[-122.36655689268,47.6247366942402]},"properties":{"OBJECTID":230246,"BUSLIC_ID":626772,"BUSLIC_LOCATION_ID":662392,"DEA_FACILITY_OWNER":null,"DEA_FACILITY_NAME":"DIAMOND PARKING  A390","DEA_BUSINESS_CONTACT":"JONATHAN DIAMOND","DEA_BUSINESS_PHONE":"2062843100           ","DEA_FACILITY_ADDRESS":"601 ELLIOTT AVE W, SEATTLE, WA 98119","DEA_STALLS":150,"FAC_NAME":"DIAMOND PARKING  A390","HRS_MONFRI":null,"HRS_SAT":null,"HRS_SUN":null,"FAC_TYPE":null,"RTE_1HR":null,"RTE_2HR":null,"RTE_3HR":null,"RTE_ALLDAY":null,"DISABLED":null,"OP_NAME":null,"OP_PHONE":null,"OP_PHONE2":null,"OP_WEB":null,"PAYMENT_TYPE":null,"OTHER":"N","WEBNAME":null,"REGIONID":null,"OUTOFSERV":null,"VACANT":null,"STATUS":null,"DATETIME":null,"SE_ANNO_CAD_DATA":"","SIGNID":null,"GlobalID":"3e6b28a8-a6cd-4411-b892-f296653f17cd"}},{"type":"Feature","id":230247,"geometry":{"type":"Point","coordinates":[-122.381912043678,47.6670139103944]},"properties":{"OBJECTID":230247,"BUSLIC_ID":681925,"BUSLIC_LOCATION_ID":701366,"DEA_FACILITY_OWNER":null,"DEA_FACILITY_NAME":"BALLARD PARKING","DEA_BUSINESS_CONTACT":"JAMES RIGGLE","DEA_BUSINESS_PHONE":"2067895010           ","DEA_FACILITY_ADDRESS":"5208 20TH AVE NW, SEATTLE, WA 98107","DEA_STALLS":45,"FAC_NAME":"BALLARD PARKING","HRS_MONFRI":null,"HRS_SAT":null,"HRS_SUN":null,"FAC_TYPE":null,"RTE_1HR":null,"RTE_2HR":null,"RTE_3HR":null,"RTE_ALLDAY":null,"DISABLED":null,"OP_NAME":null,"OP_PHONE":null,"OP_PHONE2":null,"OP_WEB":null,"PAYMENT_TYPE":null,"OTHER":"N","WEBNAME":null,"REGIONID":null,"OUTOFSERV":null,"VACANT":null,"STATUS":null,"DATETIME":null,"SE_ANNO_CAD_DATA":"","SIGNID":null,"GlobalID":"a4a90d38-1b47-4e45-a6dc-d1524bf4af5b"}},{"type":"Feature","id":230248,"geometry":{"type":"Point","coordinates":[-122.356302801608,47.6231046516548]},"properties":{"OBJECTID":230248,"BUSLIC_ID":574595,"BUSLIC_LOCATION_ID":625135,"DEA_FACILITY_OWNER":null,"DEA_FACILITY_NAME":"DIAMOND PARKING  A824","DEA_BUSINESS_CONTACT":"JONATHAN DIAMOND","DEA_BUSINESS_PHONE":"2062843100           ","DEA_FACILITY_ADDRESS":"434 QUEEN ANNE AVE N, SEATTLE, WA 98109","DEA_STALLS":12,"FAC_NAME":"DIAMOND PARKING  A824","HRS_MONFRI":null,"HRS_SAT":null,"HRS_SUN":null,"FAC_TYPE":null,"RTE_1HR":null,"RTE_2HR":null,"RTE_3HR":null,"RTE_ALLDAY":null,"DISABLED":null,"OP_NAME":null,"OP_PHONE":null,"OP_PHONE2":null,"OP_WEB":null,"PAYMENT_TYPE":null,"OTHER":"N","WEBNAME":null,"REGIONID":null,"OUTOFSERV":null,"VACANT":null,"STATUS":null,"DATETIME":null,"SE_ANNO_CAD_DATA":"","SIGNID":null,"GlobalID":"d3f14511-a4e7-4fcc-80b1-23da8c8a53a6"}},{"type":"Feature","id":230249,"geometry":{"type":"Point","coordinates":[-122.347417376249,47.6191956465193]},"properties":{"OBJECTID":230249,"BUSLIC_ID":418706,"BUSLIC_LOCATION_ID":513327,"DEA_FACILITY_OWNER":null,"DEA_FACILITY_NAME":"KEY PARK NORTHWEST  107","DEA_BUSINESS_CONTACT":"GERALD FISH","DEA_BUSINESS_PHONE":"2064438400           ","DEA_FACILITY_ADDRESS":"120 5TH AVE N, SEATTLE, WA 98109","DEA_STALLS":10,"FAC_NAME":"KEY PARK NORTHWEST  107","HRS_MONFRI":null,"HRS_SAT":null,"HRS_SUN":null,"FAC_TYPE":null,"RTE_1HR":null,"RTE_2HR":null,"RTE_3HR":null,"RTE_ALLDAY":null,"DISABLED":null,"OP_NAME":null,"OP_PHONE":null,"OP_PHONE2":null,"OP_WEB":null,"PAYMENT_TYPE":null,"OTHER":"N","WEBNAME":null,"REGIONID":null,"OUTOFSERV":null,"VACANT":null,"STATUS":null,"DATETIME":null,"SE_ANNO_CAD_DATA":"","SIGNID":null,"GlobalID":"66d38ba6-8c50-4606-adc3-a330bb544a5c"}},{"type":"Feature","id":230250,"geometry":{"type":"Point","coordinates":[-122.338457504778,47.6170653863796]},"properties":{"OBJECTID":230250,"BUSLIC_ID":588421,"BUSLIC_LOCATION_ID":635159,"DEA_FACILITY_OWNER":null,"DEA_FACILITY_NAME":"DIAMOND PARKING  A072","DEA_BUSINESS_CONTACT":"JONATHAN DIAMOND","DEA_BUSINESS_PHONE":"2062846303           ","DEA_FACILITY_ADDRESS":"2115 WESTLAKE AVE, SEATTLE, WA 98121","DEA_STALLS":21,"FAC_NAME":"DIAMOND PARKING  A072","HRS_MONFRI":null,"HRS_SAT":null,"HRS_SUN":null,"FAC_TYPE":null,"RTE_1HR":null,"RTE_2HR":null,"RTE_3HR":null,"RTE_ALLDAY":null,"DISABLED":null,"OP_NAME":null,"OP_PHONE":null,"OP_PHONE2":null,"OP_WEB":null,"PAYMENT_TYPE":null,"OTHER":"N","WEBNAME":null,"REGIONID":null,"OUTOFSERV":null,"VACANT":null,"STATUS":null,"DATETIME":null,"SE_ANNO_CAD_DATA":"","SIGNID":null,"GlobalID":"577ca6f1-f37c-47f6-959b-7a008e8a0dd4"}},{"type":"Feature","id":230251,"geometry":{"type":"Point","coordinates":[-122.378463897367,47.6378118432538]},"properties":{"OBJECTID":230251,"BUSLIC_ID":596671,"BUSLIC_LOCATION_ID":641081,"DEA_FACILITY_OWNER":null,"DEA_FACILITY_NAME":"SEATTLE CRUISEPARK","DEA_BUSINESS_CONTACT":"PATRICK HORENSTEIN","DEA_BUSINESS_PHONE":"2068615120           ","DEA_FACILITY_ADDRESS":"1601 W ARMORY WAY, SEATTLE, WA 98119-2729","DEA_STALLS":0,"FAC_NAME":"SEATTLE CRUISEPARK","HRS_MONFRI":null,"HRS_SAT":null,"HRS_SUN":null,"FAC_TYPE":null,"RTE_1HR":null,"RTE_2HR":null,"RTE_3HR":null,"RTE_ALLDAY":null,"DISABLED":null,"OP_NAME":null,"OP_PHONE":null,"OP_PHONE2":null,"OP_WEB":null,"PAYMENT_TYPE":null,"OTHER":"N","WEBNAME":null,"REGIONID":null,"OUTOFSERV":null,"VACANT":null,"STATUS":null,"DATETIME":null,"SE_ANNO_CAD_DATA":"","SIGNID":null,"GlobalID":"59738a8c-93ee-4afd-8993-ac1e1f2eaaba"}},{"type":"Feature","id":230252,"geometry":{"type":"Point","coordinates":[-122.328533563237,47.615290603399]},"properties":{"OBJECTID":230252,"BUSLIC_ID":533088,"BUSLIC_LOCATION_ID":594282,"DEA_FACILITY_OWNER":null,"DEA_FACILITY_NAME":"KEY PARK NORTHWEST  43","DEA_BUSINESS_CONTACT":"GERALD FISH","DEA_BUSINESS_PHONE":"2064438400           ","DEA_FACILITY_ADDRESS":"1208 PINE ST, SEATTLE, WA 98101","DEA_STALLS":49,"FAC_NAME":"KEY PARK NORTHWEST  43","HRS_MONFRI":null,"HRS_SAT":null,"HRS_SUN":null,"FAC_TYPE":null,"RTE_1HR":null,"RTE_2HR":null,"RTE_3HR":null,"RTE_ALLDAY":null,"DISABLED":null,"OP_NAME":null,"OP_PHONE":null,"OP_PHONE2":null,"OP_WEB":null,"PAYMENT_TYPE":null,"OTHER":"N","WEBNAME":null,"REGIONID":null,"OUTOFSERV":null,"VACANT":null,"STATUS":null,"DATETIME":null,"SE_ANNO_CAD_DATA":"","SIGNID":null,"GlobalID":"9bc5e273-b58f-45da-8c03-f0a467b8daf4"}},{"type":"Feature","id":230253,"geometry":{"type":"Point","coordinates":[-122.324792000816,47.6148021719803]},"properties":{"OBJECTID":230253,"BUSLIC_ID":704603,"BUSLIC_LOCATION_ID":717277,"DEA_FACILITY_OWNER":null,"DEA_FACILITY_NAME":"REPUBLIC PARKING  126","DEA_BUSINESS_CONTACT":"GARY BECK","DEA_BUSINESS_PHONE":"2067834144           ","DEA_FACILITY_ADDRESS":"1521 BELMONT AVE E, SEATTLE, WA 98112","DEA_STALLS":15,"FAC_NAME":"REPUBLIC PARKING  126","HRS_MONFRI":null,"HRS_SAT":null,"HRS_SUN":null,"FAC_TYPE":null,"RTE_1HR":null,"RTE_2HR":null,"RTE_3HR":null,"RTE_ALLDAY":null,"DISABLED":null,"OP_NAME":null,"OP_PHONE":null,"OP_PHONE2":null,"OP_WEB":null,"PAYMENT_TYPE":null,"OTHER":"N","WEBNAME":null,"REGIONID":null,"OUTOFSERV":null,"VACANT":null,"STATUS":null,"DATETIME":null,"SE_ANNO_CAD_DATA":"","SIGNID":null,"GlobalID":"a32e6a8a-687b-4360-8e93-9dc5f737e2e9"}},{"type":"Feature","id":230254,"geometry":{"type":"Point","coordinates":[-122.33302453045,47.6134291649485]},"properties":{"OBJECTID":230254,"BUSLIC_ID":575118,"BUSLIC_LOCATION_ID":625375,"DEA_FACILITY_OWNER":null,"DEA_FACILITY_NAME":"IMPARK  73","DEA_BUSINESS_CONTACT":"EDWARD DANYLUK","DEA_BUSINESS_PHONE":"2063811789           ","DEA_FACILITY_ADDRESS":"802 PINE, SEATTLE, WA 98101","DEA_STALLS":87,"FAC_NAME":"IMPARK  73","HRS_MONFRI":null,"HRS_SAT":null,"HRS_SUN":null,"FAC_TYPE":null,"RTE_1HR":null,"RTE_2HR":null,"RTE_3HR":null,"RTE_ALLDAY":null,"DISABLED":null,"OP_NAME":null,"OP_PHONE":null,"OP_PHONE2":null,"OP_WEB":null,"PAYMENT_TYPE":null,"OTHER":"N","WEBNAME":null,"REGIONID":null,"OUTOFSERV":null,"VACANT":null,"STATUS":null,"DATETIME":null,"SE_ANNO_CAD_DATA":"","SIGNID":null,"GlobalID":"9fa2cdac-edac-4b22-ab56-35320d77dbf2"}},{"type":"Feature","id":230255,"geometry":{"type":"Point","coordinates":[-122.329288699917,47.6130118756278]},"properties":{"OBJECTID":230255,"BUSLIC_ID":728155,"BUSLIC_LOCATION_ID":735848,"DEA_FACILITY_OWNER":null,"DEA_FACILITY_NAME":"ACE PARKING  HOMEWOOD SUITES","DEA_BUSINESS_CONTACT":"KEITH JONES","DEA_BUSINESS_PHONE":"6192336624           ","DEA_FACILITY_ADDRESS":"1011 PIKE ST, SEATTLE, WA 98101","DEA_STALLS":70,"FAC_NAME":"ACE PARKING  HOMEWOOD SUITES","HRS_MONFRI":null,"HRS_SAT":null,"HRS_SUN":null,"FAC_TYPE":null,"RTE_1HR":null,"RTE_2HR":null,"RTE_3HR":null,"RTE_ALLDAY":null,"DISABLED":null,"OP_NAME":null,"OP_PHONE":null,"OP_PHONE2":null,"OP_WEB":null,"PAYMENT_TYPE":null,"OTHER":"N","WEBNAME":null,"REGIONID":null,"OUTOFSERV":null,"VACANT":null,"STATUS":null,"DATETIME":null,"SE_ANNO_CAD_DATA":"","SIGNID":null,"GlobalID":"b7ae1cbf-726f-40da-9db9-18492a79d8b8"}},{"type":"Feature","id":230256,"geometry":{"type":"Point","coordinates":[-122.333297910487,47.6127535307306]},"properties":{"OBJECTID":230256,"BUSLIC_ID":535909,"BUSLIC_LOCATION_ID":596077,"DEA_FACILITY_OWNER":null,"DEA_FACILITY_NAME":"7TH AND PIKE HOTEL GARAGE 81117","DEA_BUSINESS_CONTACT":"BILL BEATTIE","DEA_BUSINESS_PHONE":"2063818552           ","DEA_FACILITY_ADDRESS":"721 PINE ST, SEATTLE, WA 98101-1815","DEA_STALLS":820,"FAC_NAME":"7TH AND PIKE HOTEL GARAGE 81117","HRS_MONFRI":null,"HRS_SAT":null,"HRS_SUN":null,"FAC_TYPE":null,"RTE_1HR":null,"RTE_2HR":null,"RTE_3HR":null,"RTE_ALLDAY":null,"DISABLED":null,"OP_NAME":null,"OP_PHONE":null,"OP_PHONE2":null,"OP_WEB":null,"PAYMENT_TYPE":null,"OTHER":"N","WEBNAME":null,"REGIONID":null,"OUTOFSERV":null,"VACANT":null,"STATUS":null,"DATETIME":null,"SE_ANNO_CAD_DATA":"","SIGNID":null,"GlobalID":"d9defca0-a414-413a-b41c-6cae62880f23"}},{"type":"Feature","id":230257,"geometry":{"type":"Point","coordinates":[-122.333297910487,47.6127535307306]},"properties":{"OBJECTID":230257,"BUSLIC_ID":720675,"BUSLIC_LOCATION_ID":729931,"DEA_FACILITY_OWNER":null,"DEA_FACILITY_NAME":"81720 GRAND HYATT SEATTLE","DEA_BUSINESS_CONTACT":"BILL BEATTIE","DEA_BUSINESS_PHONE":"2063818552           ","DEA_FACILITY_ADDRESS":"721 PINE ST, SEATTLE, WA 98101","DEA_STALLS":50,"FAC_NAME":"81720 GRAND HYATT SEATTLE","HRS_MONFRI":null,"HRS_SAT":null,"HRS_SUN":null,"FAC_TYPE":null,"RTE_1HR":null,"RTE_2HR":null,"RTE_3HR":null,"RTE_ALLDAY":null,"DISABLED":null,"OP_NAME":null,"OP_PHONE":null,"OP_PHONE2":null,"OP_WEB":null,"PAYMENT_TYPE":null,"OTHER":"N","WEBNAME":null,"REGIONID":null,"OUTOFSERV":null,"VACANT":null,"STATUS":null,"DATETIME":null,"SE_ANNO_CAD_DATA":"","SIGNID":null,"GlobalID":"3c99fa86-d5bd-46dc-a149-0621d4ba9fc8"}},{"type":"Feature","id":230258,"geometry":{"type":"Point","coordinates":[-122.330275083586,47.6109586217962]},"properties":{"OBJECTID":230258,"BUSLIC_ID":619450,"BUSLIC_LOCATION_ID":656904,"DEA_FACILITY_OWNER":null,"DEA_FACILITY_NAME":"WASHINGTON STATE CONVENTION CENTER PFD","DEA_BUSINESS_CONTACT":"JEFF BLOSSER","DEA_BUSINESS_PHONE":"2066945025           ","DEA_FACILITY_ADDRESS":"1300 HUBBELL PL, SEATTLE, WA 98101-2791","DEA_STALLS":630,"FAC_NAME":"WASHINGTON STATE CONVENTION CENTER PFD","HRS_MONFRI":null,"HRS_SAT":null,"HRS_SUN":null,"FAC_TYPE":null,"RTE_1HR":null,"RTE_2HR":null,"RTE_3HR":null,"RTE_ALLDAY":null,"DISABLED":null,"OP_NAME":null,"OP_PHONE":null,"OP_PHONE2":null,"OP_WEB":null,"PAYMENT_TYPE":null,"OTHER":"N","WEBNAME":null,"REGIONID":null,"OUTOFSERV":null,"VACANT":null,"STATUS":null,"DATETIME":null,"SE_ANNO_CAD_DATA":"","SIGNID":null,"GlobalID":"045658af-e703-4552-b46e-b5a2c2a81a0c"}},{"type":"Feature","id":230259,"geometry":{"type":"Point","coordinates":[-122.322773629693,47.6172473715471]},"properties":{"OBJECTID":230259,"BUSLIC_ID":706010,"BUSLIC_LOCATION_ID":718217,"DEA_FACILITY_OWNER":null,"DEA_FACILITY_NAME":"DIAMOND PARKING 653","DEA_BUSINESS_CONTACT":"JONATHAN DIAMOND","DEA_BUSINESS_PHONE":"2062843100           ","DEA_FACILITY_ADDRESS":"1727 HARVARD AVE, SEATTLE, WA 98122","DEA_STALLS":13,"FAC_NAME":"DIAMOND PARKING 653","HRS_MONFRI":null,"HRS_SAT":null,"HRS_SUN":null,"FAC_TYPE":null,"RTE_1HR":null,"RTE_2HR":null,"RTE_3HR":null,"RTE_ALLDAY":null,"DISABLED":null,"OP_NAME":null,"OP_PHONE":null,"OP_PHONE2":null,"OP_WEB":null,"PAYMENT_TYPE":null,"OTHER":"N","WEBNAME":null,"REGIONID":null,"OUTOFSERV":null,"VACANT":null,"STATUS":null,"DATETIME":null,"SE_ANNO_CAD_DATA":"","SIGNID":null,"GlobalID":"e1a44cc1-7604-44e8-8010-3c0bbc96ebfe"}},{"type":"Feature","id":230260,"geometry":{"type":"Point","coordinates":[-122.320434286332,47.6145698740004]},"properties":{"OBJECTID":230260,"BUSLIC_ID":603335,"BUSLIC_LOCATION_ID":645737,"DEA_FACILITY_OWNER":null,"DEA_FACILITY_NAME":"DIAMOND PARKING  A316","DEA_BUSINESS_CONTACT":"JONATHAN DIAMOND","DEA_BUSINESS_PHONE":"2062846303           ","DEA_FACILITY_ADDRESS":"1518 BROADWAY, SEATTLE, WA 98122","DEA_STALLS":4,"FAC_NAME":"DIAMOND PARKING  A316","HRS_MONFRI":null,"HRS_SAT":null,"HRS_SUN":null,"FAC_TYPE":null,"RTE_1HR":null,"RTE_2HR":null,"RTE_3HR":null,"RTE_ALLDAY":null,"DISABLED":null,"OP_NAME":null,"OP_PHONE":null,"OP_PHONE2":null,"OP_WEB":null,"PAYMENT_TYPE":null,"OTHER":"N","WEBNAME":null,"REGIONID":null,"OUTOFSERV":null,"VACANT":null,"STATUS":null,"DATETIME":null,"SE_ANNO_CAD_DATA":"","SIGNID":null,"GlobalID":"95b21ca6-ab8b-4f43-81c1-4ef24feb277e"}},{"type":"Feature","id":230261,"geometry":{"type":"Point","coordinates":[-122.319295283632,47.6142122464739]},"properties":{"OBJECTID":230261,"BUSLIC_ID":577820,"BUSLIC_LOCATION_ID":627197,"DEA_FACILITY_OWNER":null,"DEA_FACILITY_NAME":"IPM  22","DEA_BUSINESS_CONTACT":"JOAN SUNDBERG","DEA_BUSINESS_PHONE":"2062540811           ","DEA_FACILITY_ADDRESS":"1010 E PIKE ST, SEATTLE, WA 98122","DEA_STALLS":26,"FAC_NAME":"IPM  22","HRS_MONFRI":null,"HRS_SAT":null,"HRS_SUN":null,"FAC_TYPE":null,"RTE_1HR":null,"RTE_2HR":null,"RTE_3HR":null,"RTE_ALLDAY":null,"DISABLED":null,"OP_NAME":null,"OP_PHONE":null,"OP_PHONE2":null,"OP_WEB":null,"PAYMENT_TYPE":null,"OTHER":"N","WEBNAME":null,"REGIONID":null,"OUTOFSERV":null,"VACANT":null,"STATUS":null,"DATETIME":null,"SE_ANNO_CAD_DATA":"","SIGNID":null,"GlobalID":"c65974eb-1978-4b57-839f-7a94d28e7065"}},{"type":"Feature","id":230262,"geometry":{"type":"Point","coordinates":[-122.315278207079,47.6143070302295]},"properties":{"OBJECTID":230262,"BUSLIC_ID":659635,"BUSLIC_LOCATION_ID":685245,"DEA_FACILITY_OWNER":null,"DEA_FACILITY_NAME":"DIAMOND PARKING  A464","DEA_BUSINESS_CONTACT":"JONATHAN DIAMOND","DEA_BUSINESS_PHONE":"2062843100           ","DEA_FACILITY_ADDRESS":"1300 E PIKE ST, SEATTLE, WA 98122","DEA_STALLS":11,"FAC_NAME":"DIAMOND PARKING  A464","HRS_MONFRI":null,"HRS_SAT":null,"HRS_SUN":null,"FAC_TYPE":null,"RTE_1HR":null,"RTE_2HR":null,"RTE_3HR":null,"RTE_ALLDAY":null,"DISABLED":null,"OP_NAME":null,"OP_PHONE":null,"OP_PHONE2":null,"OP_WEB":null,"PAYMENT_TYPE":null,"OTHER":"N","WEBNAME":null,"REGIONID":null,"OUTOFSERV":null,"VACANT":null,"STATUS":null,"DATETIME":null,"SE_ANNO_CAD_DATA":"","SIGNID":null,"GlobalID":"1634d475-6290-4d7e-b36a-9f4d88819aaf"}},{"type":"Feature","id":230263,"geometry":{"type":"Point","coordinates":[-122.32270881185,47.6138461350776]},"properties":{"OBJECTID":230263,"BUSLIC_ID":717729,"BUSLIC_LOCATION_ID":727485,"DEA_FACILITY_OWNER":null,"DEA_FACILITY_NAME":"DIAMOND PARKING SERVICES A668","DEA_BUSINESS_CONTACT":"JONATHAN DIAMOND","DEA_BUSINESS_PHONE":"2062843100           ","DEA_FACILITY_ADDRESS":"715 E PIKE ST, SEATTLE, WA 98122","DEA_STALLS":36,"FAC_NAME":"DIAMOND PARKING SERVICES A668","HRS_MONFRI":null,"HRS_SAT":null,"HRS_SUN":null,"FAC_TYPE":null,"RTE_1HR":null,"RTE_2HR":null,"RTE_3HR":null,"RTE_ALLDAY":null,"DISABLED":null,"OP_NAME":null,"OP_PHONE":null,"OP_PHONE2":null,"OP_WEB":null,"PAYMENT_TYPE":null,"OTHER":"N","WEBNAME":null,"REGIONID":null,"OUTOFSERV":null,"VACANT":null,"STATUS":null,"DATETIME":null,"SE_ANNO_CAD_DATA":"","SIGNID":null,"GlobalID":"fc7b26b2-3f80-459c-8526-9e849c3603a8"}},{"type":"Feature","id":230264,"geometry":{"type":"Point","coordinates":[-122.321216695935,47.6131807130334]},"properties":{"OBJECTID":230264,"BUSLIC_ID":575117,"BUSLIC_LOCATION_ID":625374,"DEA_FACILITY_OWNER":null,"DEA_FACILITY_NAME":"IMPARK  72","DEA_BUSINESS_CONTACT":"EDWARD DANYLUK","DEA_BUSINESS_PHONE":"2063811789           ","DEA_FACILITY_ADDRESS":"1401 BROADWAY, SEATTLE, WA 98122","DEA_STALLS":277,"FAC_NAME":"IMPARK  72","HRS_MONFRI":null,"HRS_SAT":null,"HRS_SUN":null,"FAC_TYPE":null,"RTE_1HR":null,"RTE_2HR":null,"RTE_3HR":null,"RTE_ALLDAY":null,"DISABLED":null,"OP_NAME":null,"OP_PHONE":null,"OP_PHONE2":null,"OP_WEB":null,"PAYMENT_TYPE":null,"OTHER":"N","WEBNAME":null,"REGIONID":null,"OUTOFSERV":null,"VACANT":null,"STATUS":null,"DATETIME":null,"SE_ANNO_CAD_DATA":"","SIGNID":null,"GlobalID":"1bb49ce4-88e0-4979-92da-98eeba0ba5d2"}},{"type":"Feature","id":230265,"geometry":{"type":"Point","coordinates":[-122.315276733975,47.6137463572761]},"properties":{"OBJECTID":230265,"BUSLIC_ID":673023,"BUSLIC_LOCATION_ID":695093,"DEA_FACILITY_OWNER":null,"DEA_FACILITY_NAME":"BOA E MADISON ST","DEA_BUSINESS_CONTACT":"ALAN LAZOWSKI","DEA_BUSINESS_PHONE":"8605227641           ","DEA_FACILITY_ADDRESS":"1300 E MADISON ST, SEATTLE, WA 98122-4059","DEA_STALLS":34,"FAC_NAME":"BOA E MADISON ST","HRS_MONFRI":null,"HRS_SAT":null,"HRS_SUN":null,"FAC_TYPE":null,"RTE_1HR":null,"RTE_2HR":null,"RTE_3HR":null,"RTE_ALLDAY":null,"DISABLED":null,"OP_NAME":null,"OP_PHONE":null,"OP_PHONE2":null,"OP_WEB":null,"PAYMENT_TYPE":null,"OTHER":"N","WEBNAME":null,"REGIONID":null,"OUTOFSERV":null,"VACANT":null,"STATUS":null,"DATETIME":null,"SE_ANNO_CAD_DATA":"","SIGNID":null,"GlobalID":"4b3195e1-d45f-43c0-8ab8-2d01afb74ecc"}},{"type":"Feature","id":230266,"geometry":{"type":"Point","coordinates":[-122.320443290693,47.6130915682172]},"properties":{"OBJECTID":230266,"BUSLIC_ID":534492,"BUSLIC_LOCATION_ID":593935,"DEA_FACILITY_OWNER":null,"DEA_FACILITY_NAME":"DIAMOND   A052","DEA_BUSINESS_CONTACT":"JONATHAN DIAMOND","DEA_BUSINESS_PHONE":"2062843100           ","DEA_FACILITY_ADDRESS":"1406 BROADWAY, SEATTLE, WA 98122","DEA_STALLS":30,"FAC_NAME":"DIAMOND   A052","HRS_MONFRI":null,"HRS_SAT":null,"HRS_SUN":null,"FAC_TYPE":null,"RTE_1HR":null,"RTE_2HR":null,"RTE_3HR":null,"RTE_ALLDAY":null,"DISABLED":null,"OP_NAME":null,"OP_PHONE":null,"OP_PHONE2":null,"OP_WEB":null,"PAYMENT_TYPE":null,"OTHER":"N","WEBNAME":null,"REGIONID":null,"OUTOFSERV":null,"VACANT":null,"STATUS":null,"DATETIME":null,"SE_ANNO_CAD_DATA":"","SIGNID":null,"GlobalID":"33a2ff07-9ee7-4b10-9243-2424488f4333"}},{"type":"Feature","id":230267,"geometry":{"type":"Point","coordinates":[-122.319750595599,47.6128162071868]},"properties":{"OBJECTID":230267,"BUSLIC_ID":704397,"BUSLIC_LOCATION_ID":717117,"DEA_FACILITY_OWNER":null,"DEA_FACILITY_NAME":"DIAMOND PARKING  A651","DEA_BUSINESS_CONTACT":"JONATHAN DIAMOND","DEA_BUSINESS_PHONE":"2062843100           ","DEA_FACILITY_ADDRESS":"953 E UNION ST, SEATTLE, WA 98122","DEA_STALLS":10,"FAC_NAME":"DIAMOND PARKING  A651","HRS_MONFRI":null,"HRS_SAT":null,"HRS_SUN":null,"FAC_TYPE":null,"RTE_1HR":null,"RTE_2HR":null,"RTE_3HR":null,"RTE_ALLDAY":null,"DISABLED":null,"OP_NAME":null,"OP_PHONE":null,"OP_PHONE2":null,"OP_WEB":null,"PAYMENT_TYPE":null,"OTHER":"N","WEBNAME":null,"REGIONID":null,"OUTOFSERV":null,"VACANT":null,"STATUS":null,"DATETIME":null,"SE_ANNO_CAD_DATA":"","SIGNID":null,"GlobalID":"05b5af74-18d2-41ed-ba42-eaffc376264e"}},{"type":"Feature","id":230268,"geometry":{"type":"Point","coordinates":[-122.320273564717,47.6119919041806]},"properties":{"OBJECTID":230268,"BUSLIC_ID":547827,"BUSLIC_LOCATION_ID":605514,"DEA_FACILITY_OWNER":null,"DEA_FACILITY_NAME":"DIAMOND PARKING  A903","DEA_BUSINESS_CONTACT":"JONATHAN DIAMOND","DEA_BUSINESS_PHONE":"2062843100           ","DEA_FACILITY_ADDRESS":"1120 BROADWAY, SEATTLE, WA 98102","DEA_STALLS":140,"FAC_NAME":"DIAMOND PARKING  A903","HRS_MONFRI":null,"HRS_SAT":null,"HRS_SUN":null,"FAC_TYPE":null,"RTE_1HR":null,"RTE_2HR":null,"RTE_3HR":null,"RTE_ALLDAY":null,"DISABLED":null,"OP_NAME":null,"OP_PHONE":null,"OP_PHONE2":null,"OP_WEB":null,"PAYMENT_TYPE":null,"OTHER":"N","WEBNAME":null,"REGIONID":null,"OUTOFSERV":null,"VACANT":null,"STATUS":null,"DATETIME":null,"SE_ANNO_CAD_DATA":"","SIGNID":null,"GlobalID":"00837652-9632-4041-982a-07f9894104a9"}},{"type":"Feature","id":230269,"geometry":{"type":"Point","coordinates":[-122.320273564717,47.6119919041806]},"properties":{"OBJECTID":230269,"BUSLIC_ID":669021,"BUSLIC_LOCATION_ID":593916,"DEA_FACILITY_OWNER":null,"DEA_FACILITY_NAME":"DIAMOND  PARKING  A904","DEA_BUSINESS_CONTACT":"JONATHAN DIAMOND","DEA_BUSINESS_PHONE":"2062843100           ","DEA_FACILITY_ADDRESS":"1120 BROADWAY, SEATTLE, WA 98102","DEA_STALLS":212,"FAC_NAME":"DIAMOND  PARKING  A904","HRS_MONFRI":null,"HRS_SAT":null,"HRS_SUN":null,"FAC_TYPE":null,"RTE_1HR":null,"RTE_2HR":null,"RTE_3HR":null,"RTE_ALLDAY":null,"DISABLED":null,"OP_NAME":null,"OP_PHONE":null,"OP_PHONE2":null,"OP_WEB":null,"PAYMENT_TYPE":null,"OTHER":"N","WEBNAME":null,"REGIONID":null,"OUTOFSERV":null,"VACANT":null,"STATUS":null,"DATETIME":null,"SE_ANNO_CAD_DATA":"","SIGNID":null,"GlobalID":"222d5a4b-450e-4a7a-9a6b-6e1a0a1820d7"}},{"type":"Feature","id":230270,"geometry":{"type":"Point","coordinates":[-122.321654531259,47.6109910647448]},"properties":{"OBJECTID":230270,"BUSLIC_ID":533071,"BUSLIC_LOCATION_ID":594271,"DEA_FACILITY_OWNER":null,"DEA_FACILITY_NAME":"KEY PARK NORTHWEST 57","DEA_BUSINESS_CONTACT":"GERALD FISH","DEA_BUSINESS_PHONE":"2064438400           ","DEA_FACILITY_ADDRESS":"1010 BOYLSTON AVE, SEATTLE, WA 98104","DEA_STALLS":22,"FAC_NAME":"KEY PARK NORTHWEST 57","HRS_MONFRI":null,"HRS_SAT":null,"HRS_SUN":null,"FAC_TYPE":null,"RTE_1HR":null,"RTE_2HR":null,"RTE_3HR":null,"RTE_ALLDAY":null,"DISABLED":null,"OP_NAME":null,"OP_PHONE":null,"OP_PHONE2":null,"OP_WEB":null,"PAYMENT_TYPE":null,"OTHER":"N","WEBNAME":null,"REGIONID":null,"OUTOFSERV":null,"VACANT":null,"STATUS":null,"DATETIME":null,"SE_ANNO_CAD_DATA":"","SIGNID":null,"GlobalID":"cac9aa9a-0e83-4dc5-a367-313f0149c8d1"}},{"type":"Feature","id":230271,"geometry":{"type":"Point","coordinates":[-122.31644451099,47.6105536468549]},"properties":{"OBJECTID":230271,"BUSLIC_ID":574707,"BUSLIC_LOCATION_ID":595329,"DEA_FACILITY_OWNER":null,"DEA_FACILITY_NAME":"DIAMOND PARKING  A959","DEA_BUSINESS_CONTACT":"JONATHAN DIAMOND","DEA_BUSINESS_PHONE":"2062843100           ","DEA_FACILITY_ADDRESS":"900 12TH AVE, SEATTLE, WA 98122","DEA_STALLS":30,"FAC_NAME":"DIAMOND PARKING  A959","HRS_MONFRI":null,"HRS_SAT":null,"HRS_SUN":null,"FAC_TYPE":null,"RTE_1HR":null,"RTE_2HR":null,"RTE_3HR":null,"RTE_ALLDAY":null,"DISABLED":null,"OP_NAME":null,"OP_PHONE":null,"OP_PHONE2":null,"OP_WEB":null,"PAYMENT_TYPE":null,"OTHER":"N","WEBNAME":null,"REGIONID":null,"OUTOFSERV":null,"VACANT":null,"STATUS":null,"DATETIME":null,"SE_ANNO_CAD_DATA":"","SIGNID":null,"GlobalID":"1908284e-c9a3-40d5-b558-2d1a0f80759d"}},{"type":"Feature","id":230272,"geometry":{"type":"Point","coordinates":[-122.32037199619,47.6149114858475]},"properties":{"OBJECTID":230272,"BUSLIC_ID":645901,"BUSLIC_LOCATION_ID":674971,"DEA_FACILITY_OWNER":null,"DEA_FACILITY_NAME":"DIAMOND PARKING  A441","DEA_BUSINESS_CONTACT":"JONATHAN DIAMOND","DEA_BUSINESS_PHONE":"2062843100           ","DEA_FACILITY_ADDRESS":"1526 BROADWAY, SEATTLE, WA 98112","DEA_STALLS":11,"FAC_NAME":"DIAMOND PARKING  A441","HRS_MONFRI":null,"HRS_SAT":null,"HRS_SUN":null,"FAC_TYPE":null,"RTE_1HR":null,"RTE_2HR":null,"RTE_3HR":null,"RTE_ALLDAY":null,"DISABLED":null,"OP_NAME":null,"OP_PHONE":null,"OP_PHONE2":null,"OP_WEB":null,"PAYMENT_TYPE":null,"OTHER":"N","WEBNAME":null,"REGIONID":null,"OUTOFSERV":null,"VACANT":null,"STATUS":null,"DATETIME":null,"SE_ANNO_CAD_DATA":"","SIGNID":null,"GlobalID":"cb922226-f70b-4f51-82e9-bce2af085d5a"}},{"type":"Feature","id":230273,"geometry":{"type":"Point","coordinates":[-122.322485525337,47.6134372110902]},"properties":{"OBJECTID":230273,"BUSLIC_ID":5342,"BUSLIC_LOCATION_ID":4513,"DEA_FACILITY_OWNER":null,"DEA_FACILITY_NAME":"U PARK 8","DEA_BUSINESS_CONTACT":"KEN JR PHILLIPS","DEA_BUSINESS_PHONE":"2062849797           ","DEA_FACILITY_ADDRESS":"1413 HARVARD AVE, SEATTLE, WA 98122","DEA_STALLS":72,"FAC_NAME":"U PARK 8","HRS_MONFRI":null,"HRS_SAT":null,"HRS_SUN":null,"FAC_TYPE":null,"RTE_1HR":null,"RTE_2HR":null,"RTE_3HR":null,"RTE_ALLDAY":null,"DISABLED":null,"OP_NAME":null,"OP_PHONE":null,"OP_PHONE2":null,"OP_WEB":null,"PAYMENT_TYPE":null,"OTHER":"N","WEBNAME":null,"REGIONID":null,"OUTOFSERV":null,"VACANT":null,"STATUS":null,"DATETIME":null,"SE_ANNO_CAD_DATA":"","SIGNID":null,"GlobalID":"b1fd687e-030a-442f-be2b-981cd0d28a4b"}},{"type":"Feature","id":230274,"geometry":{"type":"Point","coordinates":[-122.322485525337,47.6134372110902]},"properties":{"OBJECTID":230274,"BUSLIC_ID":534494,"BUSLIC_LOCATION_ID":593936,"DEA_FACILITY_OWNER":null,"DEA_FACILITY_NAME":"DIAMOND  A054","DEA_BUSINESS_CONTACT":"JONATHAN DIAMOND","DEA_BUSINESS_PHONE":"2062843100           ","DEA_FACILITY_ADDRESS":"1421 HARVARD AVE, SEATTLE, WA 98122","DEA_STALLS":19,"FAC_NAME":"DIAMOND  A054","HRS_MONFRI":null,"HRS_SAT":null,"HRS_SUN":null,"FAC_TYPE":null,"RTE_1HR":null,"RTE_2HR":null,"RTE_3HR":null,"RTE_ALLDAY":null,"DISABLED":null,"OP_NAME":null,"OP_PHONE":null,"OP_PHONE2":null,"OP_WEB":null,"PAYMENT_TYPE":null,"OTHER":"N","WEBNAME":null,"REGIONID":null,"OUTOFSERV":null,"VACANT":null,"STATUS":null,"DATETIME":null,"SE_ANNO_CAD_DATA":"","SIGNID":null,"GlobalID":"72b87a0a-eccd-46f9-9842-3066a7aaa832"}},{"type":"Feature","id":230275,"geometry":{"type":"Point","coordinates":[-122.32262134051,47.6121653470448]},"properties":{"OBJECTID":230275,"BUSLIC_ID":474225,"BUSLIC_LOCATION_ID":4595,"DEA_FACILITY_OWNER":null,"DEA_FACILITY_NAME":"U PARK 91","DEA_BUSINESS_CONTACT":"KEN JR PHILLIPS","DEA_BUSINESS_PHONE":"2066245353           ","DEA_FACILITY_ADDRESS":"1140 BOYLSTON AVE, SEATTLE, WA 98122","DEA_STALLS":26,"FAC_NAME":"U PARK 91","HRS_MONFRI":null,"HRS_SAT":null,"HRS_SUN":null,"FAC_TYPE":null,"RTE_1HR":null,"RTE_2HR":null,"RTE_3HR":null,"RTE_ALLDAY":null,"DISABLED":null,"OP_NAME":null,"OP_PHONE":null,"OP_PHONE2":null,"OP_WEB":null,"PAYMENT_TYPE":null,"OTHER":"N","WEBNAME":null,"REGIONID":null,"OUTOFSERV":null,"VACANT":null,"STATUS":null,"DATETIME":null,"SE_ANNO_CAD_DATA":"","SIGNID":null,"GlobalID":"cbec173e-29d9-4e27-b761-e2fd233a3f74"}},{"type":"Feature","id":230276,"geometry":{"type":"Point","coordinates":[-122.307960566071,47.6168720588975]},"properties":{"OBJECTID":230276,"BUSLIC_ID":705314,"BUSLIC_LOCATION_ID":717781,"DEA_FACILITY_OWNER":null,"DEA_FACILITY_NAME":"DIAMOND PARKING  A652","DEA_BUSINESS_CONTACT":"JONATHAN DIAMOND","DEA_BUSINESS_PHONE":"2062843100           ","DEA_FACILITY_ADDRESS":"1818 E MADISON ST, SEATTLE, WA 98122","DEA_STALLS":11,"FAC_NAME":"DIAMOND PARKING  A652","HRS_MONFRI":null,"HRS_SAT":null,"HRS_SUN":null,"FAC_TYPE":null,"RTE_1HR":null,"RTE_2HR":null,"RTE_3HR":null,"RTE_ALLDAY":null,"DISABLED":null,"OP_NAME":null,"OP_PHONE":null,"OP_PHONE2":null,"OP_WEB":null,"PAYMENT_TYPE":null,"OTHER":"N","WEBNAME":null,"REGIONID":null,"OUTOFSERV":null,"VACANT":null,"STATUS":null,"DATETIME":null,"SE_ANNO_CAD_DATA":"","SIGNID":null,"GlobalID":"6e922538-be57-45a3-ac34-7e7fafc12204"}},{"type":"Feature","id":230277,"geometry":{"type":"Point","coordinates":[-122.307056253369,47.6164464394449]},"properties":{"OBJECTID":230277,"BUSLIC_ID":669038,"BUSLIC_LOCATION_ID":576755,"DEA_FACILITY_OWNER":null,"DEA_FACILITY_NAME":"DIAMOND PARKING  A350","DEA_BUSINESS_CONTACT":"JONATHAN DIAMOND","DEA_BUSINESS_PHONE":"2062846303           ","DEA_FACILITY_ADDRESS":"1634 19TH AVE, SEATTLE, WA 98122","DEA_STALLS":35,"FAC_NAME":"DIAMOND PARKING  A350","HRS_MONFRI":null,"HRS_SAT":null,"HRS_SUN":null,"FAC_TYPE":null,"RTE_1HR":null,"RTE_2HR":null,"RTE_3HR":null,"RTE_ALLDAY":null,"DISABLED":null,"OP_NAME":null,"OP_PHONE":null,"OP_PHONE2":null,"OP_WEB":null,"PAYMENT_TYPE":null,"OTHER":"N","WEBNAME":null,"REGIONID":null,"OUTOFSERV":null,"VACANT":null,"STATUS":null,"DATETIME":null,"SE_ANNO_CAD_DATA":"","SIGNID":null,"GlobalID":"5a755fcc-dbea-4c9b-8c64-673751739022"}},{"type":"Feature","id":230278,"geometry":{"type":"Point","coordinates":[-122.33466470681,47.6105449770987]},"properties":{"OBJECTID":230278,"BUSLIC_ID":721237,"BUSLIC_LOCATION_ID":730364,"DEA_FACILITY_OWNER":null,"DEA_FACILITY_NAME":"LAZ PARKING US BANK CENTER","DEA_BUSINESS_CONTACT":"ALAN LAZOWSKI","DEA_BUSINESS_PHONE":"8605227641           ","DEA_FACILITY_ADDRESS":"1420 5TH AVE, SEATTLE, WA 98101-4087","DEA_STALLS":972,"FAC_NAME":"LAZ PARKING US BANK CENTER","HRS_MONFRI":null,"HRS_SAT":null,"HRS_SUN":null,"FAC_TYPE":null,"RTE_1HR":null,"RTE_2HR":null,"RTE_3HR":null,"RTE_ALLDAY":null,"DISABLED":null,"OP_NAME":null,"OP_PHONE":null,"OP_PHONE2":null,"OP_WEB":null,"PAYMENT_TYPE":null,"OTHER":"N","WEBNAME":null,"REGIONID":null,"OUTOFSERV":null,"VACANT":null,"STATUS":null,"DATETIME":null,"SE_ANNO_CAD_DATA":"","SIGNID":null,"GlobalID":"24e435cd-1159-4a6c-9c9b-8ca8332abd6f"}},{"type":"Feature","id":230279,"geometry":{"type":"Point","coordinates":[-122.338785497878,47.6102973076255]},"properties":{"OBJECTID":230279,"BUSLIC_ID":428703,"BUSLIC_LOCATION_ID":520699,"DEA_FACILITY_OWNER":null,"DEA_FACILITY_NAME":"HEDREEN LLC","DEA_BUSINESS_CONTACT":"CYPRESS PARTNERS LTD","DEA_BUSINESS_PHONE":"2066248909           ","DEA_FACILITY_ADDRESS":"217 PINE ST # 200, SEATTLE, WA 98101","DEA_STALLS":0,"FAC_NAME":"HEDREEN LLC","HRS_MONFRI":null,"HRS_SAT":null,"HRS_SUN":null,"FAC_TYPE":null,"RTE_1HR":null,"RTE_2HR":null,"RTE_3HR":null,"RTE_ALLDAY":null,"DISABLED":null,"OP_NAME":null,"OP_PHONE":null,"OP_PHONE2":null,"OP_WEB":null,"PAYMENT_TYPE":null,"OTHER":"N","WEBNAME":null,"REGIONID":null,"OUTOFSERV":null,"VACANT":null,"STATUS":null,"DATETIME":null,"SE_ANNO_CAD_DATA":"","SIGNID":null,"GlobalID":"753f1068-86e1-4252-9b8e-7608d8cb94a2"}},{"type":"Feature","id":230280,"geometry":{"type":"Point","coordinates":[-122.337453290315,47.6102213836147]},"properties":{"OBJECTID":230280,"BUSLIC_ID":544792,"BUSLIC_LOCATION_ID":603197,"DEA_FACILITY_OWNER":null,"DEA_FACILITY_NAME":"REPUBLIC PARKING  534","DEA_BUSINESS_CONTACT":"GARY BECK","DEA_BUSINESS_PHONE":"2067834144           ","DEA_FACILITY_ADDRESS":"1501 4TH AVE AV, SEATTLE, WA 98101","DEA_STALLS":264,"FAC_NAME":"REPUBLIC PARKING  534","HRS_MONFRI":null,"HRS_SAT":null,"HRS_SUN":null,"FAC_TYPE":null,"RTE_1HR":null,"RTE_2HR":null,"RTE_3HR":null,"RTE_ALLDAY":null,"DISABLED":null,"OP_NAME":null,"OP_PHONE":null,"OP_PHONE2":null,"OP_WEB":null,"PAYMENT_TYPE":null,"OTHER":"N","WEBNAME":null,"REGIONID":null,"OUTOFSERV":null,"VACANT":null,"STATUS":null,"DATETIME":null,"SE_ANNO_CAD_DATA":"","SIGNID":null,"GlobalID":"21a0ba0e-320d-4251-945f-593d59faeaf0"}},{"type":"Feature","id":230281,"geometry":{"type":"Point","coordinates":[-122.338840758482,47.6087020230833]},"properties":{"OBJECTID":230281,"BUSLIC_ID":725393,"BUSLIC_LOCATION_ID":733680,"DEA_FACILITY_OWNER":null,"DEA_FACILITY_NAME":"UNITED PARKING INC 4427","DEA_BUSINESS_CONTACT":"JONATHAN DIAMOND","DEA_BUSINESS_PHONE":"2062843100           ","DEA_FACILITY_ADDRESS":"1401 2ND AVE, SEATTLE, WA 98101","DEA_STALLS":184,"FAC_NAME":"UNITED PARKING INC 4427","HRS_MONFRI":null,"HRS_SAT":null,"HRS_SUN":null,"FAC_TYPE":null,"RTE_1HR":null,"RTE_2HR":null,"RTE_3HR":null,"RTE_ALLDAY":null,"DISABLED":null,"OP_NAME":null,"OP_PHONE":null,"OP_PHONE2":null,"OP_WEB":null,"PAYMENT_TYPE":null,"OTHER":"N","WEBNAME":null,"REGIONID":null,"OUTOFSERV":null,"VACANT":null,"STATUS":null,"DATETIME":null,"SE_ANNO_CAD_DATA":"","SIGNID":null,"GlobalID":"ca921981-0fb4-4bf5-a520-c6bfa3c04054"}},{"type":"Feature","id":230282,"geometry":{"type":"Point","coordinates":[-122.337768191315,47.6074014426091]},"properties":{"OBJECTID":230282,"BUSLIC_ID":558505,"BUSLIC_LOCATION_ID":613240,"DEA_FACILITY_OWNER":null,"DEA_FACILITY_NAME":"REPUBLIC PARKING 529 WAMU CENTER","DEA_BUSINESS_CONTACT":"GARY BECK","DEA_BUSINESS_PHONE":"2067834144           ","DEA_FACILITY_ADDRESS":"1301 2ND AVE, SEATTLE, WA 98101","DEA_STALLS":698,"FAC_NAME":"REPUBLIC PARKING 529 WAMU CENTER","HRS_MONFRI":null,"HRS_SAT":null,"HRS_SUN":null,"FAC_TYPE":null,"RTE_1HR":null,"RTE_2HR":null,"RTE_3HR":null,"RTE_ALLDAY":null,"DISABLED":null,"OP_NAME":null,"OP_PHONE":null,"OP_PHONE2":null,"OP_WEB":null,"PAYMENT_TYPE":null,"OTHER":"N","WEBNAME":null,"REGIONID":null,"OUTOFSERV":null,"VACANT":null,"STATUS":null,"DATETIME":null,"SE_ANNO_CAD_DATA":"","SIGNID":null,"GlobalID":"6b126485-c39d-4ae2-9c6d-e314d611a94b"}},{"type":"Feature","id":230283,"geometry":{"type":"Point","coordinates":[-122.336106735509,47.6072319073209]},"properties":{"OBJECTID":230283,"BUSLIC_ID":2282,"BUSLIC_LOCATION_ID":1807,"DEA_FACILITY_OWNER":null,"DEA_FACILITY_NAME":"STATION 244","DEA_BUSINESS_CONTACT":"BOB TURLEY","DEA_BUSINESS_PHONE":"2062843100           ","DEA_FACILITY_ADDRESS":"1201 3RD AVE, SEATTLE, WA 98101","DEA_STALLS":808,"FAC_NAME":"STATION 244","HRS_MONFRI":null,"HRS_SAT":null,"HRS_SUN":null,"FAC_TYPE":null,"RTE_1HR":null,"RTE_2HR":null,"RTE_3HR":null,"RTE_ALLDAY":null,"DISABLED":null,"OP_NAME":null,"OP_PHONE":null,"OP_PHONE2":null,"OP_WEB":null,"PAYMENT_TYPE":null,"OTHER":"N","WEBNAME":null,"REGIONID":null,"OUTOFSERV":null,"VACANT":null,"STATUS":null,"DATETIME":null,"SE_ANNO_CAD_DATA":"","SIGNID":null,"GlobalID":"0d159566-cfb8-4849-9c34-e6b8491459fa"}},{"type":"Feature","id":230284,"geometry":{"type":"Point","coordinates":[-122.340376320651,47.6070340900957]},"properties":{"OBJECTID":230284,"BUSLIC_ID":656388,"BUSLIC_LOCATION_ID":683126,"DEA_FACILITY_OWNER":null,"DEA_FACILITY_NAME":"DIAMOND PARKING  A451","DEA_BUSINESS_CONTACT":"JONATHAN DIAMOND","DEA_BUSINESS_PHONE":"2062843100           ","DEA_FACILITY_ADDRESS":"1334 ALASKAN WAY, SEATTLE, WA 98101","DEA_STALLS":8,"FAC_NAME":"DIAMOND PARKING  A451","HRS_MONFRI":null,"HRS_SAT":null,"HRS_SUN":null,"FAC_TYPE":null,"RTE_1HR":null,"RTE_2HR":null,"RTE_3HR":null,"RTE_ALLDAY":null,"DISABLED":null,"OP_NAME":null,"OP_PHONE":null,"OP_PHONE2":null,"OP_WEB":null,"PAYMENT_TYPE":null,"OTHER":"N","WEBNAME":null,"REGIONID":null,"OUTOFSERV":null,"VACANT":null,"STATUS":null,"DATETIME":null,"SE_ANNO_CAD_DATA":"","SIGNID":null,"GlobalID":"9debfc85-fc22-4f31-bf64-89c543143802"}},{"type":"Feature","id":230285,"geometry":{"type":"Point","coordinates":[-122.335807116375,47.6064171198114]},"properties":{"OBJECTID":230285,"BUSLIC_ID":669708,"BUSLIC_LOCATION_ID":692709,"DEA_FACILITY_OWNER":null,"DEA_FACILITY_NAME":"ACE PARKING LOT 3274 2ND & SPRING GARAGE","DEA_BUSINESS_CONTACT":"KEITH JONES","DEA_BUSINESS_PHONE":"6192336624           ","DEA_FACILITY_ADDRESS":"1100 2ND AVE, SEATTLE, WA 98101","DEA_STALLS":69,"FAC_NAME":"ACE PARKING LOT 3274 2ND & SPRING GARAGE","HRS_MONFRI":null,"HRS_SAT":null,"HRS_SUN":null,"FAC_TYPE":null,"RTE_1HR":null,"RTE_2HR":null,"RTE_3HR":null,"RTE_ALLDAY":null,"DISABLED":null,"OP_NAME":null,"OP_PHONE":null,"OP_PHONE2":null,"OP_WEB":null,"PAYMENT_TYPE":null,"OTHER":"N","WEBNAME":null,"REGIONID":null,"OUTOFSERV":null,"VACANT":null,"STATUS":null,"DATETIME":null,"SE_ANNO_CAD_DATA":"","SIGNID":null,"GlobalID":"213b957c-dba7-4fde-87e4-a330d9698f93"}},{"type":"Feature","id":230286,"geometry":{"type":"Point","coordinates":[-122.333879387102,47.6061472204962]},"properties":{"OBJECTID":230286,"BUSLIC_ID":716838,"BUSLIC_LOCATION_ID":726757,"DEA_FACILITY_OWNER":null,"DEA_FACILITY_NAME":"ABM PARKING 7018","DEA_BUSINESS_CONTACT":null,"DEA_BUSINESS_PHONE":"2062670446           ","DEA_FACILITY_ADDRESS":"1001 4TH AVE, SEATTLE, WA 98104","DEA_STALLS":590,"FAC_NAME":"ABM PARKING 7018","HRS_MONFRI":null,"HRS_SAT":null,"HRS_SUN":null,"FAC_TYPE":null,"RTE_1HR":null,"RTE_2HR":null,"RTE_3HR":null,"RTE_ALLDAY":null,"DISABLED":null,"OP_NAME":null,"OP_PHONE":null,"OP_PHONE2":null,"OP_WEB":null,"PAYMENT_TYPE":null,"OTHER":"N","WEBNAME":null,"REGIONID":null,"OUTOFSERV":null,"VACANT":null,"STATUS":null,"DATETIME":null,"SE_ANNO_CAD_DATA":"","SIGNID":null,"GlobalID":"cd6de46f-53fa-4d9f-9468-c518b7a341a9"}},{"type":"Feature","id":230287,"geometry":{"type":"Point","coordinates":[-122.334467445302,47.6036964228949]},"properties":{"OBJECTID":230287,"BUSLIC_ID":604038,"BUSLIC_LOCATION_ID":646200,"DEA_FACILITY_OWNER":null,"DEA_FACILITY_NAME":"IPM  39 NORTON BUILDING","DEA_BUSINESS_CONTACT":"JOAN SUNDBERG","DEA_BUSINESS_PHONE":"2062540811           ","DEA_FACILITY_ADDRESS":"800 1ST AVE, SEATTLE, WA 98104","DEA_STALLS":289,"FAC_NAME":"IPM  39 NORTON BUILDING","HRS_MONFRI":null,"HRS_SAT":null,"HRS_SUN":null,"FAC_TYPE":null,"RTE_1HR":null,"RTE_2HR":null,"RTE_3HR":null,"RTE_ALLDAY":null,"DISABLED":null,"OP_NAME":null,"OP_PHONE":null,"OP_PHONE2":null,"OP_WEB":null,"PAYMENT_TYPE":null,"OTHER":"N","WEBNAME":null,"REGIONID":null,"OUTOFSERV":null,"VACANT":null,"STATUS":null,"DATETIME":null,"SE_ANNO_CAD_DATA":"","SIGNID":null,"GlobalID":"06753026-1d4e-45ba-9e3f-470741649cda"}},{"type":"Feature","id":230288,"geometry":{"type":"Point","coordinates":[-122.339192241601,47.6101386197772]},"properties":{"OBJECTID":230288,"BUSLIC_ID":641394,"BUSLIC_LOCATION_ID":671823,"DEA_FACILITY_OWNER":null,"DEA_FACILITY_NAME":"DIAMOND PARKING  A431","DEA_BUSINESS_CONTACT":"JONATHAN DIAMOND","DEA_BUSINESS_PHONE":"2062843100           ","DEA_FACILITY_ADDRESS":"1526 2ND AVE, SEATTLE, WA 98101","DEA_STALLS":25,"FAC_NAME":"DIAMOND PARKING  A431","HRS_MONFRI":null,"HRS_SAT":null,"HRS_SUN":null,"FAC_TYPE":null,"RTE_1HR":null,"RTE_2HR":null,"RTE_3HR":null,"RTE_ALLDAY":null,"DISABLED":null,"OP_NAME":null,"OP_PHONE":null,"OP_PHONE2":null,"OP_WEB":null,"PAYMENT_TYPE":null,"OTHER":"N","WEBNAME":null,"REGIONID":null,"OUTOFSERV":null,"VACANT":null,"STATUS":null,"DATETIME":null,"SE_ANNO_CAD_DATA":"","SIGNID":null,"GlobalID":"a97573f2-b856-4819-b033-22c8b60c2121"}},{"type":"Feature","id":230289,"geometry":{"type":"Point","coordinates":[-122.339431915131,47.6086693519349]},"properties":{"OBJECTID":230289,"BUSLIC_ID":4996,"BUSLIC_LOCATION_ID":4194,"DEA_FACILITY_OWNER":null,"DEA_FACILITY_NAME":"METRO PARKING INC","DEA_BUSINESS_CONTACT":"DEBRA MUSCATEL","DEA_BUSINESS_PHONE":"4258682143           ","DEA_FACILITY_ADDRESS":"1430 1ST AVE, SEATTLE, WA 98101-2004","DEA_STALLS":44,"FAC_NAME":"METRO PARKING INC","HRS_MONFRI":null,"HRS_SAT":null,"HRS_SUN":null,"FAC_TYPE":null,"RTE_1HR":null,"RTE_2HR":null,"RTE_3HR":null,"RTE_ALLDAY":null,"DISABLED":null,"OP_NAME":null,"OP_PHONE":null,"OP_PHONE2":null,"OP_WEB":null,"PAYMENT_TYPE":null,"OTHER":"N","WEBNAME":null,"REGIONID":null,"OUTOFSERV":null,"VACANT":null,"STATUS":null,"DATETIME":null,"SE_ANNO_CAD_DATA":"","SIGNID":null,"GlobalID":"370d3693-3d4b-4753-9f60-f97a236c763d"}},{"type":"Feature","id":230290,"geometry":{"type":"Point","coordinates":[-122.339431915131,47.6086693519349]},"properties":{"OBJECTID":230290,"BUSLIC_ID":4996,"BUSLIC_LOCATION_ID":4194,"DEA_FACILITY_OWNER":null,"DEA_FACILITY_NAME":"METRO PARKING INC","DEA_BUSINESS_CONTACT":"DEBRA MUSCATEL","DEA_BUSINESS_PHONE":"2066229180           ","DEA_FACILITY_ADDRESS":"1430 1ST AVE, SEATTLE, WA 98101-2004","DEA_STALLS":44,"FAC_NAME":"METRO PARKING INC","HRS_MONFRI":null,"HRS_SAT":null,"HRS_SUN":null,"FAC_TYPE":null,"RTE_1HR":null,"RTE_2HR":null,"RTE_3HR":null,"RTE_ALLDAY":null,"DISABLED":null,"OP_NAME":null,"OP_PHONE":null,"OP_PHONE2":null,"OP_WEB":null,"PAYMENT_TYPE":null,"OTHER":"N","WEBNAME":null,"REGIONID":null,"OUTOFSERV":null,"VACANT":null,"STATUS":null,"DATETIME":null,"SE_ANNO_CAD_DATA":"","SIGNID":null,"GlobalID":"7c2da55f-af4d-4ead-ad6e-b6773dd9f1af"}},{"type":"Feature","id":230291,"geometry":{"type":"Point","coordinates":[-122.337171259095,47.6079398471436]},"properties":{"OBJECTID":230291,"BUSLIC_ID":712644,"BUSLIC_LOCATION_ID":723319,"DEA_FACILITY_OWNER":null,"DEA_FACILITY_NAME":"IMPARK  146   BENAROYA HALL","DEA_BUSINESS_CONTACT":"EDWARD DANYLUK","DEA_BUSINESS_PHONE":"2063811789           ","DEA_FACILITY_ADDRESS":"200 UNIVERSITY ST, SEATTLE, WA 98101","DEA_STALLS":430,"FAC_NAME":"IMPARK  146   BENAROYA HALL","HRS_MONFRI":null,"HRS_SAT":null,"HRS_SUN":null,"FAC_TYPE":null,"RTE_1HR":null,"RTE_2HR":null,"RTE_3HR":null,"RTE_ALLDAY":null,"DISABLED":null,"OP_NAME":null,"OP_PHONE":null,"OP_PHONE2":null,"OP_WEB":null,"PAYMENT_TYPE":null,"OTHER":"N","WEBNAME":null,"REGIONID":null,"OUTOFSERV":null,"VACANT":null,"STATUS":null,"DATETIME":null,"SE_ANNO_CAD_DATA":"","SIGNID":null,"GlobalID":"51011891-0e25-4f03-a5d3-7b1975c16896"}},{"type":"Feature","id":230292,"geometry":{"type":"Point","coordinates":[-122.335819651758,47.6155472550747]},"properties":{"OBJECTID":230292,"BUSLIC_ID":738489,"BUSLIC_LOCATION_ID":743665,"DEA_FACILITY_OWNER":null,"DEA_FACILITY_NAME":"AMB INDUSTRY GROUP LLC","DEA_BUSINESS_CONTACT":null,"DEA_BUSINESS_PHONE":"2062670446           ","DEA_FACILITY_ADDRESS":"1918 8TH AVE, SEATTLE, WA 98101","DEA_STALLS":405,"FAC_NAME":"AMB INDUSTRY GROUP LLC","HRS_MONFRI":null,"HRS_SAT":null,"HRS_SUN":null,"FAC_TYPE":null,"RTE_1HR":null,"RTE_2HR":null,"RTE_3HR":null,"RTE_ALLDAY":null,"DISABLED":null,"OP_NAME":null,"OP_PHONE":null,"OP_PHONE2":null,"OP_WEB":null,"PAYMENT_TYPE":null,"OTHER":"N","WEBNAME":null,"REGIONID":null,"OUTOFSERV":null,"VACANT":null,"STATUS":null,"DATETIME":null,"SE_ANNO_CAD_DATA":"","SIGNID":null,"GlobalID":"48072c40-2a26-4e81-895e-df1499affa0d"}},{"type":"Feature","id":230293,"geometry":{"type":"Point","coordinates":[-122.344585637743,47.6152710634502]},"properties":{"OBJECTID":230293,"BUSLIC_ID":426744,"BUSLIC_LOCATION_ID":519369,"DEA_FACILITY_OWNER":null,"DEA_FACILITY_NAME":"REPUBLIC PARKING  155","DEA_BUSINESS_CONTACT":"GARY BECK","DEA_BUSINESS_PHONE":"2067834144           ","DEA_FACILITY_ADDRESS":"314 BELL ST, SEATTLE, WA 98121","DEA_STALLS":21,"FAC_NAME":"REPUBLIC PARKING  155","HRS_MONFRI":null,"HRS_SAT":null,"HRS_SUN":null,"FAC_TYPE":null,"RTE_1HR":null,"RTE_2HR":null,"RTE_3HR":null,"RTE_ALLDAY":null,"DISABLED":null,"OP_NAME":null,"OP_PHONE":null,"OP_PHONE2":null,"OP_WEB":null,"PAYMENT_TYPE":null,"OTHER":"N","WEBNAME":null,"REGIONID":null,"OUTOFSERV":null,"VACANT":null,"STATUS":null,"DATETIME":null,"SE_ANNO_CAD_DATA":"","SIGNID":null,"GlobalID":"31643125-da0c-4aba-8be6-2a07162905f9"}},{"type":"Feature","id":230294,"geometry":{"type":"Point","coordinates":[-122.338349417868,47.6152312928076]},"properties":{"OBJECTID":230294,"BUSLIC_ID":683409,"BUSLIC_LOCATION_ID":561451,"DEA_FACILITY_OWNER":null,"DEA_FACILITY_NAME":"DOPPLER 82568","DEA_BUSINESS_CONTACT":"BILL BEATTIE","DEA_BUSINESS_PHONE":"2066247040           ","DEA_FACILITY_ADDRESS":"2021 7TH AVE, SEATTLE, WA 98121-2601","DEA_STALLS":1067,"FAC_NAME":"DOPPLER 82568","HRS_MONFRI":null,"HRS_SAT":null,"HRS_SUN":null,"FAC_TYPE":null,"RTE_1HR":null,"RTE_2HR":null,"RTE_3HR":null,"RTE_ALLDAY":null,"DISABLED":null,"OP_NAME":null,"OP_PHONE":null,"OP_PHONE2":null,"OP_WEB":null,"PAYMENT_TYPE":null,"OTHER":"N","WEBNAME":null,"REGIONID":null,"OUTOFSERV":null,"VACANT":null,"STATUS":null,"DATETIME":null,"SE_ANNO_CAD_DATA":"","SIGNID":null,"GlobalID":"7804f310-e801-48e4-b0f8-7509006c852a"}},{"type":"Feature","id":230295,"geometry":{"type":"Point","coordinates":[-122.337481288352,47.6148702739772]},"properties":{"OBJECTID":230295,"BUSLIC_ID":517728,"BUSLIC_LOCATION_ID":582530,"DEA_FACILITY_OWNER":null,"DEA_FACILITY_NAME":"IPM METROPOLITAN TOWER","DEA_BUSINESS_CONTACT":"JOAN SUNDBERG","DEA_BUSINESS_PHONE":"2062540811           ","DEA_FACILITY_ADDRESS":"1942 WESTLAKE AVE, SEATTLE, WA 98101","DEA_STALLS":373,"FAC_NAME":"IPM METROPOLITAN TOWER","HRS_MONFRI":null,"HRS_SAT":null,"HRS_SUN":null,"FAC_TYPE":null,"RTE_1HR":null,"RTE_2HR":null,"RTE_3HR":null,"RTE_ALLDAY":null,"DISABLED":null,"OP_NAME":null,"OP_PHONE":null,"OP_PHONE2":null,"OP_WEB":null,"PAYMENT_TYPE":null,"OTHER":"N","WEBNAME":null,"REGIONID":null,"OUTOFSERV":null,"VACANT":null,"STATUS":null,"DATETIME":null,"SE_ANNO_CAD_DATA":"","SIGNID":null,"GlobalID":"e0d71f1f-7f2a-4b4c-9205-08545e55cad0"}},{"type":"Feature","id":230296,"geometry":{"type":"Point","coordinates":[-122.333993242536,47.6145643765929]},"properties":{"OBJECTID":230296,"BUSLIC_ID":738640,"BUSLIC_LOCATION_ID":743777,"DEA_FACILITY_OWNER":null,"DEA_FACILITY_NAME":"ACE MANAGEMENT HYATT REGENCY SEATTLE","DEA_BUSINESS_CONTACT":"KEITH JONES","DEA_BUSINESS_PHONE":"6192336624           ","DEA_FACILITY_ADDRESS":"808 HOWELL ST, SEATTLE, WA 98101","DEA_STALLS":498,"FAC_NAME":"ACE MANAGEMENT HYATT REGENCY SEATTLE","HRS_MONFRI":null,"HRS_SAT":null,"HRS_SUN":null,"FAC_TYPE":null,"RTE_1HR":null,"RTE_2HR":null,"RTE_3HR":null,"RTE_ALLDAY":null,"DISABLED":null,"OP_NAME":null,"OP_PHONE":null,"OP_PHONE2":null,"OP_WEB":null,"PAYMENT_TYPE":null,"OTHER":"N","WEBNAME":null,"REGIONID":null,"OUTOFSERV":null,"VACANT":null,"STATUS":null,"DATETIME":null,"SE_ANNO_CAD_DATA":"","SIGNID":null,"GlobalID":"bae0bcd6-fe3a-4b4f-a434-141c0a0cd830"}},{"type":"Feature","id":230297,"geometry":{"type":"Point","coordinates":[-122.339556996543,47.6144871054869]},"properties":{"OBJECTID":230297,"BUSLIC_ID":628780,"BUSLIC_LOCATION_ID":663740,"DEA_FACILITY_OWNER":null,"DEA_FACILITY_NAME":"IMPARK 112","DEA_BUSINESS_CONTACT":"EDWARD DANYLUK","DEA_BUSINESS_PHONE":"2063811789           ","DEA_FACILITY_ADDRESS":"2020 5TH AVE, SEATTLE, WA 98121","DEA_STALLS":74,"FAC_NAME":"IMPARK 112","HRS_MONFRI":null,"HRS_SAT":null,"HRS_SUN":null,"FAC_TYPE":null,"RTE_1HR":null,"RTE_2HR":null,"RTE_3HR":null,"RTE_ALLDAY":null,"DISABLED":null,"OP_NAME":null,"OP_PHONE":null,"OP_PHONE2":null,"OP_WEB":null,"PAYMENT_TYPE":null,"OTHER":"N","WEBNAME":null,"REGIONID":null,"OUTOFSERV":null,"VACANT":null,"STATUS":null,"DATETIME":null,"SE_ANNO_CAD_DATA":"","SIGNID":null,"GlobalID":"0f026ca6-f8bc-4844-8eb2-c13bd078439d"}},{"type":"Feature","id":230298,"geometry":{"type":"Point","coordinates":[-122.339556996543,47.6144871054869]},"properties":{"OBJECTID":230298,"BUSLIC_ID":727637,"BUSLIC_LOCATION_ID":663740,"DEA_FACILITY_OWNER":null,"DEA_FACILITY_NAME":"IMPARK 112","DEA_BUSINESS_CONTACT":"EDWARD DANYLUK","DEA_BUSINESS_PHONE":"2063811789           ","DEA_FACILITY_ADDRESS":"2020 5TH AVE, SEATTLE, WA 98121","DEA_STALLS":74,"FAC_NAME":"IMPARK 112","HRS_MONFRI":null,"HRS_SAT":null,"HRS_SUN":null,"FAC_TYPE":null,"RTE_1HR":null,"RTE_2HR":null,"RTE_3HR":null,"RTE_ALLDAY":null,"DISABLED":null,"OP_NAME":null,"OP_PHONE":null,"OP_PHONE2":null,"OP_WEB":null,"PAYMENT_TYPE":null,"OTHER":"N","WEBNAME":null,"REGIONID":null,"OUTOFSERV":null,"VACANT":null,"STATUS":null,"DATETIME":null,"SE_ANNO_CAD_DATA":"","SIGNID":null,"GlobalID":"9a463748-7ae3-47a3-828a-6ce82366f9cb"}},{"type":"Feature","id":230299,"geometry":{"type":"Point","coordinates":[-122.334853053214,47.61417895605]},"properties":{"OBJECTID":230299,"BUSLIC_ID":727576,"BUSLIC_LOCATION_ID":735385,"DEA_FACILITY_OWNER":null,"DEA_FACILITY_NAME":"DIAMOND PARKING 0668","DEA_BUSINESS_CONTACT":"BOB TURLEY","DEA_BUSINESS_PHONE":"2064367204           ","DEA_FACILITY_ADDRESS":"720 OLIVE WAY, SEATTLE, WA 98121","DEA_STALLS":212,"FAC_NAME":"DIAMOND PARKING 0668","HRS_MONFRI":null,"HRS_SAT":null,"HRS_SUN":null,"FAC_TYPE":null,"RTE_1HR":null,"RTE_2HR":null,"RTE_3HR":null,"RTE_ALLDAY":null,"DISABLED":null,"OP_NAME":null,"OP_PHONE":null,"OP_PHONE2":null,"OP_WEB":null,"PAYMENT_TYPE":null,"OTHER":"N","WEBNAME":null,"REGIONID":null,"OUTOFSERV":null,"VACANT":null,"STATUS":null,"DATETIME":null,"SE_ANNO_CAD_DATA":"","SIGNID":null,"GlobalID":"984f26b7-dd17-44b3-8395-7c798c2b968a"}},{"type":"Feature","id":230300,"geometry":{"type":"Point","coordinates":[-122.339131786534,47.6140900763223]},"properties":{"OBJECTID":230300,"BUSLIC_ID":445067,"BUSLIC_LOCATION_ID":530470,"DEA_FACILITY_OWNER":null,"DEA_FACILITY_NAME":"IMPARK  3","DEA_BUSINESS_CONTACT":"EDWARD DANYLUK","DEA_BUSINESS_PHONE":"2063811789           ","DEA_FACILITY_ADDRESS":"2010 5TH AVE, SEATTLE, WA 98121","DEA_STALLS":388,"FAC_NAME":"IMPARK  3","HRS_MONFRI":null,"HRS_SAT":null,"HRS_SUN":null,"FAC_TYPE":null,"RTE_1HR":null,"RTE_2HR":null,"RTE_3HR":null,"RTE_ALLDAY":null,"DISABLED":null,"OP_NAME":null,"OP_PHONE":null,"OP_PHONE2":null,"OP_WEB":null,"PAYMENT_TYPE":null,"OTHER":"N","WEBNAME":null,"REGIONID":null,"OUTOFSERV":null,"VACANT":null,"STATUS":null,"DATETIME":null,"SE_ANNO_CAD_DATA":"","SIGNID":null,"GlobalID":"ee528896-2a6b-4dd4-8e21-a1771c209428"}}]}